{
    "components non weights": {
        "cost_dispersion": 20.0,
        "cost_distance_glasses": 1.0,
        "cost_deviation": 1e-05,
        "cost_distorsion": 1.0,
        "cost_thickness": 1.0,
        "cost_beam_compression": 1.0,
        "cost_non_linearity": 1.0,
        "cost_distance_total_intern_reflection": 1.0
    },
    "components with weights": {
        "cost_dispersion": 1.4810402393341064,
        "cost_distance_glasses": 815.846252521773,
        "cost_deviation": 8108359.0,
        "cost_distorsion": 11775.998046875,
        "cost_thickness": 3851.896484375,
        "cost_beam_compression": 1.7284905910491943,
        "cost_non_linearity": 957.6210327148438,
        "cost_distance_total_intern_reflection": 16391.056640625
    },
    "weighted components": {
        "cost_dispersion": 29.620803833007812,
        "cost_distance_glasses": 815.846252521773,
        "cost_deviation": 81.08358764648438,
        "cost_distorsion": 11775.998046875,
        "cost_thickness": 3851.896484375,
        "cost_beam_compression": 1.7284905910491943,
        "cost_non_linearity": 957.6210327148438,
        "cost_distance_total_intern_reflection": 16391.056640625
    }
}