{
    "components non weights": {
        "cost_dispersion": 20.0,
        "cost_distance_glasses": 1.0,
        "cost_deviation": 1e-05,
        "cost_distorsion": 1.0,
        "cost_thickness": 1.0,
        "cost_beam_compression": 1.0,
        "cost_non_linearity": 1.0,
        "cost_distance_total_intern_reflection": 1.0
    },
    "components with weights": {
        "cost_dispersion": 8.93748664855957,
        "cost_distance_glasses": 2729.41392627115,
        "cost_deviation": 8101678.5,
        "cost_distorsion": 13304.02734375,
        "cost_thickness": 3843.893798828125,
        "cost_beam_compression": 1.7381328344345093,
        "cost_non_linearity": 954.3167724609375,
        "cost_distance_total_intern_reflection": 16326.7353515625
    },
    "weighted components": {
        "cost_dispersion": 178.74972534179688,
        "cost_distance_glasses": 2729.41392627115,
        "cost_deviation": 81.01678466796875,
        "cost_distorsion": 13304.02734375,
        "cost_thickness": 3843.893798828125,
        "cost_beam_compression": 1.7381328344345093,
        "cost_non_linearity": 954.3167724609375,
        "cost_distance_total_intern_reflection": 16326.7353515625
    }
}