{
    "components non weights": {
        "cost_dispersion": 20.0,
        "cost_distance_glasses": 1.0,
        "cost_deviation": 1e-05,
        "cost_distorsion": 1.0,
        "cost_thickness": 1.0,
        "cost_beam_compression": 1.0,
        "cost_non_linearity": 1.0,
        "cost_distance_total_intern_reflection": 1.0
    },
    "components with weights": {
        "cost_dispersion": 0.3929171562194824,
        "cost_distance_glasses": 746.8461338214244,
        "cost_deviation": 8109865.0,
        "cost_distorsion": 11940.662109375,
        "cost_thickness": 3856.91796875,
        "cost_beam_compression": 1.7278540134429932,
        "cost_non_linearity": 958.6236572265625,
        "cost_distance_total_intern_reflection": 16405.705078125
    },
    "weighted components": {
        "cost_dispersion": 7.858343124389648,
        "cost_distance_glasses": 746.8461338214244,
        "cost_deviation": 81.09864807128906,
        "cost_distorsion": 11940.662109375,
        "cost_thickness": 3856.91796875,
        "cost_beam_compression": 1.7278540134429932,
        "cost_non_linearity": 958.6236572265625,
        "cost_distance_total_intern_reflection": 16405.705078125
    }
}