{
    "components non weights": {
        "cost_dispersion": 20.0,
        "cost_distance_glasses": 1.0,
        "cost_deviation": 1e-05,
        "cost_distorsion": 1.0,
        "cost_thickness": 1.0,
        "cost_beam_compression": 1.0,
        "cost_non_linearity": 1.0,
        "cost_distance_total_intern_reflection": 1.0
    },
    "components with weights": {
        "cost_dispersion": 51.21540832519531,
        "cost_distance_glasses": 240.76230263116167,
        "cost_deviation": 8151890.5,
        "cost_distorsion": 17317.28125,
        "cost_thickness": 3907.407470703125,
        "cost_beam_compression": 1.7101842164993286,
        "cost_non_linearity": 973.39990234375,
        "cost_distance_total_intern_reflection": 16627.953125
    },
    "weighted components": {
        "cost_dispersion": 1024.30810546875,
        "cost_distance_glasses": 240.76230263116167,
        "cost_deviation": 81.51890563964844,
        "cost_distorsion": 17317.28125,
        "cost_thickness": 3907.407470703125,
        "cost_beam_compression": 1.7101842164993286,
        "cost_non_linearity": 973.39990234375,
        "cost_distance_total_intern_reflection": 16627.953125
    }
}