{
    "components non weights": {
        "cost_dispersion": 20.0,
        "cost_distance_glasses": 1.0,
        "cost_deviation": 1e-05,
        "cost_distorsion": 1.0,
        "cost_thickness": 1.0,
        "cost_beam_compression": 1.0,
        "cost_non_linearity": 1.0,
        "cost_distance_total_intern_reflection": 1.0
    },
    "components with weights": {
        "cost_dispersion": 2978.318603515625,
        "cost_distance_glasses": 220280.31113853614,
        "cost_deviation": 7590660.0,
        "cost_distorsion": 32159.15625,
        "cost_thickness": 3773.260498046875,
        "cost_beam_compression": 1.7826277017593384,
        "cost_non_linearity": 859.411865234375,
        "cost_distance_total_intern_reflection": 15518.1142578125
    },
    "weighted components": {
        "cost_dispersion": 59566.37109375,
        "cost_distance_glasses": 220280.31113853614,
        "cost_deviation": 75.90660095214844,
        "cost_distorsion": 32159.15625,
        "cost_thickness": 3773.260498046875,
        "cost_beam_compression": 1.7826277017593384,
        "cost_non_linearity": 859.411865234375,
        "cost_distance_total_intern_reflection": 15518.1142578125
    }
}