{
    "components non weights": {
        "cost_dispersion": 20.0,
        "cost_distance_glasses": 1.0,
        "cost_deviation": 1e-05,
        "cost_distorsion": 1.0,
        "cost_thickness": 1.0,
        "cost_beam_compression": 1.0,
        "cost_non_linearity": 1.0,
        "cost_distance_total_intern_reflection": 1.0
    },
    "components with weights": {
        "cost_dispersion": 2.1597373485565186,
        "cost_distance_glasses": 1043.9136392392807,
        "cost_deviation": 8109175.5,
        "cost_distorsion": 11858.8017578125,
        "cost_thickness": 3847.301025390625,
        "cost_beam_compression": 1.7283743619918823,
        "cost_non_linearity": 957.1097412109375,
        "cost_distance_total_intern_reflection": 16382.7568359375
    },
    "weighted components": {
        "cost_dispersion": 43.19474792480469,
        "cost_distance_glasses": 1043.9136392392807,
        "cost_deviation": 81.09175109863281,
        "cost_distorsion": 11858.8017578125,
        "cost_thickness": 3847.301025390625,
        "cost_beam_compression": 1.7283743619918823,
        "cost_non_linearity": 957.1097412109375,
        "cost_distance_total_intern_reflection": 16382.7568359375
    }
}