{
    "components non weights": {
        "cost_dispersion": 20.0,
        "cost_distance_glasses": 1.0,
        "cost_deviation": 1e-05,
        "cost_distorsion": 1.0,
        "cost_thickness": 1.0,
        "cost_beam_compression": 1.0,
        "cost_non_linearity": 1.0,
        "cost_distance_total_intern_reflection": 1.0
    },
    "components with weights": {
        "cost_dispersion": 1.530620813369751,
        "cost_distance_glasses": 1158.9979949181209,
        "cost_deviation": 8109950.0,
        "cost_distorsion": 11726.45703125,
        "cost_thickness": 3848.65234375,
        "cost_beam_compression": 1.727687120437622,
        "cost_non_linearity": 957.708740234375,
        "cost_distance_total_intern_reflection": 16389.26171875
    },
    "weighted components": {
        "cost_dispersion": 30.612415313720703,
        "cost_distance_glasses": 1158.9979949181209,
        "cost_deviation": 81.09949493408203,
        "cost_distorsion": 11726.45703125,
        "cost_thickness": 3848.65234375,
        "cost_beam_compression": 1.727687120437622,
        "cost_non_linearity": 957.708740234375,
        "cost_distance_total_intern_reflection": 16389.26171875
    }
}