{
    "components non weights": {
        "cost_dispersion": 20.0,
        "cost_distance_glasses": 1.0,
        "cost_deviation": 1e-05,
        "cost_distorsion": 1.0,
        "cost_thickness": 1.0,
        "cost_beam_compression": 1.0,
        "cost_non_linearity": 1.0,
        "cost_distance_total_intern_reflection": 1.0
    },
    "components with weights": {
        "cost_dispersion": 12240.1865234375,
        "cost_distance_glasses": 0.0,
        "cost_deviation": 6837259.5,
        "cost_distorsion": 19299.373046875,
        "cost_thickness": 3807.7177734375,
        "cost_beam_compression": 1.6249418258666992,
        "cost_non_linearity": 761.0279541015625,
        "cost_distance_total_intern_reflection": 15509.056640625
    },
    "weighted components": {
        "cost_dispersion": 244803.734375,
        "cost_distance_glasses": 0.0,
        "cost_deviation": 68.37259674072266,
        "cost_distorsion": 19299.373046875,
        "cost_thickness": 3807.7177734375,
        "cost_beam_compression": 1.6249418258666992,
        "cost_non_linearity": 761.0279541015625,
        "cost_distance_total_intern_reflection": 15509.056640625
    }
}