{
    "components non weights": {
        "cost_dispersion": 20.0,
        "cost_distance_glasses": 1.0,
        "cost_deviation": 1e-05,
        "cost_distorsion": 1.0,
        "cost_thickness": 1.0,
        "cost_beam_compression": 1.0,
        "cost_non_linearity": 1.0,
        "cost_distance_total_intern_reflection": 1.0
    },
    "components with weights": {
        "cost_dispersion": 2.245973587036133,
        "cost_distance_glasses": 701.6171389670434,
        "cost_deviation": 8103118.0,
        "cost_distorsion": 11921.30859375,
        "cost_thickness": 3855.782470703125,
        "cost_beam_compression": 1.7297393083572388,
        "cost_non_linearity": 957.2318115234375,
        "cost_distance_total_intern_reflection": 16388.810546875
    },
    "weighted components": {
        "cost_dispersion": 44.919471740722656,
        "cost_distance_glasses": 701.6171389670434,
        "cost_deviation": 81.03118133544922,
        "cost_distorsion": 11921.30859375,
        "cost_thickness": 3855.782470703125,
        "cost_beam_compression": 1.7297393083572388,
        "cost_non_linearity": 957.2318115234375,
        "cost_distance_total_intern_reflection": 16388.810546875
    }
}