{
    "components non weights": {
        "cost_dispersion": 20.0,
        "cost_distance_glasses": 1.0,
        "cost_deviation": 1e-05,
        "cost_distorsion": 1.0,
        "cost_thickness": 1.0,
        "cost_beam_compression": 1.0,
        "cost_non_linearity": 1.0,
        "cost_distance_total_intern_reflection": 1.0
    },
    "components with weights": {
        "cost_dispersion": 1.448538064956665,
        "cost_distance_glasses": 771.3447418977202,
        "cost_deviation": 8105139.5,
        "cost_distorsion": 11769.4287109375,
        "cost_thickness": 3855.893798828125,
        "cost_beam_compression": 1.7287743091583252,
        "cost_non_linearity": 957.5993041992188,
        "cost_distance_total_intern_reflection": 16395.12109375
    },
    "weighted components": {
        "cost_dispersion": 28.970760345458984,
        "cost_distance_glasses": 771.3447418977202,
        "cost_deviation": 81.0513916015625,
        "cost_distorsion": 11769.4287109375,
        "cost_thickness": 3855.893798828125,
        "cost_beam_compression": 1.7287743091583252,
        "cost_non_linearity": 957.5993041992188,
        "cost_distance_total_intern_reflection": 16395.12109375
    }
}