{
    "components non weights": {
        "cost_dispersion": 20.0,
        "cost_distance_glasses": 1.0,
        "cost_deviation": 1e-05,
        "cost_distorsion": 1.0,
        "cost_thickness": 1.0,
        "cost_beam_compression": 1.0,
        "cost_non_linearity": 1.0,
        "cost_distance_total_intern_reflection": 1.0
    },
    "components with weights": {
        "cost_dispersion": 3.85677433013916,
        "cost_distance_glasses": 8226.592439148197,
        "cost_deviation": 8238914.0,
        "cost_distorsion": 12144.224609375,
        "cost_thickness": 3859.501708984375,
        "cost_beam_compression": 1.7449367046356201,
        "cost_non_linearity": 963.6943359375,
        "cost_distance_total_intern_reflection": 16458.388671875
    },
    "weighted components": {
        "cost_dispersion": 77.13548278808594,
        "cost_distance_glasses": 8226.592439148197,
        "cost_deviation": 82.3891372680664,
        "cost_distorsion": 12144.224609375,
        "cost_thickness": 3859.501708984375,
        "cost_beam_compression": 1.7449367046356201,
        "cost_non_linearity": 963.6943359375,
        "cost_distance_total_intern_reflection": 16458.388671875
    }
}