{
    "components non weights": {
        "cost_dispersion": 20.0,
        "cost_distance_glasses": 1.0,
        "cost_deviation": 1e-05,
        "cost_distorsion": 1.0,
        "cost_thickness": 1.0,
        "cost_beam_compression": 1.0,
        "cost_non_linearity": 1.0,
        "cost_distance_total_intern_reflection": 1.0
    },
    "components with weights": {
        "cost_dispersion": 2.4098470211029053,
        "cost_distance_glasses": 944.8861507412686,
        "cost_deviation": 8105659.0,
        "cost_distorsion": 11751.8486328125,
        "cost_thickness": 3848.97412109375,
        "cost_beam_compression": 1.727433204650879,
        "cost_non_linearity": 957.0308227539062,
        "cost_distance_total_intern_reflection": 16386.962890625
    },
    "weighted components": {
        "cost_dispersion": 48.19694137573242,
        "cost_distance_glasses": 944.8861507412686,
        "cost_deviation": 81.05658721923828,
        "cost_distorsion": 11751.8486328125,
        "cost_thickness": 3848.97412109375,
        "cost_beam_compression": 1.727433204650879,
        "cost_non_linearity": 957.0308227539062,
        "cost_distance_total_intern_reflection": 16386.962890625
    }
}