{
    "components non weights": {
        "cost_dispersion": 20.0,
        "cost_distance_glasses": 1.0,
        "cost_deviation": 1e-05,
        "cost_distorsion": 1.0,
        "cost_thickness": 1.0,
        "cost_beam_compression": 1.0,
        "cost_non_linearity": 1.0,
        "cost_distance_total_intern_reflection": 1.0
    },
    "components with weights": {
        "cost_dispersion": 4.803866386413574,
        "cost_distance_glasses": 810.6882907076052,
        "cost_deviation": 8133680.0,
        "cost_distorsion": 13218.7314453125,
        "cost_thickness": 3864.356201171875,
        "cost_beam_compression": 1.7239391803741455,
        "cost_non_linearity": 963.9356689453125,
        "cost_distance_total_intern_reflection": 16460.68359375
    },
    "weighted components": {
        "cost_dispersion": 96.07733154296875,
        "cost_distance_glasses": 810.6882907076052,
        "cost_deviation": 81.33679962158203,
        "cost_distorsion": 13218.7314453125,
        "cost_thickness": 3864.356201171875,
        "cost_beam_compression": 1.7239391803741455,
        "cost_non_linearity": 963.9356689453125,
        "cost_distance_total_intern_reflection": 16460.68359375
    }
}