{
    "components non weights": {
        "cost_dispersion": 20.0,
        "cost_distance_glasses": 1.0,
        "cost_deviation": 1e-05,
        "cost_distorsion": 1.0,
        "cost_thickness": 1.0,
        "cost_beam_compression": 1.0,
        "cost_non_linearity": 1.0,
        "cost_distance_total_intern_reflection": 1.0
    },
    "components with weights": {
        "cost_dispersion": 1.3640084266662598,
        "cost_distance_glasses": 1312.4247386952159,
        "cost_deviation": 8117217.0,
        "cost_distorsion": 11814.01953125,
        "cost_thickness": 3846.1787109375,
        "cost_beam_compression": 1.728806495666504,
        "cost_non_linearity": 957.7875366210938,
        "cost_distance_total_intern_reflection": 16386.1171875
    },
    "weighted components": {
        "cost_dispersion": 27.280168533325195,
        "cost_distance_glasses": 1312.4247386952159,
        "cost_deviation": 81.17216491699219,
        "cost_distorsion": 11814.01953125,
        "cost_thickness": 3846.1787109375,
        "cost_beam_compression": 1.728806495666504,
        "cost_non_linearity": 957.7875366210938,
        "cost_distance_total_intern_reflection": 16386.1171875
    }
}