{
    "components non weights": {
        "cost_dispersion": 20.0,
        "cost_distance_glasses": 1.0,
        "cost_deviation": 1e-05,
        "cost_distorsion": 1.0,
        "cost_thickness": 1.0,
        "cost_beam_compression": 1.0,
        "cost_non_linearity": 1.0,
        "cost_distance_total_intern_reflection": 1.0
    },
    "components with weights": {
        "cost_dispersion": 3.4459359645843506,
        "cost_distance_glasses": 591.8243066545452,
        "cost_deviation": 8095401.5,
        "cost_distorsion": 11735.703125,
        "cost_thickness": 3850.4189453125,
        "cost_beam_compression": 1.7259067296981812,
        "cost_non_linearity": 956.5408325195312,
        "cost_distance_total_intern_reflection": 16386.880859375
    },
    "weighted components": {
        "cost_dispersion": 68.91871643066406,
        "cost_distance_glasses": 591.8243066545452,
        "cost_deviation": 80.95401000976562,
        "cost_distorsion": 11735.703125,
        "cost_thickness": 3850.4189453125,
        "cost_beam_compression": 1.7259067296981812,
        "cost_non_linearity": 956.5408325195312,
        "cost_distance_total_intern_reflection": 16386.880859375
    }
}