{
    "components non weights": {
        "cost_dispersion": 20.0,
        "cost_distance_glasses": 1.0,
        "cost_deviation": 1e-05,
        "cost_distorsion": 1.0,
        "cost_thickness": 1.0,
        "cost_beam_compression": 1.0,
        "cost_non_linearity": 1.0,
        "cost_distance_total_intern_reflection": 1.0
    },
    "components with weights": {
        "cost_dispersion": 17.334333419799805,
        "cost_distance_glasses": 10.721303907269457,
        "cost_deviation": 8124604.0,
        "cost_distorsion": 16146.2939453125,
        "cost_thickness": 3889.396728515625,
        "cost_beam_compression": 1.709412932395935,
        "cost_non_linearity": 967.5952758789062,
        "cost_distance_total_intern_reflection": 16567.595703125
    },
    "weighted components": {
        "cost_dispersion": 346.6866760253906,
        "cost_distance_glasses": 10.721303907269457,
        "cost_deviation": 81.24604034423828,
        "cost_distorsion": 16146.2939453125,
        "cost_thickness": 3889.396728515625,
        "cost_beam_compression": 1.709412932395935,
        "cost_non_linearity": 967.5952758789062,
        "cost_distance_total_intern_reflection": 16567.595703125
    }
}