{
    "components non weights": {
        "cost_dispersion": 20.0,
        "cost_distance_glasses": 1.0,
        "cost_deviation": 1e-05,
        "cost_distorsion": 1.0,
        "cost_thickness": 1.0,
        "cost_beam_compression": 1.0,
        "cost_non_linearity": 1.0,
        "cost_distance_total_intern_reflection": 1.0
    },
    "components with weights": {
        "cost_dispersion": 422.6005554199219,
        "cost_distance_glasses": 1203.9066439545386,
        "cost_deviation": 8320619.0,
        "cost_distorsion": 19827.16796875,
        "cost_thickness": 3925.654296875,
        "cost_beam_compression": 1.7240279912948608,
        "cost_non_linearity": 999.145751953125,
        "cost_distance_total_intern_reflection": 16766.265625
    },
    "weighted components": {
        "cost_dispersion": 8452.0107421875,
        "cost_distance_glasses": 1203.9066439545386,
        "cost_deviation": 83.20618438720703,
        "cost_distorsion": 19827.16796875,
        "cost_thickness": 3925.654296875,
        "cost_beam_compression": 1.7240279912948608,
        "cost_non_linearity": 999.145751953125,
        "cost_distance_total_intern_reflection": 16766.265625
    }
}