{
    "components non weights": {
        "cost_dispersion": 20.0,
        "cost_distance_glasses": 1.0,
        "cost_deviation": 1e-05,
        "cost_distorsion": 1.0,
        "cost_thickness": 1.0,
        "cost_beam_compression": 1.0,
        "cost_non_linearity": 1.0,
        "cost_distance_total_intern_reflection": 1.0
    },
    "components with weights": {
        "cost_dispersion": 3.3144264221191406,
        "cost_distance_glasses": 729.5559364422808,
        "cost_deviation": 8100876.5,
        "cost_distorsion": 12074.1064453125,
        "cost_thickness": 3853.99658203125,
        "cost_beam_compression": 1.7303580045700073,
        "cost_non_linearity": 956.3265991210938,
        "cost_distance_total_intern_reflection": 16380.3125
    },
    "weighted components": {
        "cost_dispersion": 66.28852844238281,
        "cost_distance_glasses": 729.5559364422808,
        "cost_deviation": 81.0087661743164,
        "cost_distorsion": 12074.1064453125,
        "cost_thickness": 3853.99658203125,
        "cost_beam_compression": 1.7303580045700073,
        "cost_non_linearity": 956.3265991210938,
        "cost_distance_total_intern_reflection": 16380.3125
    }
}