{
    "components non weights": {
        "cost_dispersion": 20.0,
        "cost_distance_glasses": 1.0,
        "cost_deviation": 1e-05,
        "cost_distorsion": 1.0,
        "cost_thickness": 1.0,
        "cost_beam_compression": 1.0,
        "cost_non_linearity": 1.0,
        "cost_distance_total_intern_reflection": 1.0
    },
    "components with weights": {
        "cost_dispersion": 2.2932355403900146,
        "cost_distance_glasses": 193.48957835831754,
        "cost_deviation": 8102146.5,
        "cost_distorsion": 11974.51953125,
        "cost_thickness": 3857.94189453125,
        "cost_beam_compression": 1.7304420471191406,
        "cost_non_linearity": 957.0263671875,
        "cost_distance_total_intern_reflection": 16389.35546875
    },
    "weighted components": {
        "cost_dispersion": 45.86471176147461,
        "cost_distance_glasses": 193.48957835831754,
        "cost_deviation": 81.0214614868164,
        "cost_distorsion": 11974.51953125,
        "cost_thickness": 3857.94189453125,
        "cost_beam_compression": 1.7304420471191406,
        "cost_non_linearity": 957.0263671875,
        "cost_distance_total_intern_reflection": 16389.35546875
    }
}