{
    "components non weights": {
        "cost_dispersion": 20.0,
        "cost_distance_glasses": 1.0,
        "cost_deviation": 1e-05,
        "cost_distorsion": 1.0,
        "cost_thickness": 1.0,
        "cost_beam_compression": 1.0,
        "cost_non_linearity": 1.0,
        "cost_distance_total_intern_reflection": 1.0
    },
    "components with weights": {
        "cost_dispersion": 40.51543045043945,
        "cost_distance_glasses": 43.28712984533367,
        "cost_deviation": 8185956.5,
        "cost_distorsion": 13253.67578125,
        "cost_thickness": 3893.547607421875,
        "cost_beam_compression": 1.7371666431427002,
        "cost_non_linearity": 972.1258544921875,
        "cost_distance_total_intern_reflection": 16513.841796875
    },
    "weighted components": {
        "cost_dispersion": 810.30859375,
        "cost_distance_glasses": 43.28712984533367,
        "cost_deviation": 81.85956573486328,
        "cost_distorsion": 13253.67578125,
        "cost_thickness": 3893.547607421875,
        "cost_beam_compression": 1.7371666431427002,
        "cost_non_linearity": 972.1258544921875,
        "cost_distance_total_intern_reflection": 16513.841796875
    }
}