{
    "components non weights": {
        "cost_dispersion": 20.0,
        "cost_distance_glasses": 1.0,
        "cost_deviation": 1e-05,
        "cost_distorsion": 1.0,
        "cost_thickness": 1.0,
        "cost_beam_compression": 1.0,
        "cost_non_linearity": 1.0,
        "cost_distance_total_intern_reflection": 1.0
    },
    "components with weights": {
        "cost_dispersion": 1.0733182430267334,
        "cost_distance_glasses": 753.705307871734,
        "cost_deviation": 8106204.0,
        "cost_distorsion": 11779.80859375,
        "cost_thickness": 3856.429443359375,
        "cost_beam_compression": 1.7283821105957031,
        "cost_non_linearity": 958.050048828125,
        "cost_distance_total_intern_reflection": 16398.935546875
    },
    "weighted components": {
        "cost_dispersion": 21.466365814208984,
        "cost_distance_glasses": 753.705307871734,
        "cost_deviation": 81.0620346069336,
        "cost_distorsion": 11779.80859375,
        "cost_thickness": 3856.429443359375,
        "cost_beam_compression": 1.7283821105957031,
        "cost_non_linearity": 958.050048828125,
        "cost_distance_total_intern_reflection": 16398.935546875
    }
}