{
    "components non weights": {
        "cost_dispersion": 20.0,
        "cost_distance_glasses": 1.0,
        "cost_deviation": 1e-05,
        "cost_distorsion": 1.0,
        "cost_thickness": 1.0,
        "cost_beam_compression": 1.0,
        "cost_non_linearity": 1.0,
        "cost_distance_total_intern_reflection": 1.0
    },
    "components with weights": {
        "cost_dispersion": 1.6316070556640625,
        "cost_distance_glasses": 1110.3379542361065,
        "cost_deviation": 8109087.5,
        "cost_distorsion": 11741.736328125,
        "cost_thickness": 3848.872802734375,
        "cost_beam_compression": 1.7274701595306396,
        "cost_non_linearity": 957.5819702148438,
        "cost_distance_total_intern_reflection": 16389.833984375
    },
    "weighted components": {
        "cost_dispersion": 32.63214111328125,
        "cost_distance_glasses": 1110.3379542361065,
        "cost_deviation": 81.09087371826172,
        "cost_distorsion": 11741.736328125,
        "cost_thickness": 3848.872802734375,
        "cost_beam_compression": 1.7274701595306396,
        "cost_non_linearity": 957.5819702148438,
        "cost_distance_total_intern_reflection": 16389.833984375
    }
}