{
    "components non weights": {
        "cost_dispersion": 20.0,
        "cost_distance_glasses": 1.0,
        "cost_deviation": 1e-05,
        "cost_distorsion": 1.0,
        "cost_thickness": 1.0,
        "cost_beam_compression": 1.0,
        "cost_non_linearity": 1.0,
        "cost_distance_total_intern_reflection": 1.0
    },
    "components with weights": {
        "cost_dispersion": 0.2961421608924866,
        "cost_distance_glasses": 754.3668922050591,
        "cost_deviation": 8110361.5,
        "cost_distorsion": 12010.7685546875,
        "cost_thickness": 3856.912353515625,
        "cost_beam_compression": 1.7274147272109985,
        "cost_non_linearity": 959.0042114257812,
        "cost_distance_total_intern_reflection": 16408.046875
    },
    "weighted components": {
        "cost_dispersion": 5.922842979431152,
        "cost_distance_glasses": 754.3668922050591,
        "cost_deviation": 81.1036148071289,
        "cost_distorsion": 12010.7685546875,
        "cost_thickness": 3856.912353515625,
        "cost_beam_compression": 1.7274147272109985,
        "cost_non_linearity": 959.0042114257812,
        "cost_distance_total_intern_reflection": 16408.046875
    }
}