{
    "components non weights": {
        "cost_dispersion": 20.0,
        "cost_distance_glasses": 1.0,
        "cost_deviation": 1e-05,
        "cost_distorsion": 1.0,
        "cost_thickness": 1.0,
        "cost_beam_compression": 1.0,
        "cost_non_linearity": 1.0,
        "cost_distance_total_intern_reflection": 1.0
    },
    "components with weights": {
        "cost_dispersion": 0.8959251046180725,
        "cost_distance_glasses": 743.1215027441862,
        "cost_deviation": 8106921.5,
        "cost_distorsion": 11821.7109375,
        "cost_thickness": 3856.266845703125,
        "cost_beam_compression": 1.7281097173690796,
        "cost_non_linearity": 958.1856689453125,
        "cost_distance_total_intern_reflection": 16400.4375
    },
    "weighted components": {
        "cost_dispersion": 17.918502807617188,
        "cost_distance_glasses": 743.1215027441862,
        "cost_deviation": 81.0692138671875,
        "cost_distorsion": 11821.7109375,
        "cost_thickness": 3856.266845703125,
        "cost_beam_compression": 1.7281097173690796,
        "cost_non_linearity": 958.1856689453125,
        "cost_distance_total_intern_reflection": 16400.4375
    }
}