{
    "components non weights": {
        "cost_dispersion": 20.0,
        "cost_distance_glasses": 1.0,
        "cost_deviation": 1e-05,
        "cost_distorsion": 1.0,
        "cost_thickness": 1.0,
        "cost_beam_compression": 1.0,
        "cost_non_linearity": 1.0,
        "cost_distance_total_intern_reflection": 1.0
    },
    "components with weights": {
        "cost_dispersion": 3.3384714126586914,
        "cost_distance_glasses": 742.6150120295625,
        "cost_deviation": 8101850.5,
        "cost_distorsion": 11941.361328125,
        "cost_thickness": 3850.336181640625,
        "cost_beam_compression": 1.7287921905517578,
        "cost_non_linearity": 956.292236328125,
        "cost_distance_total_intern_reflection": 16380.3642578125
    },
    "weighted components": {
        "cost_dispersion": 66.76942443847656,
        "cost_distance_glasses": 742.6150120295625,
        "cost_deviation": 81.01850128173828,
        "cost_distorsion": 11941.361328125,
        "cost_thickness": 3850.336181640625,
        "cost_beam_compression": 1.7287921905517578,
        "cost_non_linearity": 956.292236328125,
        "cost_distance_total_intern_reflection": 16380.3642578125
    }
}