{
    "components non weights": {
        "cost_dispersion": 20.0,
        "cost_distance_glasses": 1.0,
        "cost_deviation": 1e-05,
        "cost_distorsion": 1.0,
        "cost_thickness": 1.0,
        "cost_beam_compression": 1.0,
        "cost_non_linearity": 1.0,
        "cost_distance_total_intern_reflection": 1.0
    },
    "components with weights": {
        "cost_dispersion": 1.03645920753479,
        "cost_distance_glasses": 752.2537576528852,
        "cost_deviation": 8106446.0,
        "cost_distorsion": 11779.80859375,
        "cost_thickness": 3856.15478515625,
        "cost_beam_compression": 1.7283439636230469,
        "cost_non_linearity": 957.8226318359375,
        "cost_distance_total_intern_reflection": 16398.7578125
    },
    "weighted components": {
        "cost_dispersion": 20.729183197021484,
        "cost_distance_glasses": 752.2537576528852,
        "cost_deviation": 81.06446075439453,
        "cost_distorsion": 11779.80859375,
        "cost_thickness": 3856.15478515625,
        "cost_beam_compression": 1.7283439636230469,
        "cost_non_linearity": 957.8226318359375,
        "cost_distance_total_intern_reflection": 16398.7578125
    }
}