{
    "components non weights": {
        "cost_dispersion": 20.0,
        "cost_distance_glasses": 1.0,
        "cost_deviation": 1e-05,
        "cost_distorsion": 1.0,
        "cost_thickness": 1.0,
        "cost_beam_compression": 1.0,
        "cost_non_linearity": 1.0,
        "cost_distance_total_intern_reflection": 1.0
    },
    "components with weights": {
        "cost_dispersion": 17.184223175048828,
        "cost_distance_glasses": 65.77988803542509,
        "cost_deviation": 8078149.0,
        "cost_distorsion": 12852.3056640625,
        "cost_thickness": 3853.843994140625,
        "cost_beam_compression": 1.7337924242019653,
        "cost_non_linearity": 952.173583984375,
        "cost_distance_total_intern_reflection": 16343.71875
    },
    "weighted components": {
        "cost_dispersion": 343.6844482421875,
        "cost_distance_glasses": 65.77988803542509,
        "cost_deviation": 80.78148651123047,
        "cost_distorsion": 12852.3056640625,
        "cost_thickness": 3853.843994140625,
        "cost_beam_compression": 1.7337924242019653,
        "cost_non_linearity": 952.173583984375,
        "cost_distance_total_intern_reflection": 16343.71875
    }
}