{
    "components non weights": {
        "cost_dispersion": 20.0,
        "cost_distance_glasses": 1.0,
        "cost_deviation": 1e-05,
        "cost_distorsion": 1.0,
        "cost_thickness": 1.0,
        "cost_beam_compression": 1.0,
        "cost_non_linearity": 1.0,
        "cost_distance_total_intern_reflection": 1.0
    },
    "components with weights": {
        "cost_dispersion": 3.521120309829712,
        "cost_distance_glasses": 77.58155202829155,
        "cost_deviation": 8087861.0,
        "cost_distorsion": 12222.150390625,
        "cost_thickness": 3856.96630859375,
        "cost_beam_compression": 1.7227733135223389,
        "cost_non_linearity": 956.4580688476562,
        "cost_distance_total_intern_reflection": 16406.875
    },
    "weighted components": {
        "cost_dispersion": 70.42240905761719,
        "cost_distance_glasses": 77.58155202829155,
        "cost_deviation": 80.87860870361328,
        "cost_distorsion": 12222.150390625,
        "cost_thickness": 3856.96630859375,
        "cost_beam_compression": 1.7227733135223389,
        "cost_non_linearity": 956.4580688476562,
        "cost_distance_total_intern_reflection": 16406.875
    }
}