{
    "components non weights": {
        "cost_dispersion": 20.0,
        "cost_distance_glasses": 1.0,
        "cost_deviation": 1e-05,
        "cost_distorsion": 1.0,
        "cost_thickness": 1.0,
        "cost_beam_compression": 1.0,
        "cost_non_linearity": 1.0,
        "cost_distance_total_intern_reflection": 1.0
    },
    "components with weights": {
        "cost_dispersion": 9.384514808654785,
        "cost_distance_glasses": 658.4741953002016,
        "cost_deviation": 8092518.0,
        "cost_distorsion": 12698.05859375,
        "cost_thickness": 3852.563232421875,
        "cost_beam_compression": 1.7340600490570068,
        "cost_non_linearity": 954.4871826171875,
        "cost_distance_total_intern_reflection": 16353.505859375
    },
    "weighted components": {
        "cost_dispersion": 187.69029235839844,
        "cost_distance_glasses": 658.4741953002016,
        "cost_deviation": 80.92517852783203,
        "cost_distorsion": 12698.05859375,
        "cost_thickness": 3852.563232421875,
        "cost_beam_compression": 1.7340600490570068,
        "cost_non_linearity": 954.4871826171875,
        "cost_distance_total_intern_reflection": 16353.505859375
    }
}