{
    "components non weights": {
        "cost_dispersion": 20.0,
        "cost_distance_glasses": 1.0,
        "cost_deviation": 1e-05,
        "cost_distorsion": 1.0,
        "cost_thickness": 1.0,
        "cost_beam_compression": 1.0,
        "cost_non_linearity": 1.0,
        "cost_distance_total_intern_reflection": 1.0
    },
    "components with weights": {
        "cost_dispersion": 1.7069907188415527,
        "cost_distance_glasses": 838.9511339447496,
        "cost_deviation": 8108455.0,
        "cost_distorsion": 11828.1953125,
        "cost_thickness": 3851.5966796875,
        "cost_beam_compression": 1.7288786172866821,
        "cost_non_linearity": 957.5993041992188,
        "cost_distance_total_intern_reflection": 16388.841796875
    },
    "weighted components": {
        "cost_dispersion": 34.13981628417969,
        "cost_distance_glasses": 838.9511339447496,
        "cost_deviation": 81.08454895019531,
        "cost_distorsion": 11828.1953125,
        "cost_thickness": 3851.5966796875,
        "cost_beam_compression": 1.7288786172866821,
        "cost_non_linearity": 957.5993041992188,
        "cost_distance_total_intern_reflection": 16388.841796875
    }
}