{
    "components non weights": {
        "cost_dispersion": 20.0,
        "cost_distance_glasses": 1.0,
        "cost_deviation": 1e-05,
        "cost_distorsion": 1.0,
        "cost_thickness": 1.0,
        "cost_beam_compression": 1.0,
        "cost_non_linearity": 1.0,
        "cost_distance_total_intern_reflection": 1.0
    },
    "components with weights": {
        "cost_dispersion": 5.346527099609375,
        "cost_distance_glasses": 670.1769854495903,
        "cost_deviation": 8097392.5,
        "cost_distorsion": 12315.5048828125,
        "cost_thickness": 3854.11767578125,
        "cost_beam_compression": 1.7319309711456299,
        "cost_non_linearity": 955.6929321289062,
        "cost_distance_total_intern_reflection": 16370.50390625
    },
    "weighted components": {
        "cost_dispersion": 106.9305419921875,
        "cost_distance_glasses": 670.1769854495903,
        "cost_deviation": 80.97392272949219,
        "cost_distorsion": 12315.5048828125,
        "cost_thickness": 3854.11767578125,
        "cost_beam_compression": 1.7319309711456299,
        "cost_non_linearity": 955.6929321289062,
        "cost_distance_total_intern_reflection": 16370.50390625
    }
}