{
    "components non weights": {
        "cost_dispersion": 20.0,
        "cost_distance_glasses": 1.0,
        "cost_deviation": 1e-05,
        "cost_distorsion": 1.0,
        "cost_thickness": 1.0,
        "cost_beam_compression": 1.0,
        "cost_non_linearity": 1.0,
        "cost_distance_total_intern_reflection": 1.0
    },
    "components with weights": {
        "cost_dispersion": 5.2141313552856445,
        "cost_distance_glasses": 2723.3641271821098,
        "cost_deviation": 8196369.0,
        "cost_distorsion": 12958.142578125,
        "cost_thickness": 3863.424560546875,
        "cost_beam_compression": 1.7342537641525269,
        "cost_non_linearity": 964.0545043945312,
        "cost_distance_total_intern_reflection": 16472.888671875
    },
    "weighted components": {
        "cost_dispersion": 104.28262329101562,
        "cost_distance_glasses": 2723.3641271821098,
        "cost_deviation": 81.96369171142578,
        "cost_distorsion": 12958.142578125,
        "cost_thickness": 3863.424560546875,
        "cost_beam_compression": 1.7342537641525269,
        "cost_non_linearity": 964.0545043945312,
        "cost_distance_total_intern_reflection": 16472.888671875
    }
}