{
    "components non weights": {
        "cost_dispersion": 20.0,
        "cost_distance_glasses": 1.0,
        "cost_deviation": 1e-05,
        "cost_distorsion": 1.0,
        "cost_thickness": 1.0,
        "cost_beam_compression": 1.0,
        "cost_non_linearity": 1.0,
        "cost_distance_total_intern_reflection": 1.0
    },
    "components with weights": {
        "cost_dispersion": 1124.467529296875,
        "cost_distance_glasses": 44518.99222221402,
        "cost_deviation": 7937571.5,
        "cost_distorsion": 39269.61328125,
        "cost_thickness": 3751.897216796875,
        "cost_beam_compression": 1.853644847869873,
        "cost_non_linearity": 898.257568359375,
        "cost_distance_total_intern_reflection": 15513.173828125
    },
    "weighted components": {
        "cost_dispersion": 22489.3515625,
        "cost_distance_glasses": 44518.99222221402,
        "cost_deviation": 79.3757095336914,
        "cost_distorsion": 39269.61328125,
        "cost_thickness": 3751.897216796875,
        "cost_beam_compression": 1.853644847869873,
        "cost_non_linearity": 898.257568359375,
        "cost_distance_total_intern_reflection": 15513.173828125
    }
}