{
    "components non weights": {
        "cost_dispersion": 20.0,
        "cost_distance_glasses": 1.0,
        "cost_deviation": 1e-05,
        "cost_distorsion": 1.0,
        "cost_thickness": 1.0,
        "cost_beam_compression": 1.0,
        "cost_non_linearity": 1.0,
        "cost_distance_total_intern_reflection": 1.0
    },
    "components with weights": {
        "cost_dispersion": 1.535911202430725,
        "cost_distance_glasses": 1096.3274406907296,
        "cost_deviation": 8109944.5,
        "cost_distorsion": 11731.48046875,
        "cost_thickness": 3848.5712890625,
        "cost_beam_compression": 1.727759838104248,
        "cost_non_linearity": 957.5162963867188,
        "cost_distance_total_intern_reflection": 16388.76953125
    },
    "weighted components": {
        "cost_dispersion": 30.718223571777344,
        "cost_distance_glasses": 1096.3274406907296,
        "cost_deviation": 81.09944152832031,
        "cost_distorsion": 11731.48046875,
        "cost_thickness": 3848.5712890625,
        "cost_beam_compression": 1.727759838104248,
        "cost_non_linearity": 957.5162963867188,
        "cost_distance_total_intern_reflection": 16388.76953125
    }
}