{
    "components non weights": {
        "cost_dispersion": 20.0,
        "cost_distance_glasses": 1.0,
        "cost_deviation": 1e-05,
        "cost_distorsion": 1.0,
        "cost_thickness": 1.0,
        "cost_beam_compression": 1.0,
        "cost_non_linearity": 1.0,
        "cost_distance_total_intern_reflection": 1.0
    },
    "components with weights": {
        "cost_dispersion": 1.5640262365341187,
        "cost_distance_glasses": 744.9453719732544,
        "cost_deviation": 8105555.0,
        "cost_distorsion": 11843.5478515625,
        "cost_thickness": 3855.351318359375,
        "cost_beam_compression": 1.7293351888656616,
        "cost_non_linearity": 957.4591674804688,
        "cost_distance_total_intern_reflection": 16391.962890625
    },
    "weighted components": {
        "cost_dispersion": 31.28052520751953,
        "cost_distance_glasses": 744.9453719732544,
        "cost_deviation": 81.05554962158203,
        "cost_distorsion": 11843.5478515625,
        "cost_thickness": 3855.351318359375,
        "cost_beam_compression": 1.7293351888656616,
        "cost_non_linearity": 957.4591674804688,
        "cost_distance_total_intern_reflection": 16391.962890625
    }
}