{
    "components non weights": {
        "cost_dispersion": 20.0,
        "cost_distance_glasses": 1.0,
        "cost_deviation": 1e-05,
        "cost_distorsion": 1.0,
        "cost_thickness": 1.0,
        "cost_beam_compression": 1.0,
        "cost_non_linearity": 1.0,
        "cost_distance_total_intern_reflection": 1.0
    },
    "components with weights": {
        "cost_dispersion": 7.700760364532471,
        "cost_distance_glasses": 643.8962832550347,
        "cost_deviation": 8092356.5,
        "cost_distorsion": 12365.56640625,
        "cost_thickness": 3852.66845703125,
        "cost_beam_compression": 1.73145592212677,
        "cost_non_linearity": 954.709716796875,
        "cost_distance_total_intern_reflection": 16364.755859375
    },
    "weighted components": {
        "cost_dispersion": 154.0152130126953,
        "cost_distance_glasses": 643.8962832550347,
        "cost_deviation": 80.9235610961914,
        "cost_distorsion": 12365.56640625,
        "cost_thickness": 3852.66845703125,
        "cost_beam_compression": 1.73145592212677,
        "cost_non_linearity": 954.709716796875,
        "cost_distance_total_intern_reflection": 16364.755859375
    }
}