{
    "components non weights": {
        "cost_dispersion": 20.0,
        "cost_distance_glasses": 1.0,
        "cost_deviation": 1e-05,
        "cost_distorsion": 1.0,
        "cost_thickness": 1.0,
        "cost_beam_compression": 1.0,
        "cost_non_linearity": 1.0,
        "cost_distance_total_intern_reflection": 1.0
    },
    "components with weights": {
        "cost_dispersion": 1.7956719398498535,
        "cost_distance_glasses": 545.9459515174187,
        "cost_deviation": 8101489.5,
        "cost_distorsion": 11801.12109375,
        "cost_thickness": 3853.2998046875,
        "cost_beam_compression": 1.726926565170288,
        "cost_non_linearity": 957.1881713867188,
        "cost_distance_total_intern_reflection": 16394.25390625
    },
    "weighted components": {
        "cost_dispersion": 35.91343688964844,
        "cost_distance_glasses": 545.9459515174187,
        "cost_deviation": 81.014892578125,
        "cost_distorsion": 11801.12109375,
        "cost_thickness": 3853.2998046875,
        "cost_beam_compression": 1.726926565170288,
        "cost_non_linearity": 957.1881713867188,
        "cost_distance_total_intern_reflection": 16394.25390625
    }
}