{
    "components non weights": {
        "cost_dispersion": 20.0,
        "cost_distance_glasses": 1.0,
        "cost_deviation": 1e-05,
        "cost_distorsion": 1.0,
        "cost_thickness": 1.0,
        "cost_beam_compression": 1.0,
        "cost_non_linearity": 1.0,
        "cost_distance_total_intern_reflection": 1.0
    },
    "components with weights": {
        "cost_dispersion": 1.1920204162597656,
        "cost_distance_glasses": 1043.2799098458543,
        "cost_deviation": 8113542.0,
        "cost_distorsion": 11752.11328125,
        "cost_thickness": 3848.1982421875,
        "cost_beam_compression": 1.7282336950302124,
        "cost_non_linearity": 957.8792724609375,
        "cost_distance_total_intern_reflection": 16389.3359375
    },
    "weighted components": {
        "cost_dispersion": 23.840408325195312,
        "cost_distance_glasses": 1043.2799098458543,
        "cost_deviation": 81.13542175292969,
        "cost_distorsion": 11752.11328125,
        "cost_thickness": 3848.1982421875,
        "cost_beam_compression": 1.7282336950302124,
        "cost_non_linearity": 957.8792724609375,
        "cost_distance_total_intern_reflection": 16389.3359375
    }
}