{
    "components non weights": {
        "cost_dispersion": 20.0,
        "cost_distance_glasses": 1.0,
        "cost_deviation": 1e-05,
        "cost_distorsion": 1.0,
        "cost_thickness": 1.0,
        "cost_beam_compression": 1.0,
        "cost_non_linearity": 1.0,
        "cost_distance_total_intern_reflection": 1.0
    },
    "components with weights": {
        "cost_dispersion": 6.128525733947754,
        "cost_distance_glasses": 581.6980188616329,
        "cost_deviation": 8079939.5,
        "cost_distorsion": 12383.162109375,
        "cost_thickness": 3845.902099609375,
        "cost_beam_compression": 1.718207597732544,
        "cost_non_linearity": 955.4259643554688,
        "cost_distance_total_intern_reflection": 16396.080078125
    },
    "weighted components": {
        "cost_dispersion": 122.57051086425781,
        "cost_distance_glasses": 581.6980188616329,
        "cost_deviation": 80.79939270019531,
        "cost_distorsion": 12383.162109375,
        "cost_thickness": 3845.902099609375,
        "cost_beam_compression": 1.718207597732544,
        "cost_non_linearity": 955.4259643554688,
        "cost_distance_total_intern_reflection": 16396.080078125
    }
}