{
    "components non weights": {
        "cost_dispersion": 20.0,
        "cost_distance_glasses": 1.0,
        "cost_deviation": 1e-05,
        "cost_distorsion": 1.0,
        "cost_thickness": 1.0,
        "cost_beam_compression": 1.0,
        "cost_non_linearity": 1.0,
        "cost_distance_total_intern_reflection": 1.0
    },
    "components with weights": {
        "cost_dispersion": 0.28652286529541016,
        "cost_distance_glasses": 754.6963052624429,
        "cost_deviation": 8110022.0,
        "cost_distorsion": 12054.044921875,
        "cost_thickness": 3856.726806640625,
        "cost_beam_compression": 1.7270201444625854,
        "cost_non_linearity": 958.9821166992188,
        "cost_distance_total_intern_reflection": 16409.0390625
    },
    "weighted components": {
        "cost_dispersion": 5.730457305908203,
        "cost_distance_glasses": 754.6963052624429,
        "cost_deviation": 81.1002197265625,
        "cost_distorsion": 12054.044921875,
        "cost_thickness": 3856.726806640625,
        "cost_beam_compression": 1.7270201444625854,
        "cost_non_linearity": 958.9821166992188,
        "cost_distance_total_intern_reflection": 16409.0390625
    }
}