{
    "components non weights": {
        "cost_dispersion": 20.0,
        "cost_distance_glasses": 1.0,
        "cost_deviation": 1e-05,
        "cost_distorsion": 1.0,
        "cost_thickness": 1.0,
        "cost_beam_compression": 1.0,
        "cost_non_linearity": 1.0,
        "cost_distance_total_intern_reflection": 1.0
    },
    "components with weights": {
        "cost_dispersion": 1.3121881484985352,
        "cost_distance_glasses": 758.4893959626863,
        "cost_deviation": 8105645.5,
        "cost_distorsion": 11740.1005859375,
        "cost_thickness": 3855.885498046875,
        "cost_beam_compression": 1.7286330461502075,
        "cost_non_linearity": 957.9493408203125,
        "cost_distance_total_intern_reflection": 16396.1875
    },
    "weighted components": {
        "cost_dispersion": 26.243762969970703,
        "cost_distance_glasses": 758.4893959626863,
        "cost_deviation": 81.05644989013672,
        "cost_distorsion": 11740.1005859375,
        "cost_thickness": 3855.885498046875,
        "cost_beam_compression": 1.7286330461502075,
        "cost_non_linearity": 957.9493408203125,
        "cost_distance_total_intern_reflection": 16396.1875
    }
}