{
    "components non weights": {
        "cost_dispersion": 20.0,
        "cost_distance_glasses": 1.0,
        "cost_deviation": 1e-05,
        "cost_distorsion": 1.0,
        "cost_thickness": 1.0,
        "cost_beam_compression": 1.0,
        "cost_non_linearity": 1.0,
        "cost_distance_total_intern_reflection": 1.0
    },
    "components with weights": {
        "cost_dispersion": 17.054420471191406,
        "cost_distance_glasses": 32.9979969497485,
        "cost_deviation": 8069980.0,
        "cost_distorsion": 12136.7978515625,
        "cost_thickness": 3852.3720703125,
        "cost_beam_compression": 1.726992130279541,
        "cost_non_linearity": 952.1080932617188,
        "cost_distance_total_intern_reflection": 16362.171875
    },
    "weighted components": {
        "cost_dispersion": 341.0884094238281,
        "cost_distance_glasses": 32.9979969497485,
        "cost_deviation": 80.69979858398438,
        "cost_distorsion": 12136.7978515625,
        "cost_thickness": 3852.3720703125,
        "cost_beam_compression": 1.726992130279541,
        "cost_non_linearity": 952.1080932617188,
        "cost_distance_total_intern_reflection": 16362.171875
    }
}