{
    "components non weights": {
        "cost_dispersion": 20.0,
        "cost_distance_glasses": 1.0,
        "cost_deviation": 1e-05,
        "cost_distorsion": 1.0,
        "cost_thickness": 1.0,
        "cost_beam_compression": 1.0,
        "cost_non_linearity": 1.0,
        "cost_distance_total_intern_reflection": 1.0
    },
    "components with weights": {
        "cost_dispersion": 1.482080340385437,
        "cost_distance_glasses": 2906.239981896632,
        "cost_deviation": 8207613.5,
        "cost_distorsion": 12617.0849609375,
        "cost_thickness": 3867.926025390625,
        "cost_beam_compression": 1.739109754562378,
        "cost_non_linearity": 962.2950439453125,
        "cost_distance_total_intern_reflection": 16471.703125
    },
    "weighted components": {
        "cost_dispersion": 29.6416072845459,
        "cost_distance_glasses": 2906.239981896632,
        "cost_deviation": 82.07613372802734,
        "cost_distorsion": 12617.0849609375,
        "cost_thickness": 3867.926025390625,
        "cost_beam_compression": 1.739109754562378,
        "cost_non_linearity": 962.2950439453125,
        "cost_distance_total_intern_reflection": 16471.703125
    }
}