{
    "components non weights": {
        "cost_dispersion": 20.0,
        "cost_distance_glasses": 1.0,
        "cost_deviation": 1e-05,
        "cost_distorsion": 1.0,
        "cost_thickness": 1.0,
        "cost_beam_compression": 1.0,
        "cost_non_linearity": 1.0,
        "cost_distance_total_intern_reflection": 1.0
    },
    "components with weights": {
        "cost_dispersion": 1.5810177326202393,
        "cost_distance_glasses": 1082.2029500438632,
        "cost_deviation": 8110034.5,
        "cost_distorsion": 11752.9609375,
        "cost_thickness": 3848.446044921875,
        "cost_beam_compression": 1.7278611660003662,
        "cost_non_linearity": 957.4374389648438,
        "cost_distance_total_intern_reflection": 16388.17578125
    },
    "weighted components": {
        "cost_dispersion": 31.62035369873047,
        "cost_distance_glasses": 1082.2029500438632,
        "cost_deviation": 81.100341796875,
        "cost_distorsion": 11752.9609375,
        "cost_thickness": 3848.446044921875,
        "cost_beam_compression": 1.7278611660003662,
        "cost_non_linearity": 957.4374389648438,
        "cost_distance_total_intern_reflection": 16388.17578125
    }
}