{
    "components non weights": {
        "cost_dispersion": 20.0,
        "cost_distance_glasses": 1.0,
        "cost_deviation": 1e-05,
        "cost_distorsion": 1.0,
        "cost_thickness": 1.0,
        "cost_beam_compression": 1.0,
        "cost_non_linearity": 1.0,
        "cost_distance_total_intern_reflection": 1.0
    },
    "components with weights": {
        "cost_dispersion": 1.2664490938186646,
        "cost_distance_glasses": 780.5888801377372,
        "cost_deviation": 8105677.5,
        "cost_distorsion": 11740.314453125,
        "cost_thickness": 3855.91943359375,
        "cost_beam_compression": 1.7286163568496704,
        "cost_non_linearity": 957.8050537109375,
        "cost_distance_total_intern_reflection": 16396.365234375
    },
    "weighted components": {
        "cost_dispersion": 25.328981399536133,
        "cost_distance_glasses": 780.5888801377372,
        "cost_deviation": 81.05677032470703,
        "cost_distorsion": 11740.314453125,
        "cost_thickness": 3855.91943359375,
        "cost_beam_compression": 1.7286163568496704,
        "cost_non_linearity": 957.8050537109375,
        "cost_distance_total_intern_reflection": 16396.365234375
    }
}