{
    "components non weights": {
        "cost_dispersion": 20.0,
        "cost_distance_glasses": 1.0,
        "cost_deviation": 1e-05,
        "cost_distorsion": 1.0,
        "cost_thickness": 1.0,
        "cost_beam_compression": 1.0,
        "cost_non_linearity": 1.0,
        "cost_distance_total_intern_reflection": 1.0
    },
    "components with weights": {
        "cost_dispersion": 0.8917703628540039,
        "cost_distance_glasses": 691.8285172916178,
        "cost_deviation": 8107344.0,
        "cost_distorsion": 11769.1591796875,
        "cost_thickness": 3857.383544921875,
        "cost_beam_compression": 1.7287784814834595,
        "cost_non_linearity": 958.1900024414062,
        "cost_distance_total_intern_reflection": 16400.291015625
    },
    "weighted components": {
        "cost_dispersion": 17.835407257080078,
        "cost_distance_glasses": 691.8285172916178,
        "cost_deviation": 81.07344055175781,
        "cost_distorsion": 11769.1591796875,
        "cost_thickness": 3857.383544921875,
        "cost_beam_compression": 1.7287784814834595,
        "cost_non_linearity": 958.1900024414062,
        "cost_distance_total_intern_reflection": 16400.291015625
    }
}