{
    "components non weights": {
        "cost_dispersion": 20.0,
        "cost_distance_glasses": 1.0,
        "cost_deviation": 1e-05,
        "cost_distorsion": 1.0,
        "cost_thickness": 1.0,
        "cost_beam_compression": 1.0,
        "cost_non_linearity": 1.0,
        "cost_distance_total_intern_reflection": 1.0
    },
    "components with weights": {
        "cost_dispersion": 8.806230545043945,
        "cost_distance_glasses": 1623.2490666701192,
        "cost_deviation": 8148516.0,
        "cost_distorsion": 12883.8818359375,
        "cost_thickness": 3863.101806640625,
        "cost_beam_compression": 1.7280584573745728,
        "cost_non_linearity": 965.485595703125,
        "cost_distance_total_intern_reflection": 16454.32421875
    },
    "weighted components": {
        "cost_dispersion": 176.12460327148438,
        "cost_distance_glasses": 1623.2490666701192,
        "cost_deviation": 81.48516082763672,
        "cost_distorsion": 12883.8818359375,
        "cost_thickness": 3863.101806640625,
        "cost_beam_compression": 1.7280584573745728,
        "cost_non_linearity": 965.485595703125,
        "cost_distance_total_intern_reflection": 16454.32421875
    }
}