{
    "components non weights": {
        "cost_dispersion": 20.0,
        "cost_distance_glasses": 1.0,
        "cost_deviation": 1e-05,
        "cost_distorsion": 1.0,
        "cost_thickness": 1.0,
        "cost_beam_compression": 1.0,
        "cost_non_linearity": 1.0,
        "cost_distance_total_intern_reflection": 1.0
    },
    "components with weights": {
        "cost_dispersion": 2.897101640701294,
        "cost_distance_glasses": 839.5310567511757,
        "cost_deviation": 8103385.0,
        "cost_distorsion": 12041.3486328125,
        "cost_thickness": 3850.571533203125,
        "cost_beam_compression": 1.7297697067260742,
        "cost_non_linearity": 956.7159423828125,
        "cost_distance_total_intern_reflection": 16378.091796875
    },
    "weighted components": {
        "cost_dispersion": 57.94203186035156,
        "cost_distance_glasses": 839.5310567511757,
        "cost_deviation": 81.03385162353516,
        "cost_distorsion": 12041.3486328125,
        "cost_thickness": 3850.571533203125,
        "cost_beam_compression": 1.7297697067260742,
        "cost_non_linearity": 956.7159423828125,
        "cost_distance_total_intern_reflection": 16378.091796875
    }
}