{
    "components non weights": {
        "cost_dispersion": 20.0,
        "cost_distance_glasses": 1.0,
        "cost_deviation": 1e-05,
        "cost_distorsion": 1.0,
        "cost_thickness": 1.0,
        "cost_beam_compression": 1.0,
        "cost_non_linearity": 1.0,
        "cost_distance_total_intern_reflection": 1.0
    },
    "components with weights": {
        "cost_dispersion": 1129.1962890625,
        "cost_distance_glasses": 682.6902359015255,
        "cost_deviation": 7914989.5,
        "cost_distorsion": 22840.568359375,
        "cost_thickness": 3824.523681640625,
        "cost_beam_compression": 1.777021884918213,
        "cost_non_linearity": 897.351318359375,
        "cost_distance_total_intern_reflection": 15946.345703125
    },
    "weighted components": {
        "cost_dispersion": 22583.92578125,
        "cost_distance_glasses": 682.6902359015255,
        "cost_deviation": 79.14989471435547,
        "cost_distorsion": 22840.568359375,
        "cost_thickness": 3824.523681640625,
        "cost_beam_compression": 1.777021884918213,
        "cost_non_linearity": 897.351318359375,
        "cost_distance_total_intern_reflection": 15946.345703125
    }
}