{
    "components non weights": {
        "cost_dispersion": 20.0,
        "cost_distance_glasses": 1.0,
        "cost_deviation": 1e-05,
        "cost_distorsion": 1.0,
        "cost_thickness": 1.0,
        "cost_beam_compression": 1.0,
        "cost_non_linearity": 1.0,
        "cost_distance_total_intern_reflection": 1.0
    },
    "components with weights": {
        "cost_dispersion": 2.3477182388305664,
        "cost_distance_glasses": 680.5551434224252,
        "cost_deviation": 8103368.5,
        "cost_distorsion": 11985.58203125,
        "cost_thickness": 3856.1064453125,
        "cost_beam_compression": 1.7303401231765747,
        "cost_non_linearity": 957.0877075195312,
        "cost_distance_total_intern_reflection": 16387.1328125
    },
    "weighted components": {
        "cost_dispersion": 46.95436477661133,
        "cost_distance_glasses": 680.5551434224252,
        "cost_deviation": 81.03368377685547,
        "cost_distorsion": 11985.58203125,
        "cost_thickness": 3856.1064453125,
        "cost_beam_compression": 1.7303401231765747,
        "cost_non_linearity": 957.0877075195312,
        "cost_distance_total_intern_reflection": 16387.1328125
    }
}