{
    "components non weights": {
        "cost_dispersion": 20.0,
        "cost_distance_glasses": 1.0,
        "cost_deviation": 1e-05,
        "cost_distorsion": 1.0,
        "cost_thickness": 1.0,
        "cost_beam_compression": 1.0,
        "cost_non_linearity": 1.0,
        "cost_distance_total_intern_reflection": 1.0
    },
    "components with weights": {
        "cost_dispersion": 2.681246280670166,
        "cost_distance_glasses": 1172.771240474778,
        "cost_deviation": 8128689.5,
        "cost_distorsion": 13035.572265625,
        "cost_thickness": 3858.681396484375,
        "cost_beam_compression": 1.723310947418213,
        "cost_non_linearity": 962.9879150390625,
        "cost_distance_total_intern_reflection": 16446.853515625
    },
    "weighted components": {
        "cost_dispersion": 53.62492370605469,
        "cost_distance_glasses": 1172.771240474778,
        "cost_deviation": 81.28689575195312,
        "cost_distorsion": 13035.572265625,
        "cost_thickness": 3858.681396484375,
        "cost_beam_compression": 1.723310947418213,
        "cost_non_linearity": 962.9879150390625,
        "cost_distance_total_intern_reflection": 16446.853515625
    }
}