{
    "components non weights": {
        "cost_dispersion": 20.0,
        "cost_distance_glasses": 1.0,
        "cost_deviation": 1e-05,
        "cost_distorsion": 1.0,
        "cost_thickness": 1.0,
        "cost_beam_compression": 1.0,
        "cost_non_linearity": 1.0,
        "cost_distance_total_intern_reflection": 1.0
    },
    "components with weights": {
        "cost_dispersion": 0.5759460926055908,
        "cost_distance_glasses": 1446.1139087987071,
        "cost_deviation": 8119562.5,
        "cost_distorsion": 11806.220703125,
        "cost_thickness": 3847.37939453125,
        "cost_beam_compression": 1.7292380332946777,
        "cost_non_linearity": 958.6014404296875,
        "cost_distance_total_intern_reflection": 16389.009765625
    },
    "weighted components": {
        "cost_dispersion": 11.518921852111816,
        "cost_distance_glasses": 1446.1139087987071,
        "cost_deviation": 81.19562530517578,
        "cost_distorsion": 11806.220703125,
        "cost_thickness": 3847.37939453125,
        "cost_beam_compression": 1.7292380332946777,
        "cost_non_linearity": 958.6014404296875,
        "cost_distance_total_intern_reflection": 16389.009765625
    }
}