{
    "components non weights": {
        "cost_dispersion": 20.0,
        "cost_distance_glasses": 1.0,
        "cost_deviation": 1e-05,
        "cost_distorsion": 1.0,
        "cost_thickness": 1.0,
        "cost_beam_compression": 1.0,
        "cost_non_linearity": 1.0,
        "cost_distance_total_intern_reflection": 1.0
    },
    "components with weights": {
        "cost_dispersion": 79.28541564941406,
        "cost_distance_glasses": 896.0706341442659,
        "cost_deviation": 8166248.0,
        "cost_distorsion": 15920.7978515625,
        "cost_thickness": 3884.5166015625,
        "cost_beam_compression": 1.7721891403198242,
        "cost_non_linearity": 943.0827026367188,
        "cost_distance_total_intern_reflection": 16325.2880859375
    },
    "weighted components": {
        "cost_dispersion": 1585.708251953125,
        "cost_distance_glasses": 896.0706341442659,
        "cost_deviation": 81.6624755859375,
        "cost_distorsion": 15920.7978515625,
        "cost_thickness": 3884.5166015625,
        "cost_beam_compression": 1.7721891403198242,
        "cost_non_linearity": 943.0827026367188,
        "cost_distance_total_intern_reflection": 16325.2880859375
    }
}