{
    "components non weights": {
        "cost_dispersion": 20.0,
        "cost_distance_glasses": 1.0,
        "cost_deviation": 1e-05,
        "cost_distorsion": 1.0,
        "cost_thickness": 1.0,
        "cost_beam_compression": 1.0,
        "cost_non_linearity": 1.0,
        "cost_distance_total_intern_reflection": 1.0
    },
    "components with weights": {
        "cost_dispersion": 0.36011719703674316,
        "cost_distance_glasses": 742.7485324625949,
        "cost_deviation": 8109830.0,
        "cost_distorsion": 11990.548828125,
        "cost_thickness": 3857.11669921875,
        "cost_beam_compression": 1.7275410890579224,
        "cost_non_linearity": 958.6320190429688,
        "cost_distance_total_intern_reflection": 16407.419921875
    },
    "weighted components": {
        "cost_dispersion": 7.202343940734863,
        "cost_distance_glasses": 742.7485324625949,
        "cost_deviation": 81.09829711914062,
        "cost_distorsion": 11990.548828125,
        "cost_thickness": 3857.11669921875,
        "cost_beam_compression": 1.7275410890579224,
        "cost_non_linearity": 958.6320190429688,
        "cost_distance_total_intern_reflection": 16407.419921875
    }
}