{
    "components non weights": {
        "cost_dispersion": 20.0,
        "cost_distance_glasses": 1.0,
        "cost_deviation": 1e-05,
        "cost_distorsion": 1.0,
        "cost_thickness": 1.0,
        "cost_beam_compression": 1.0,
        "cost_non_linearity": 1.0,
        "cost_distance_total_intern_reflection": 1.0
    },
    "components with weights": {
        "cost_dispersion": 1.2362715005874634,
        "cost_distance_glasses": 767.011748726312,
        "cost_deviation": 8105930.5,
        "cost_distorsion": 11737.9794921875,
        "cost_thickness": 3855.9892578125,
        "cost_beam_compression": 1.7285293340682983,
        "cost_non_linearity": 957.9102783203125,
        "cost_distance_total_intern_reflection": 16397.138671875
    },
    "weighted components": {
        "cost_dispersion": 24.72542953491211,
        "cost_distance_glasses": 767.011748726312,
        "cost_deviation": 81.0593032836914,
        "cost_distorsion": 11737.9794921875,
        "cost_thickness": 3855.9892578125,
        "cost_beam_compression": 1.7285293340682983,
        "cost_non_linearity": 957.9102783203125,
        "cost_distance_total_intern_reflection": 16397.138671875
    }
}