{
    "components non weights": {
        "cost_dispersion": 20.0,
        "cost_distance_glasses": 1.0,
        "cost_deviation": 1e-05,
        "cost_distorsion": 1.0,
        "cost_thickness": 1.0,
        "cost_beam_compression": 1.0,
        "cost_non_linearity": 1.0,
        "cost_distance_total_intern_reflection": 1.0
    },
    "components with weights": {
        "cost_dispersion": 1.2412984371185303,
        "cost_distance_glasses": 1656.0038724987837,
        "cost_deviation": 8129669.5,
        "cost_distorsion": 11763.232421875,
        "cost_thickness": 3846.3271484375,
        "cost_beam_compression": 1.7298322916030884,
        "cost_non_linearity": 957.783447265625,
        "cost_distance_total_intern_reflection": 16393.658203125
    },
    "weighted components": {
        "cost_dispersion": 24.825969696044922,
        "cost_distance_glasses": 1656.0038724987837,
        "cost_deviation": 81.29669189453125,
        "cost_distorsion": 11763.232421875,
        "cost_thickness": 3846.3271484375,
        "cost_beam_compression": 1.7298322916030884,
        "cost_non_linearity": 957.783447265625,
        "cost_distance_total_intern_reflection": 16393.658203125
    }
}