{
    "components non weights": {
        "cost_dispersion": 20.0,
        "cost_distance_glasses": 1.0,
        "cost_deviation": 1e-05,
        "cost_distorsion": 1.0,
        "cost_thickness": 1.0,
        "cost_beam_compression": 1.0,
        "cost_non_linearity": 1.0,
        "cost_distance_total_intern_reflection": 1.0
    },
    "components with weights": {
        "cost_dispersion": 1426.6666259765625,
        "cost_distance_glasses": 721260.8945947168,
        "cost_deviation": 7677992.0,
        "cost_distorsion": 17903.17578125,
        "cost_thickness": 3840.63818359375,
        "cost_beam_compression": 1.7210441827774048,
        "cost_non_linearity": 889.61181640625,
        "cost_distance_total_intern_reflection": 15990.0546875
    },
    "weighted components": {
        "cost_dispersion": 28533.33203125,
        "cost_distance_glasses": 721260.8945947168,
        "cost_deviation": 76.77991485595703,
        "cost_distorsion": 17903.17578125,
        "cost_thickness": 3840.63818359375,
        "cost_beam_compression": 1.7210441827774048,
        "cost_non_linearity": 889.61181640625,
        "cost_distance_total_intern_reflection": 15990.0546875
    }
}