{
    "components non weights": {
        "cost_dispersion": 20.0,
        "cost_distance_glasses": 1.0,
        "cost_deviation": 1e-05,
        "cost_distorsion": 1.0,
        "cost_thickness": 1.0,
        "cost_beam_compression": 1.0,
        "cost_non_linearity": 1.0,
        "cost_distance_total_intern_reflection": 1.0
    },
    "components with weights": {
        "cost_dispersion": 14.229619979858398,
        "cost_distance_glasses": 864.5765782020346,
        "cost_deviation": 8153890.0,
        "cost_distorsion": 13302.962890625,
        "cost_thickness": 3871.004638671875,
        "cost_beam_compression": 1.7276203632354736,
        "cost_non_linearity": 967.2041015625,
        "cost_distance_total_intern_reflection": 16477.77734375
    },
    "weighted components": {
        "cost_dispersion": 284.5924072265625,
        "cost_distance_glasses": 864.5765782020346,
        "cost_deviation": 81.53889465332031,
        "cost_distorsion": 13302.962890625,
        "cost_thickness": 3871.004638671875,
        "cost_beam_compression": 1.7276203632354736,
        "cost_non_linearity": 967.2041015625,
        "cost_distance_total_intern_reflection": 16477.77734375
    }
}