{
    "components non weights": {
        "cost_dispersion": 20.0,
        "cost_distance_glasses": 1.0,
        "cost_deviation": 1e-05,
        "cost_distorsion": 1.0,
        "cost_thickness": 1.0,
        "cost_beam_compression": 1.0,
        "cost_non_linearity": 1.0,
        "cost_distance_total_intern_reflection": 1.0
    },
    "components with weights": {
        "cost_dispersion": 5.482011795043945,
        "cost_distance_glasses": 1849.3325153892522,
        "cost_deviation": 8148666.5,
        "cost_distorsion": 12715.8369140625,
        "cost_thickness": 3851.384521484375,
        "cost_beam_compression": 1.7404848337173462,
        "cost_non_linearity": 955.3040161132812,
        "cost_distance_total_intern_reflection": 16376.0537109375
    },
    "weighted components": {
        "cost_dispersion": 109.6402359008789,
        "cost_distance_glasses": 1849.3325153892522,
        "cost_deviation": 81.48666381835938,
        "cost_distorsion": 12715.8369140625,
        "cost_thickness": 3851.384521484375,
        "cost_beam_compression": 1.7404848337173462,
        "cost_non_linearity": 955.3040161132812,
        "cost_distance_total_intern_reflection": 16376.0537109375
    }
}