{
    "components non weights": {
        "cost_dispersion": 20.0,
        "cost_distance_glasses": 1.0,
        "cost_deviation": 1e-05,
        "cost_distorsion": 1.0,
        "cost_thickness": 1.0,
        "cost_beam_compression": 1.0,
        "cost_non_linearity": 1.0,
        "cost_distance_total_intern_reflection": 1.0
    },
    "components with weights": {
        "cost_dispersion": 3.588554859161377,
        "cost_distance_glasses": 731.354437600872,
        "cost_deviation": 8099411.5,
        "cost_distorsion": 12017.73046875,
        "cost_thickness": 3852.96142578125,
        "cost_beam_compression": 1.729583740234375,
        "cost_non_linearity": 956.3616943359375,
        "cost_distance_total_intern_reflection": 16380.10546875
    },
    "weighted components": {
        "cost_dispersion": 71.7710952758789,
        "cost_distance_glasses": 731.354437600872,
        "cost_deviation": 80.99411010742188,
        "cost_distorsion": 12017.73046875,
        "cost_thickness": 3852.96142578125,
        "cost_beam_compression": 1.729583740234375,
        "cost_non_linearity": 956.3616943359375,
        "cost_distance_total_intern_reflection": 16380.10546875
    }
}