{
    "components non weights": {
        "cost_dispersion": 20.0,
        "cost_distance_glasses": 1.0,
        "cost_deviation": 1e-05,
        "cost_distorsion": 1.0,
        "cost_thickness": 1.0,
        "cost_beam_compression": 1.0,
        "cost_non_linearity": 1.0,
        "cost_distance_total_intern_reflection": 1.0
    },
    "components with weights": {
        "cost_dispersion": 18.85226058959961,
        "cost_distance_glasses": 57.01439130009793,
        "cost_deviation": 8068250.0,
        "cost_distorsion": 12226.3662109375,
        "cost_thickness": 3850.478515625,
        "cost_beam_compression": 1.7271387577056885,
        "cost_non_linearity": 951.7286987304688,
        "cost_distance_total_intern_reflection": 16355.986328125
    },
    "weighted components": {
        "cost_dispersion": 377.04522705078125,
        "cost_distance_glasses": 57.01439130009793,
        "cost_deviation": 80.6824951171875,
        "cost_distorsion": 12226.3662109375,
        "cost_thickness": 3850.478515625,
        "cost_beam_compression": 1.7271387577056885,
        "cost_non_linearity": 951.7286987304688,
        "cost_distance_total_intern_reflection": 16355.986328125
    }
}