{
    "components non weights": {
        "cost_dispersion": 20.0,
        "cost_distance_glasses": 1.0,
        "cost_deviation": 1e-05,
        "cost_distorsion": 1.0,
        "cost_thickness": 1.0,
        "cost_beam_compression": 1.0,
        "cost_non_linearity": 1.0,
        "cost_distance_total_intern_reflection": 1.0
    },
    "components with weights": {
        "cost_dispersion": 0.2631068825721741,
        "cost_distance_glasses": 1146.4572072581866,
        "cost_deviation": 8116344.5,
        "cost_distorsion": 11923.9697265625,
        "cost_thickness": 3852.174072265625,
        "cost_beam_compression": 1.7279356718063354,
        "cost_non_linearity": 959.0831909179688,
        "cost_distance_total_intern_reflection": 16401.587890625
    },
    "weighted components": {
        "cost_dispersion": 5.262137413024902,
        "cost_distance_glasses": 1146.4572072581866,
        "cost_deviation": 81.16344451904297,
        "cost_distorsion": 11923.9697265625,
        "cost_thickness": 3852.174072265625,
        "cost_beam_compression": 1.7279356718063354,
        "cost_non_linearity": 959.0831909179688,
        "cost_distance_total_intern_reflection": 16401.587890625
    }
}