{
    "components non weights": {
        "cost_dispersion": 20.0,
        "cost_distance_glasses": 1.0,
        "cost_deviation": 1e-05,
        "cost_distorsion": 1.0,
        "cost_thickness": 1.0,
        "cost_beam_compression": 1.0,
        "cost_non_linearity": 1.0,
        "cost_distance_total_intern_reflection": 1.0
    },
    "components with weights": {
        "cost_dispersion": 172.1438751220703,
        "cost_distance_glasses": 86.4305835218302,
        "cost_deviation": 8229093.5,
        "cost_distorsion": 17755.08984375,
        "cost_thickness": 3930.8046875,
        "cost_beam_compression": 1.7234671115875244,
        "cost_non_linearity": 984.7817993164062,
        "cost_distance_total_intern_reflection": 16692.36328125
    },
    "weighted components": {
        "cost_dispersion": 3442.87744140625,
        "cost_distance_glasses": 86.4305835218302,
        "cost_deviation": 82.29093170166016,
        "cost_distorsion": 17755.08984375,
        "cost_thickness": 3930.8046875,
        "cost_beam_compression": 1.7234671115875244,
        "cost_non_linearity": 984.7817993164062,
        "cost_distance_total_intern_reflection": 16692.36328125
    }
}