{
    "components non weights": {
        "cost_dispersion": 20.0,
        "cost_distance_glasses": 1.0,
        "cost_deviation": 1e-05,
        "cost_distorsion": 1.0,
        "cost_thickness": 1.0,
        "cost_beam_compression": 1.0,
        "cost_non_linearity": 1.0,
        "cost_distance_total_intern_reflection": 1.0
    },
    "components with weights": {
        "cost_dispersion": 1.4647440910339355,
        "cost_distance_glasses": 969.4112487813302,
        "cost_deviation": 8109521.5,
        "cost_distorsion": 11747.0849609375,
        "cost_thickness": 3850.72021484375,
        "cost_beam_compression": 1.7281919717788696,
        "cost_non_linearity": 957.691162109375,
        "cost_distance_total_intern_reflection": 16390.982421875
    },
    "weighted components": {
        "cost_dispersion": 29.29488182067871,
        "cost_distance_glasses": 969.4112487813302,
        "cost_deviation": 81.09521484375,
        "cost_distorsion": 11747.0849609375,
        "cost_thickness": 3850.72021484375,
        "cost_beam_compression": 1.7281919717788696,
        "cost_non_linearity": 957.691162109375,
        "cost_distance_total_intern_reflection": 16390.982421875
    }
}