{
    "components non weights": {
        "cost_dispersion": 20.0,
        "cost_distance_glasses": 1.0,
        "cost_deviation": 1e-05,
        "cost_distorsion": 1.0,
        "cost_thickness": 1.0,
        "cost_beam_compression": 1.0,
        "cost_non_linearity": 1.0,
        "cost_distance_total_intern_reflection": 1.0
    },
    "components with weights": {
        "cost_dispersion": 1.454126238822937,
        "cost_distance_glasses": 1133.6920454916576,
        "cost_deviation": 8110166.5,
        "cost_distorsion": 11723.3310546875,
        "cost_thickness": 3848.650146484375,
        "cost_beam_compression": 1.7276901006698608,
        "cost_non_linearity": 957.7788696289062,
        "cost_distance_total_intern_reflection": 16389.447265625
    },
    "weighted components": {
        "cost_dispersion": 29.0825252532959,
        "cost_distance_glasses": 1133.6920454916576,
        "cost_deviation": 81.1016616821289,
        "cost_distorsion": 11723.3310546875,
        "cost_thickness": 3848.650146484375,
        "cost_beam_compression": 1.7276901006698608,
        "cost_non_linearity": 957.7788696289062,
        "cost_distance_total_intern_reflection": 16389.447265625
    }
}