{
    "components non weights": {
        "cost_dispersion": 20.0,
        "cost_distance_glasses": 1.0,
        "cost_deviation": 1e-05,
        "cost_distorsion": 1.0,
        "cost_thickness": 1.0,
        "cost_beam_compression": 1.0,
        "cost_non_linearity": 1.0,
        "cost_distance_total_intern_reflection": 1.0
    },
    "components with weights": {
        "cost_dispersion": 4.872064590454102,
        "cost_distance_glasses": 965.5099963295097,
        "cost_deviation": 8124857.5,
        "cost_distorsion": 11848.9130859375,
        "cost_thickness": 3849.471435546875,
        "cost_beam_compression": 1.730586290359497,
        "cost_non_linearity": 955.653564453125,
        "cost_distance_total_intern_reflection": 16392.2890625
    },
    "weighted components": {
        "cost_dispersion": 97.44129180908203,
        "cost_distance_glasses": 965.5099963295097,
        "cost_deviation": 81.24857330322266,
        "cost_distorsion": 11848.9130859375,
        "cost_thickness": 3849.471435546875,
        "cost_beam_compression": 1.730586290359497,
        "cost_non_linearity": 955.653564453125,
        "cost_distance_total_intern_reflection": 16392.2890625
    }
}