{
    "components non weights": {
        "cost_dispersion": 20.0,
        "cost_distance_glasses": 1.0,
        "cost_deviation": 1e-05,
        "cost_distorsion": 1.0,
        "cost_thickness": 1.0,
        "cost_beam_compression": 1.0,
        "cost_non_linearity": 1.0,
        "cost_distance_total_intern_reflection": 1.0
    },
    "components with weights": {
        "cost_dispersion": 0.7154202461242676,
        "cost_distance_glasses": 1118.784943322103,
        "cost_deviation": 8111347.5,
        "cost_distorsion": 11799.0595703125,
        "cost_thickness": 3851.7275390625,
        "cost_beam_compression": 1.7289799451828003,
        "cost_non_linearity": 958.2339477539062,
        "cost_distance_total_intern_reflection": 16391.466796875
    },
    "weighted components": {
        "cost_dispersion": 14.308404922485352,
        "cost_distance_glasses": 1118.784943322103,
        "cost_deviation": 81.11347198486328,
        "cost_distorsion": 11799.0595703125,
        "cost_thickness": 3851.7275390625,
        "cost_beam_compression": 1.7289799451828003,
        "cost_non_linearity": 958.2339477539062,
        "cost_distance_total_intern_reflection": 16391.466796875
    }
}