{
    "components non weights": {
        "cost_dispersion": 20.0,
        "cost_distance_glasses": 1.0,
        "cost_deviation": 1e-05,
        "cost_distorsion": 1.0,
        "cost_thickness": 1.0,
        "cost_beam_compression": 1.0,
        "cost_non_linearity": 1.0,
        "cost_distance_total_intern_reflection": 1.0
    },
    "components with weights": {
        "cost_dispersion": 0.0046563297510147095,
        "cost_distance_glasses": 1282.0065874958123,
        "cost_deviation": 8139157.5,
        "cost_distorsion": 12673.1435546875,
        "cost_thickness": 3851.825927734375,
        "cost_beam_compression": 1.7257511615753174,
        "cost_non_linearity": 960.03759765625,
        "cost_distance_total_intern_reflection": 16431.65234375
    },
    "weighted components": {
        "cost_dispersion": 0.09312659502029419,
        "cost_distance_glasses": 1282.0065874958123,
        "cost_deviation": 81.39157104492188,
        "cost_distorsion": 12673.1435546875,
        "cost_thickness": 3851.825927734375,
        "cost_beam_compression": 1.7257511615753174,
        "cost_non_linearity": 960.03759765625,
        "cost_distance_total_intern_reflection": 16431.65234375
    }
}