{
    "components non weights": {
        "cost_dispersion": 20.0,
        "cost_distance_glasses": 1.0,
        "cost_deviation": 1e-05,
        "cost_distorsion": 1.0,
        "cost_thickness": 1.0,
        "cost_beam_compression": 1.0,
        "cost_non_linearity": 1.0,
        "cost_distance_total_intern_reflection": 1.0
    },
    "components with weights": {
        "cost_dispersion": 0.011776700615882874,
        "cost_distance_glasses": 0.0,
        "cost_deviation": 9041538.0,
        "cost_distorsion": 15478.017578125,
        "cost_thickness": 4184.69775390625,
        "cost_beam_compression": 1.9035661220550537,
        "cost_non_linearity": 896.3541259765625,
        "cost_distance_total_intern_reflection": 17202.283203125
    },
    "weighted components": {
        "cost_dispersion": 0.23553401231765747,
        "cost_distance_glasses": 0.0,
        "cost_deviation": 90.41537475585938,
        "cost_distorsion": 15478.017578125,
        "cost_thickness": 4184.69775390625,
        "cost_beam_compression": 1.9035661220550537,
        "cost_non_linearity": 896.3541259765625,
        "cost_distance_total_intern_reflection": 17202.283203125
    }
}