{
    "components non weights": {
        "cost_dispersion": 20.0,
        "cost_distance_glasses": 1.0,
        "cost_deviation": 1e-05,
        "cost_distorsion": 1.0,
        "cost_thickness": 1.0,
        "cost_beam_compression": 1.0,
        "cost_non_linearity": 1.0,
        "cost_distance_total_intern_reflection": 1.0
    },
    "components with weights": {
        "cost_dispersion": 1.3744356632232666,
        "cost_distance_glasses": 0.0,
        "cost_deviation": 9042191.0,
        "cost_distorsion": 13750.1982421875,
        "cost_thickness": 4184.9013671875,
        "cost_beam_compression": 1.9145482778549194,
        "cost_non_linearity": 893.9435424804688,
        "cost_distance_total_intern_reflection": 17156.7734375
    },
    "weighted components": {
        "cost_dispersion": 27.488712310791016,
        "cost_distance_glasses": 0.0,
        "cost_deviation": 90.42190551757812,
        "cost_distorsion": 13750.1982421875,
        "cost_thickness": 4184.9013671875,
        "cost_beam_compression": 1.9145482778549194,
        "cost_non_linearity": 893.9435424804688,
        "cost_distance_total_intern_reflection": 17156.7734375
    }
}