{
    "components non weights": {
        "cost_dispersion": 20.0,
        "cost_distance_glasses": 1.0,
        "cost_deviation": 1e-05,
        "cost_distorsion": 1.0,
        "cost_thickness": 1.0,
        "cost_beam_compression": 1.0,
        "cost_non_linearity": 1.0,
        "cost_distance_total_intern_reflection": 1.0
    },
    "components with weights": {
        "cost_dispersion": 23.82278823852539,
        "cost_distance_glasses": 0.0,
        "cost_deviation": 9094829.0,
        "cost_distorsion": 17092.1796875,
        "cost_thickness": 4202.1923828125,
        "cost_beam_compression": 1.9052726030349731,
        "cost_non_linearity": 904.7328491210938,
        "cost_distance_total_intern_reflection": 17281.021484375
    },
    "weighted components": {
        "cost_dispersion": 476.45574951171875,
        "cost_distance_glasses": 0.0,
        "cost_deviation": 90.94828796386719,
        "cost_distorsion": 17092.1796875,
        "cost_thickness": 4202.1923828125,
        "cost_beam_compression": 1.9052726030349731,
        "cost_non_linearity": 904.7328491210938,
        "cost_distance_total_intern_reflection": 17281.021484375
    }
}