{
    "components non weights": {
        "cost_dispersion": 20.0,
        "cost_distance_glasses": 1.0,
        "cost_deviation": 1e-05,
        "cost_distorsion": 1.0,
        "cost_thickness": 1.0,
        "cost_beam_compression": 1.0,
        "cost_non_linearity": 1.0,
        "cost_distance_total_intern_reflection": 1.0
    },
    "components with weights": {
        "cost_dispersion": 10.310903549194336,
        "cost_distance_glasses": 0.0,
        "cost_deviation": 9025700.0,
        "cost_distorsion": 14713.392578125,
        "cost_thickness": 4179.427734375,
        "cost_beam_compression": 1.9185501337051392,
        "cost_non_linearity": 890.5648193359375,
        "cost_distance_total_intern_reflection": 17113.205078125
    },
    "weighted components": {
        "cost_dispersion": 206.21807861328125,
        "cost_distance_glasses": 0.0,
        "cost_deviation": 90.25699615478516,
        "cost_distorsion": 14713.392578125,
        "cost_thickness": 4179.427734375,
        "cost_beam_compression": 1.9185501337051392,
        "cost_non_linearity": 890.5648193359375,
        "cost_distance_total_intern_reflection": 17113.205078125
    }
}