{
    "components non weights": {
        "cost_dispersion": 20.0,
        "cost_distance_glasses": 1.0,
        "cost_deviation": 1e-05,
        "cost_distorsion": 1.0,
        "cost_thickness": 1.0,
        "cost_beam_compression": 1.0,
        "cost_non_linearity": 1.0,
        "cost_distance_total_intern_reflection": 1.0
    },
    "components with weights": {
        "cost_dispersion": 2.4727869033813477,
        "cost_distance_glasses": 0.0,
        "cost_deviation": 9038879.0,
        "cost_distorsion": 13907.9873046875,
        "cost_thickness": 4183.80322265625,
        "cost_beam_compression": 1.915096640586853,
        "cost_non_linearity": 893.473876953125,
        "cost_distance_total_intern_reflection": 17149.083984375
    },
    "weighted components": {
        "cost_dispersion": 49.45573806762695,
        "cost_distance_glasses": 0.0,
        "cost_deviation": 90.38878631591797,
        "cost_distorsion": 13907.9873046875,
        "cost_thickness": 4183.80322265625,
        "cost_beam_compression": 1.915096640586853,
        "cost_non_linearity": 893.473876953125,
        "cost_distance_total_intern_reflection": 17149.083984375
    }
}