{
    "components non weights": {
        "cost_dispersion": 20.0,
        "cost_distance_glasses": 1.0,
        "cost_deviation": 1e-05,
        "cost_distorsion": 1.0,
        "cost_thickness": 1.0,
        "cost_beam_compression": 1.0,
        "cost_non_linearity": 1.0,
        "cost_distance_total_intern_reflection": 1.0
    },
    "components with weights": {
        "cost_dispersion": 8.309200286865234,
        "cost_distance_glasses": 0.0,
        "cost_deviation": 9076755.0,
        "cost_distorsion": 16007.4443359375,
        "cost_thickness": 4196.275390625,
        "cost_beam_compression": 1.90773606300354,
        "cost_non_linearity": 901.3726196289062,
        "cost_distance_total_intern_reflection": 17241.396484375
    },
    "weighted components": {
        "cost_dispersion": 166.1840057373047,
        "cost_distance_glasses": 0.0,
        "cost_deviation": 90.76754760742188,
        "cost_distorsion": 16007.4443359375,
        "cost_thickness": 4196.275390625,
        "cost_beam_compression": 1.90773606300354,
        "cost_non_linearity": 901.3726196289062,
        "cost_distance_total_intern_reflection": 17241.396484375
    }
}