{
    "components non weights": {
        "cost_dispersion": 20.0,
        "cost_distance_glasses": 1.0,
        "cost_deviation": 1e-05,
        "cost_distorsion": 1.0,
        "cost_thickness": 1.0,
        "cost_beam_compression": 1.0,
        "cost_non_linearity": 1.0,
        "cost_distance_total_intern_reflection": 1.0
    },
    "components with weights": {
        "cost_dispersion": 0.10718590021133423,
        "cost_distance_glasses": 0.0,
        "cost_deviation": 9049139.0,
        "cost_distorsion": 14213.7158203125,
        "cost_thickness": 4187.1953125,
        "cost_beam_compression": 1.912887692451477,
        "cost_non_linearity": 895.5543212890625,
        "cost_distance_total_intern_reflection": 17174.99609375
    },
    "weighted components": {
        "cost_dispersion": 2.1437180042266846,
        "cost_distance_glasses": 0.0,
        "cost_deviation": 90.49138641357422,
        "cost_distorsion": 14213.7158203125,
        "cost_thickness": 4187.1953125,
        "cost_beam_compression": 1.912887692451477,
        "cost_non_linearity": 895.5543212890625,
        "cost_distance_total_intern_reflection": 17174.99609375
    }
}