{
    "components non weights": {
        "cost_dispersion": 20.0,
        "cost_distance_glasses": 1.0,
        "cost_deviation": 1e-05,
        "cost_distorsion": 1.0,
        "cost_thickness": 1.0,
        "cost_beam_compression": 1.0,
        "cost_non_linearity": 1.0,
        "cost_distance_total_intern_reflection": 1.0
    },
    "components with weights": {
        "cost_dispersion": 28.64902114868164,
        "cost_distance_glasses": 0.0,
        "cost_deviation": 9169899.0,
        "cost_distorsion": 16719.287109375,
        "cost_thickness": 4226.65478515625,
        "cost_beam_compression": 1.9577687978744507,
        "cost_non_linearity": 905.6940307617188,
        "cost_distance_total_intern_reflection": 17179.8515625
    },
    "weighted components": {
        "cost_dispersion": 572.9804077148438,
        "cost_distance_glasses": 0.0,
        "cost_deviation": 91.69898986816406,
        "cost_distorsion": 16719.287109375,
        "cost_thickness": 4226.65478515625,
        "cost_beam_compression": 1.9577687978744507,
        "cost_non_linearity": 905.6940307617188,
        "cost_distance_total_intern_reflection": 17179.8515625
    }
}