{
    "components non weights": {
        "cost_dispersion": 20.0,
        "cost_distance_glasses": 1.0,
        "cost_deviation": 1e-05,
        "cost_distorsion": 1.0,
        "cost_thickness": 1.0,
        "cost_beam_compression": 1.0,
        "cost_non_linearity": 1.0,
        "cost_distance_total_intern_reflection": 1.0
    },
    "components with weights": {
        "cost_dispersion": 0.6528371572494507,
        "cost_distance_glasses": 0.0,
        "cost_deviation": 9045109.0,
        "cost_distorsion": 13953.8291015625,
        "cost_thickness": 4185.86474609375,
        "cost_beam_compression": 1.9137269258499146,
        "cost_non_linearity": 894.6830444335938,
        "cost_distance_total_intern_reflection": 17164.943359375
    },
    "weighted components": {
        "cost_dispersion": 13.056743621826172,
        "cost_distance_glasses": 0.0,
        "cost_deviation": 90.45108795166016,
        "cost_distorsion": 13953.8291015625,
        "cost_thickness": 4185.86474609375,
        "cost_beam_compression": 1.9137269258499146,
        "cost_non_linearity": 894.6830444335938,
        "cost_distance_total_intern_reflection": 17164.943359375
    }
}