{
    "components non weights": {
        "cost_dispersion": 20.0,
        "cost_distance_glasses": 1.0,
        "cost_deviation": 1e-05,
        "cost_distorsion": 1.0,
        "cost_thickness": 1.0,
        "cost_beam_compression": 1.0,
        "cost_non_linearity": 1.0,
        "cost_distance_total_intern_reflection": 1.0
    },
    "components with weights": {
        "cost_dispersion": 0.6103515625,
        "cost_distance_glasses": 0.0,
        "cost_deviation": 9045321.0,
        "cost_distorsion": 13954.3486328125,
        "cost_thickness": 4185.93505859375,
        "cost_beam_compression": 1.9137239456176758,
        "cost_non_linearity": 894.6998291015625,
        "cost_distance_total_intern_reflection": 17165.302734375
    },
    "weighted components": {
        "cost_dispersion": 12.20703125,
        "cost_distance_glasses": 0.0,
        "cost_deviation": 90.45320892333984,
        "cost_distorsion": 13954.3486328125,
        "cost_thickness": 4185.93505859375,
        "cost_beam_compression": 1.9137239456176758,
        "cost_non_linearity": 894.6998291015625,
        "cost_distance_total_intern_reflection": 17165.302734375
    }
}