{
    "components non weights": {
        "cost_dispersion": 20.0,
        "cost_distance_glasses": 1.0,
        "cost_deviation": 1e-05,
        "cost_distorsion": 1.0,
        "cost_thickness": 1.0,
        "cost_beam_compression": 1.0,
        "cost_non_linearity": 1.0,
        "cost_distance_total_intern_reflection": 1.0
    },
    "components with weights": {
        "cost_dispersion": 34.89027786254883,
        "cost_distance_glasses": 0.0,
        "cost_deviation": 8995717.0,
        "cost_distorsion": 15385.2421875,
        "cost_thickness": 4169.49072265625,
        "cost_beam_compression": 1.9178909063339233,
        "cost_non_linearity": 885.8670654296875,
        "cost_distance_total_intern_reflection": 17067.591796875
    },
    "weighted components": {
        "cost_dispersion": 697.8055419921875,
        "cost_distance_glasses": 0.0,
        "cost_deviation": 89.95716857910156,
        "cost_distorsion": 15385.2421875,
        "cost_thickness": 4169.49072265625,
        "cost_beam_compression": 1.9178909063339233,
        "cost_non_linearity": 885.8670654296875,
        "cost_distance_total_intern_reflection": 17067.591796875
    }
}