{
    "components non weights": {
        "cost_dispersion": 20.0,
        "cost_distance_glasses": 1.0,
        "cost_deviation": 1e-05,
        "cost_distorsion": 1.0,
        "cost_thickness": 1.0,
        "cost_beam_compression": 1.0,
        "cost_non_linearity": 1.0,
        "cost_distance_total_intern_reflection": 1.0
    },
    "components with weights": {
        "cost_dispersion": 1.3225561380386353,
        "cost_distance_glasses": 0.0,
        "cost_deviation": 9042613.0,
        "cost_distorsion": 13742.095703125,
        "cost_thickness": 4185.03955078125,
        "cost_beam_compression": 1.914568543434143,
        "cost_non_linearity": 893.9725952148438,
        "cost_distance_total_intern_reflection": 17157.359375
    },
    "weighted components": {
        "cost_dispersion": 26.451122283935547,
        "cost_distance_glasses": 0.0,
        "cost_deviation": 90.4261245727539,
        "cost_distorsion": 13742.095703125,
        "cost_thickness": 4185.03955078125,
        "cost_beam_compression": 1.914568543434143,
        "cost_non_linearity": 893.9725952148438,
        "cost_distance_total_intern_reflection": 17157.359375
    }
}