{
    "components non weights": {
        "cost_dispersion": 20.0,
        "cost_distance_glasses": 1.0,
        "cost_deviation": 1e-05,
        "cost_distorsion": 1.0,
        "cost_thickness": 1.0,
        "cost_beam_compression": 1.0,
        "cost_non_linearity": 1.0,
        "cost_distance_total_intern_reflection": 1.0
    },
    "components with weights": {
        "cost_dispersion": 45.556732177734375,
        "cost_distance_glasses": 0.0,
        "cost_deviation": 8995392.0,
        "cost_distorsion": 16360.5361328125,
        "cost_thickness": 4169.3154296875,
        "cost_beam_compression": 1.92452073097229,
        "cost_non_linearity": 884.2266845703125,
        "cost_distance_total_intern_reflection": 17039.10546875
    },
    "weighted components": {
        "cost_dispersion": 911.1346435546875,
        "cost_distance_glasses": 0.0,
        "cost_deviation": 89.95391845703125,
        "cost_distorsion": 16360.5361328125,
        "cost_thickness": 4169.3154296875,
        "cost_beam_compression": 1.92452073097229,
        "cost_non_linearity": 884.2266845703125,
        "cost_distance_total_intern_reflection": 17039.10546875
    }
}