{
    "components non weights": {
        "cost_dispersion": 20.0,
        "cost_distance_glasses": 1.0,
        "cost_deviation": 1e-05,
        "cost_distorsion": 1.0,
        "cost_thickness": 1.0,
        "cost_beam_compression": 1.0,
        "cost_non_linearity": 1.0,
        "cost_distance_total_intern_reflection": 1.0
    },
    "components with weights": {
        "cost_dispersion": 8.489981651306152,
        "cost_distance_glasses": 0.0,
        "cost_deviation": 9084954.0,
        "cost_distorsion": 15315.4072265625,
        "cost_thickness": 4198.9794921875,
        "cost_beam_compression": 1.9136261940002441,
        "cost_non_linearity": 901.037109375,
        "cost_distance_total_intern_reflection": 17229.634765625
    },
    "weighted components": {
        "cost_dispersion": 169.7996368408203,
        "cost_distance_glasses": 0.0,
        "cost_deviation": 90.84954071044922,
        "cost_distorsion": 15315.4072265625,
        "cost_thickness": 4198.9794921875,
        "cost_beam_compression": 1.9136261940002441,
        "cost_non_linearity": 901.037109375,
        "cost_distance_total_intern_reflection": 17229.634765625
    }
}