{
    "components non weights": {
        "cost_dispersion": 20.0,
        "cost_distance_glasses": 1.0,
        "cost_deviation": 1e-05,
        "cost_distorsion": 1.0,
        "cost_thickness": 1.0,
        "cost_beam_compression": 1.0,
        "cost_non_linearity": 1.0,
        "cost_distance_total_intern_reflection": 1.0
    },
    "components with weights": {
        "cost_dispersion": 1.2563037872314453,
        "cost_distance_glasses": 0.0,
        "cost_deviation": 9042767.0,
        "cost_distorsion": 13748.4482421875,
        "cost_thickness": 4185.091796875,
        "cost_beam_compression": 1.9145458936691284,
        "cost_non_linearity": 894.1672973632812,
        "cost_distance_total_intern_reflection": 17157.70703125
    },
    "weighted components": {
        "cost_dispersion": 25.126075744628906,
        "cost_distance_glasses": 0.0,
        "cost_deviation": 90.42766571044922,
        "cost_distorsion": 13748.4482421875,
        "cost_thickness": 4185.091796875,
        "cost_beam_compression": 1.9145458936691284,
        "cost_non_linearity": 894.1672973632812,
        "cost_distance_total_intern_reflection": 17157.70703125
    }
}