{
    "components non weights": {
        "cost_dispersion": 20.0,
        "cost_distance_glasses": 1.0,
        "cost_deviation": 1e-05,
        "cost_distorsion": 1.0,
        "cost_thickness": 1.0,
        "cost_beam_compression": 1.0,
        "cost_non_linearity": 1.0,
        "cost_distance_total_intern_reflection": 1.0
    },
    "components with weights": {
        "cost_dispersion": 1.5248873233795166,
        "cost_distance_glasses": 0.0,
        "cost_deviation": 9041983.0,
        "cost_distorsion": 13787.09375,
        "cost_thickness": 4184.83154296875,
        "cost_beam_compression": 1.9147688150405884,
        "cost_non_linearity": 894.0531616210938,
        "cost_distance_total_intern_reflection": 17155.505859375
    },
    "weighted components": {
        "cost_dispersion": 30.497745513916016,
        "cost_distance_glasses": 0.0,
        "cost_deviation": 90.41983032226562,
        "cost_distorsion": 13787.09375,
        "cost_thickness": 4184.83154296875,
        "cost_beam_compression": 1.9147688150405884,
        "cost_non_linearity": 894.0531616210938,
        "cost_distance_total_intern_reflection": 17155.505859375
    }
}