{
    "components non weights": {
        "cost_dispersion": 20.0,
        "cost_distance_glasses": 1.0,
        "cost_deviation": 1e-05,
        "cost_distorsion": 1.0,
        "cost_thickness": 1.0,
        "cost_beam_compression": 1.0,
        "cost_non_linearity": 1.0,
        "cost_distance_total_intern_reflection": 1.0
    },
    "components with weights": {
        "cost_dispersion": 2.458793878555298,
        "cost_distance_glasses": 0.0,
        "cost_deviation": 9037128.0,
        "cost_distorsion": 13779.529296875,
        "cost_thickness": 4183.23046875,
        "cost_beam_compression": 1.9138991832733154,
        "cost_non_linearity": 893.3978881835938,
        "cost_distance_total_intern_reflection": 17151.33984375
    },
    "weighted components": {
        "cost_dispersion": 49.17587661743164,
        "cost_distance_glasses": 0.0,
        "cost_deviation": 90.37127685546875,
        "cost_distorsion": 13779.529296875,
        "cost_thickness": 4183.23046875,
        "cost_beam_compression": 1.9138991832733154,
        "cost_non_linearity": 893.3978881835938,
        "cost_distance_total_intern_reflection": 17151.33984375
    }
}