{
    "components non weights": {
        "cost_dispersion": 20.0,
        "cost_distance_glasses": 1.0,
        "cost_deviation": 1e-05,
        "cost_distorsion": 1.0,
        "cost_thickness": 1.0,
        "cost_beam_compression": 1.0,
        "cost_non_linearity": 1.0,
        "cost_distance_total_intern_reflection": 1.0
    },
    "components with weights": {
        "cost_dispersion": 1.0410624742507935,
        "cost_distance_glasses": 0.0,
        "cost_deviation": 9042851.0,
        "cost_distorsion": 13886.0234375,
        "cost_thickness": 4185.12060546875,
        "cost_beam_compression": 1.9136601686477661,
        "cost_non_linearity": 894.2600708007812,
        "cost_distance_total_intern_reflection": 17161.58203125
    },
    "weighted components": {
        "cost_dispersion": 20.82124900817871,
        "cost_distance_glasses": 0.0,
        "cost_deviation": 90.42850494384766,
        "cost_distorsion": 13886.0234375,
        "cost_thickness": 4185.12060546875,
        "cost_beam_compression": 1.9136601686477661,
        "cost_non_linearity": 894.2600708007812,
        "cost_distance_total_intern_reflection": 17161.58203125
    }
}