{
    "components non weights": {
        "cost_dispersion": 20.0,
        "cost_distance_glasses": 1.0,
        "cost_deviation": 1e-05,
        "cost_distorsion": 1.0,
        "cost_thickness": 1.0,
        "cost_beam_compression": 1.0,
        "cost_non_linearity": 1.0,
        "cost_distance_total_intern_reflection": 1.0
    },
    "components with weights": {
        "cost_dispersion": 0.5007566213607788,
        "cost_distance_glasses": 0.0,
        "cost_deviation": 9052872.0,
        "cost_distorsion": 15263.0576171875,
        "cost_thickness": 4188.4306640625,
        "cost_beam_compression": 1.9072484970092773,
        "cost_non_linearity": 897.2939453125,
        "cost_distance_total_intern_reflection": 17204.955078125
    },
    "weighted components": {
        "cost_dispersion": 10.015132904052734,
        "cost_distance_glasses": 0.0,
        "cost_deviation": 90.52871704101562,
        "cost_distorsion": 15263.0576171875,
        "cost_thickness": 4188.4306640625,
        "cost_beam_compression": 1.9072484970092773,
        "cost_non_linearity": 897.2939453125,
        "cost_distance_total_intern_reflection": 17204.955078125
    }
}