{
    "components non weights": {
        "cost_dispersion": 20.0,
        "cost_distance_glasses": 1.0,
        "cost_deviation": 1e-05,
        "cost_distorsion": 1.0,
        "cost_thickness": 1.0,
        "cost_beam_compression": 1.0,
        "cost_non_linearity": 1.0,
        "cost_distance_total_intern_reflection": 1.0
    },
    "components with weights": {
        "cost_dispersion": 0.23859742283821106,
        "cost_distance_glasses": 0.0,
        "cost_deviation": 9047930.0,
        "cost_distorsion": 14108.138671875,
        "cost_thickness": 4186.794921875,
        "cost_beam_compression": 1.913260817527771,
        "cost_non_linearity": 895.1436767578125,
        "cost_distance_total_intern_reflection": 17171.447265625
    },
    "weighted components": {
        "cost_dispersion": 4.771948337554932,
        "cost_distance_glasses": 0.0,
        "cost_deviation": 90.47930145263672,
        "cost_distorsion": 14108.138671875,
        "cost_thickness": 4186.794921875,
        "cost_beam_compression": 1.913260817527771,
        "cost_non_linearity": 895.1436767578125,
        "cost_distance_total_intern_reflection": 17171.447265625
    }
}