{
    "components non weights": {
        "cost_dispersion": 20.0,
        "cost_distance_glasses": 1.0,
        "cost_deviation": 1e-05,
        "cost_distorsion": 1.0,
        "cost_thickness": 1.0,
        "cost_beam_compression": 1.0,
        "cost_non_linearity": 1.0,
        "cost_distance_total_intern_reflection": 1.0
    },
    "components with weights": {
        "cost_dispersion": 0.004639685153961182,
        "cost_distance_glasses": 0.0,
        "cost_deviation": 9070956.0,
        "cost_distorsion": 14647.1357421875,
        "cost_thickness": 4194.3369140625,
        "cost_beam_compression": 1.926068663597107,
        "cost_non_linearity": 896.3033447265625,
        "cost_distance_total_intern_reflection": 17154.419921875
    },
    "weighted components": {
        "cost_dispersion": 0.09279370307922363,
        "cost_distance_glasses": 0.0,
        "cost_deviation": 90.70955657958984,
        "cost_distorsion": 14647.1357421875,
        "cost_thickness": 4194.3369140625,
        "cost_beam_compression": 1.926068663597107,
        "cost_non_linearity": 896.3033447265625,
        "cost_distance_total_intern_reflection": 17154.419921875
    }
}