{
    "components non weights": {
        "cost_dispersion": 20.0,
        "cost_distance_glasses": 1.0,
        "cost_deviation": 1e-05,
        "cost_distorsion": 1.0,
        "cost_thickness": 1.0,
        "cost_beam_compression": 1.0,
        "cost_non_linearity": 1.0,
        "cost_distance_total_intern_reflection": 1.0
    },
    "components with weights": {
        "cost_dispersion": 1.4220678806304932,
        "cost_distance_glasses": 0.0,
        "cost_deviation": 9042369.0,
        "cost_distorsion": 13755.2373046875,
        "cost_thickness": 4184.95751953125,
        "cost_beam_compression": 1.9146543741226196,
        "cost_non_linearity": 893.8585205078125,
        "cost_distance_total_intern_reflection": 17156.58984375
    },
    "weighted components": {
        "cost_dispersion": 28.441356658935547,
        "cost_distance_glasses": 0.0,
        "cost_deviation": 90.42369079589844,
        "cost_distorsion": 13755.2373046875,
        "cost_thickness": 4184.95751953125,
        "cost_beam_compression": 1.9146543741226196,
        "cost_non_linearity": 893.8585205078125,
        "cost_distance_total_intern_reflection": 17156.58984375
    }
}