{
    "components non weights": {
        "cost_dispersion": 20.0,
        "cost_distance_glasses": 1.0,
        "cost_deviation": 1e-05,
        "cost_distorsion": 1.0,
        "cost_thickness": 1.0,
        "cost_beam_compression": 1.0,
        "cost_non_linearity": 1.0,
        "cost_distance_total_intern_reflection": 1.0
    },
    "components with weights": {
        "cost_dispersion": 0.3574848771095276,
        "cost_distance_glasses": 0.0,
        "cost_deviation": 9046426.0,
        "cost_distorsion": 14093.1220703125,
        "cost_thickness": 4186.30224609375,
        "cost_beam_compression": 1.9130897521972656,
        "cost_non_linearity": 895.1143798828125,
        "cost_distance_total_intern_reflection": 17169.78515625
    },
    "weighted components": {
        "cost_dispersion": 7.149697303771973,
        "cost_distance_glasses": 0.0,
        "cost_deviation": 90.4642562866211,
        "cost_distorsion": 14093.1220703125,
        "cost_thickness": 4186.30224609375,
        "cost_beam_compression": 1.9130897521972656,
        "cost_non_linearity": 895.1143798828125,
        "cost_distance_total_intern_reflection": 17169.78515625
    }
}