{
    "components non weights": {
        "cost_dispersion": 20.0,
        "cost_distance_glasses": 1.0,
        "cost_deviation": 1e-05,
        "cost_distorsion": 1.0,
        "cost_thickness": 1.0,
        "cost_beam_compression": 1.0,
        "cost_non_linearity": 1.0,
        "cost_distance_total_intern_reflection": 1.0
    },
    "components with weights": {
        "cost_dispersion": 1.519465446472168,
        "cost_distance_glasses": 0.0,
        "cost_deviation": 9041979.0,
        "cost_distorsion": 13784.169921875,
        "cost_thickness": 4184.82666015625,
        "cost_beam_compression": 1.9148004055023193,
        "cost_non_linearity": 894.1500854492188,
        "cost_distance_total_intern_reflection": 17155.341796875
    },
    "weighted components": {
        "cost_dispersion": 30.38930892944336,
        "cost_distance_glasses": 0.0,
        "cost_deviation": 90.41978454589844,
        "cost_distorsion": 13784.169921875,
        "cost_thickness": 4184.82666015625,
        "cost_beam_compression": 1.9148004055023193,
        "cost_non_linearity": 894.1500854492188,
        "cost_distance_total_intern_reflection": 17155.341796875
    }
}