{
    "components non weights": {
        "cost_dispersion": 20.0,
        "cost_distance_glasses": 1.0,
        "cost_deviation": 1e-05,
        "cost_distorsion": 1.0,
        "cost_thickness": 1.0,
        "cost_beam_compression": 1.0,
        "cost_non_linearity": 1.0,
        "cost_distance_total_intern_reflection": 1.0
    },
    "components with weights": {
        "cost_dispersion": 1.1247596740722656,
        "cost_distance_glasses": 0.0,
        "cost_deviation": 9043795.0,
        "cost_distorsion": 13743.75390625,
        "cost_thickness": 4185.4287109375,
        "cost_beam_compression": 1.914781928062439,
        "cost_non_linearity": 894.2306518554688,
        "cost_distance_total_intern_reflection": 17158.369140625
    },
    "weighted components": {
        "cost_dispersion": 22.495193481445312,
        "cost_distance_glasses": 0.0,
        "cost_deviation": 90.43795013427734,
        "cost_distorsion": 13743.75390625,
        "cost_thickness": 4185.4287109375,
        "cost_beam_compression": 1.914781928062439,
        "cost_non_linearity": 894.2306518554688,
        "cost_distance_total_intern_reflection": 17158.369140625
    }
}