{
    "components non weights": {
        "cost_dispersion": 20.0,
        "cost_distance_glasses": 1.0,
        "cost_deviation": 1e-05,
        "cost_distorsion": 1.0,
        "cost_thickness": 1.0,
        "cost_beam_compression": 1.0,
        "cost_non_linearity": 1.0,
        "cost_distance_total_intern_reflection": 1.0
    },
    "components with weights": {
        "cost_dispersion": 11.280070304870605,
        "cost_distance_glasses": 0.0,
        "cost_deviation": 9016933.0,
        "cost_distorsion": 14159.7763671875,
        "cost_thickness": 4176.55712890625,
        "cost_beam_compression": 1.9130361080169678,
        "cost_non_linearity": 890.345458984375,
        "cost_distance_total_intern_reflection": 17122.37890625
    },
    "weighted components": {
        "cost_dispersion": 225.60140991210938,
        "cost_distance_glasses": 0.0,
        "cost_deviation": 90.16932678222656,
        "cost_distorsion": 14159.7763671875,
        "cost_thickness": 4176.55712890625,
        "cost_beam_compression": 1.9130361080169678,
        "cost_non_linearity": 890.345458984375,
        "cost_distance_total_intern_reflection": 17122.37890625
    }
}