{
    "components non weights": {
        "cost_dispersion": 20.0,
        "cost_distance_glasses": 1.0,
        "cost_deviation": 1e-05,
        "cost_distorsion": 1.0,
        "cost_thickness": 1.0,
        "cost_beam_compression": 1.0,
        "cost_non_linearity": 1.0,
        "cost_distance_total_intern_reflection": 1.0
    },
    "components with weights": {
        "cost_dispersion": 7.602163791656494,
        "cost_distance_glasses": 0.0,
        "cost_deviation": 9029871.0,
        "cost_distorsion": 14541.8427734375,
        "cost_thickness": 4180.8115234375,
        "cost_beam_compression": 1.9180750846862793,
        "cost_non_linearity": 891.2103271484375,
        "cost_distance_total_intern_reflection": 17121.96875
    },
    "weighted components": {
        "cost_dispersion": 152.04327392578125,
        "cost_distance_glasses": 0.0,
        "cost_deviation": 90.2987060546875,
        "cost_distorsion": 14541.8427734375,
        "cost_thickness": 4180.8115234375,
        "cost_beam_compression": 1.9180750846862793,
        "cost_non_linearity": 891.2103271484375,
        "cost_distance_total_intern_reflection": 17121.96875
    }
}