{
    "components non weights": {
        "cost_dispersion": 20.0,
        "cost_distance_glasses": 1.0,
        "cost_deviation": 1e-05,
        "cost_distorsion": 1.0,
        "cost_thickness": 1.0,
        "cost_beam_compression": 1.0,
        "cost_non_linearity": 1.0,
        "cost_distance_total_intern_reflection": 1.0
    },
    "components with weights": {
        "cost_dispersion": 1.416541576385498,
        "cost_distance_glasses": 0.0,
        "cost_deviation": 9052518.0,
        "cost_distorsion": 14602.8486328125,
        "cost_thickness": 4188.2734375,
        "cost_beam_compression": 1.9225144386291504,
        "cost_non_linearity": 894.0025024414062,
        "cost_distance_total_intern_reflection": 17139.728515625
    },
    "weighted components": {
        "cost_dispersion": 28.33083152770996,
        "cost_distance_glasses": 0.0,
        "cost_deviation": 90.52517700195312,
        "cost_distorsion": 14602.8486328125,
        "cost_thickness": 4188.2734375,
        "cost_beam_compression": 1.9225144386291504,
        "cost_non_linearity": 894.0025024414062,
        "cost_distance_total_intern_reflection": 17139.728515625
    }
}