{
    "components non weights": {
        "cost_dispersion": 20.0,
        "cost_distance_glasses": 1.0,
        "cost_deviation": 1e-05,
        "cost_distorsion": 1.0,
        "cost_thickness": 1.0,
        "cost_beam_compression": 1.0,
        "cost_non_linearity": 1.0,
        "cost_distance_total_intern_reflection": 1.0
    },
    "components with weights": {
        "cost_dispersion": 1.0778758525848389,
        "cost_distance_glasses": 0.0,
        "cost_deviation": 9042494.0,
        "cost_distorsion": 13895.05859375,
        "cost_thickness": 4185.00146484375,
        "cost_beam_compression": 1.9135469198226929,
        "cost_non_linearity": 894.4801635742188,
        "cost_distance_total_intern_reflection": 17161.494140625
    },
    "weighted components": {
        "cost_dispersion": 21.557518005371094,
        "cost_distance_glasses": 0.0,
        "cost_deviation": 90.42493438720703,
        "cost_distorsion": 13895.05859375,
        "cost_thickness": 4185.00146484375,
        "cost_beam_compression": 1.9135469198226929,
        "cost_non_linearity": 894.4801635742188,
        "cost_distance_total_intern_reflection": 17161.494140625
    }
}