{
    "components non weights": {
        "cost_dispersion": 20.0,
        "cost_distance_glasses": 1.0,
        "cost_deviation": 1e-05,
        "cost_distorsion": 1.0,
        "cost_thickness": 1.0,
        "cost_beam_compression": 1.0,
        "cost_non_linearity": 1.0,
        "cost_distance_total_intern_reflection": 1.0
    },
    "components with weights": {
        "cost_dispersion": 24.19422149658203,
        "cost_distance_glasses": 0.0,
        "cost_deviation": 9076910.0,
        "cost_distorsion": 21513.26171875,
        "cost_thickness": 4195.61474609375,
        "cost_beam_compression": 1.9713044166564941,
        "cost_non_linearity": 887.6690673828125,
        "cost_distance_total_intern_reflection": 16974.0703125
    },
    "weighted components": {
        "cost_dispersion": 483.8844299316406,
        "cost_distance_glasses": 0.0,
        "cost_deviation": 90.76909637451172,
        "cost_distorsion": 21513.26171875,
        "cost_thickness": 4195.61474609375,
        "cost_beam_compression": 1.9713044166564941,
        "cost_non_linearity": 887.6690673828125,
        "cost_distance_total_intern_reflection": 16974.0703125
    }
}