{
    "components non weights": {
        "cost_dispersion": 20.0,
        "cost_distance_glasses": 1.0,
        "cost_deviation": 1e-05,
        "cost_distorsion": 1.0,
        "cost_thickness": 1.0,
        "cost_beam_compression": 1.0,
        "cost_non_linearity": 1.0,
        "cost_distance_total_intern_reflection": 1.0
    },
    "components with weights": {
        "cost_dispersion": 0.0018938221037387848,
        "cost_distance_glasses": 0.0,
        "cost_deviation": 9053129.0,
        "cost_distorsion": 14230.3681640625,
        "cost_thickness": 4188.50927734375,
        "cost_beam_compression": 1.9136202335357666,
        "cost_non_linearity": 896.0192260742188,
        "cost_distance_total_intern_reflection": 17178.341796875
    },
    "weighted components": {
        "cost_dispersion": 0.037876442074775696,
        "cost_distance_glasses": 0.0,
        "cost_deviation": 90.53128814697266,
        "cost_distorsion": 14230.3681640625,
        "cost_thickness": 4188.50927734375,
        "cost_beam_compression": 1.9136202335357666,
        "cost_non_linearity": 896.0192260742188,
        "cost_distance_total_intern_reflection": 17178.341796875
    }
}