{
    "components non weights": {
        "cost_dispersion": 20.0,
        "cost_distance_glasses": 1.0,
        "cost_deviation": 1e-05,
        "cost_distorsion": 1.0,
        "cost_thickness": 1.0,
        "cost_beam_compression": 1.0,
        "cost_non_linearity": 1.0,
        "cost_distance_total_intern_reflection": 1.0
    },
    "components with weights": {
        "cost_dispersion": 7.309854984283447,
        "cost_distance_glasses": 0.0,
        "cost_deviation": 9027741.0,
        "cost_distorsion": 14315.974609375,
        "cost_thickness": 4180.119140625,
        "cost_beam_compression": 1.9160616397857666,
        "cost_non_linearity": 891.3031616210938,
        "cost_distance_total_intern_reflection": 17127.03515625
    },
    "weighted components": {
        "cost_dispersion": 146.1970977783203,
        "cost_distance_glasses": 0.0,
        "cost_deviation": 90.27740478515625,
        "cost_distorsion": 14315.974609375,
        "cost_thickness": 4180.119140625,
        "cost_beam_compression": 1.9160616397857666,
        "cost_non_linearity": 891.3031616210938,
        "cost_distance_total_intern_reflection": 17127.03515625
    }
}