{
    "components non weights": {
        "cost_dispersion": 20.0,
        "cost_distance_glasses": 1.0,
        "cost_deviation": 1e-05,
        "cost_distorsion": 1.0,
        "cost_thickness": 1.0,
        "cost_beam_compression": 1.0,
        "cost_non_linearity": 1.0,
        "cost_distance_total_intern_reflection": 1.0
    },
    "components with weights": {
        "cost_dispersion": 4918.77392578125,
        "cost_distance_glasses": 0.0,
        "cost_deviation": 8065988.5,
        "cost_distorsion": 12486.2939453125,
        "cost_thickness": 3852.66845703125,
        "cost_beam_compression": 1.730489730834961,
        "cost_non_linearity": 776.3705444335938,
        "cost_distance_total_intern_reflection": 16336.7177734375
    },
    "weighted components": {
        "cost_dispersion": 98375.4765625,
        "cost_distance_glasses": 0.0,
        "cost_deviation": 80.65988159179688,
        "cost_distorsion": 12486.2939453125,
        "cost_thickness": 3852.66845703125,
        "cost_beam_compression": 1.730489730834961,
        "cost_non_linearity": 776.3705444335938,
        "cost_distance_total_intern_reflection": 16336.7177734375
    }
}