{
    "components non weights": {
        "cost_dispersion": 20.0,
        "cost_distance_glasses": 1.0,
        "cost_deviation": 1e-05,
        "cost_distorsion": 1.0,
        "cost_thickness": 1.0,
        "cost_beam_compression": 1.0,
        "cost_non_linearity": 1.0,
        "cost_distance_total_intern_reflection": 1.0
    },
    "components with weights": {
        "cost_dispersion": 937.7485961914062,
        "cost_distance_glasses": 0.0,
        "cost_deviation": 8648296.0,
        "cost_distorsion": 15289.8037109375,
        "cost_thickness": 4053.3173828125,
        "cost_beam_compression": 1.855541467666626,
        "cost_non_linearity": 842.9962158203125,
        "cost_distance_total_intern_reflection": 16766.74609375
    },
    "weighted components": {
        "cost_dispersion": 18754.97265625,
        "cost_distance_glasses": 0.0,
        "cost_deviation": 86.48295593261719,
        "cost_distorsion": 15289.8037109375,
        "cost_thickness": 4053.3173828125,
        "cost_beam_compression": 1.855541467666626,
        "cost_non_linearity": 842.9962158203125,
        "cost_distance_total_intern_reflection": 16766.74609375
    }
}