{
    "components non weights": {
        "cost_dispersion": 2.0,
        "cost_distance_glasses": 1.0,
        "cost_deviation": 1,
        "cost_distorsion": 1.0,
        "cost_thickness": 1.0,
        "cost_beam_compression": 1.0,
        "cost_non_linearity": 1.0,
        "cost_distance_total_intern_reflection": 1.0
    },
    "components with weights": {
        "cost_dispersion": 6.602427959442139,
        "cost_distance_glasses": 0.0,
        "cost_deviation": 2.527479648590088,
        "cost_distorsion": 19.356689453125,
        "cost_thickness": 3348.502197265625,
        "cost_beam_compression": 1.9070738554000854,
        "cost_non_linearity": 619.2724609375,
        "cost_distance_total_intern_reflection": 13003.8544921875
    },
    "weighted components": {
        "cost_dispersion": 13.204855918884277,
        "cost_distance_glasses": 0.0,
        "cost_deviation": 2.527479648590088,
        "cost_distorsion": 19.356689453125,
        "cost_thickness": 3348.502197265625,
        "cost_beam_compression": 1.9070738554000854,
        "cost_non_linearity": 619.2724609375,
        "cost_distance_total_intern_reflection": 13003.8544921875
    }
}{
    "components non weights": {
        "cost_dispersion": 2.0,
        "cost_distance_glasses": 1.0,
        "cost_deviation": 1,
        "cost_distorsion": 1.0,
        "cost_thickness": 1.0,
        "cost_beam_compression": 1.0,
        "cost_non_linearity": 1.0,
        "cost_distance_total_intern_reflection": 1.0
    },
    "components with weights": {
        "cost_dispersion": 6.602427959442139,
        "cost_distance_glasses": 0.0,
        "cost_deviation": 2.527479648590088,
        "cost_distorsion": 19.356689453125,
        "cost_thickness": 3348.502197265625,
        "cost_beam_compression": 1.9070738554000854,
        "cost_non_linearity": 619.2724609375,
        "cost_distance_total_intern_reflection": 13003.8544921875
    },
    "weighted components": {
        "cost_dispersion": 13.204855918884277,
        "cost_distance_glasses": 0.0,
        "cost_deviation": 2.527479648590088,
        "cost_distorsion": 19.356689453125,
        "cost_thickness": 3348.502197265625,
        "cost_beam_compression": 1.9070738554000854,
        "cost_non_linearity": 619.2724609375,
        "cost_distance_total_intern_reflection": 13003.8544921875
    }
}