{
    "components non weights": {
        "cost_dispersion": 2.0,
        "cost_distance_glasses": 1.0,
        "cost_deviation": 1,
        "cost_distorsion": 1.0,
        "cost_thickness": 1.0,
        "cost_beam_compression": 1.0,
        "cost_non_linearity": 1.0,
        "cost_distance_total_intern_reflection": 1.0
    },
    "components with weights": {
        "cost_dispersion": 4.879611968994141,
        "cost_distance_glasses": 0.0,
        "cost_deviation": 5.476664066314697,
        "cost_distorsion": 18.84042739868164,
        "cost_thickness": 3348.22119140625,
        "cost_beam_compression": 1.90743088722229,
        "cost_non_linearity": 619.7835083007812,
        "cost_distance_total_intern_reflection": 13010.74609375
    },
    "weighted components": {
        "cost_dispersion": 9.759223937988281,
        "cost_distance_glasses": 0.0,
        "cost_deviation": 5.476664066314697,
        "cost_distorsion": 18.84042739868164,
        "cost_thickness": 3348.22119140625,
        "cost_beam_compression": 1.90743088722229,
        "cost_non_linearity": 619.7835083007812,
        "cost_distance_total_intern_reflection": 13010.74609375
    }
}{
    "components non weights": {
        "cost_dispersion": 2.0,
        "cost_distance_glasses": 1.0,
        "cost_deviation": 1,
        "cost_distorsion": 1.0,
        "cost_thickness": 1.0,
        "cost_beam_compression": 1.0,
        "cost_non_linearity": 1.0,
        "cost_distance_total_intern_reflection": 1.0
    },
    "components with weights": {
        "cost_dispersion": 4.879611968994141,
        "cost_distance_glasses": 0.0,
        "cost_deviation": 5.476664066314697,
        "cost_distorsion": 18.84042739868164,
        "cost_thickness": 3348.22119140625,
        "cost_beam_compression": 1.90743088722229,
        "cost_non_linearity": 619.7835083007812,
        "cost_distance_total_intern_reflection": 13010.74609375
    },
    "weighted components": {
        "cost_dispersion": 9.759223937988281,
        "cost_distance_glasses": 0.0,
        "cost_deviation": 5.476664066314697,
        "cost_distorsion": 18.84042739868164,
        "cost_thickness": 3348.22119140625,
        "cost_beam_compression": 1.90743088722229,
        "cost_non_linearity": 619.7835083007812,
        "cost_distance_total_intern_reflection": 13010.74609375
    }
}