{
    "components non weights": {
        "cost_dispersion": 2.0,
        "cost_distance_glasses": 1.0,
        "cost_deviation": 1,
        "cost_distorsion": 1.0,
        "cost_thickness": 1.0,
        "cost_beam_compression": 1.0,
        "cost_non_linearity": 1.0,
        "cost_distance_total_intern_reflection": 1.0
    },
    "components with weights": {
        "cost_dispersion": 9.103568077087402,
        "cost_distance_glasses": 0.0,
        "cost_deviation": 0.13744880259037018,
        "cost_distorsion": 20.346261978149414,
        "cost_thickness": 3349.76904296875,
        "cost_beam_compression": 1.9069939851760864,
        "cost_non_linearity": 618.6454467773438,
        "cost_distance_total_intern_reflection": 13014.5859375
    },
    "weighted components": {
        "cost_dispersion": 18.207136154174805,
        "cost_distance_glasses": 0.0,
        "cost_deviation": 0.13744880259037018,
        "cost_distorsion": 20.346261978149414,
        "cost_thickness": 3349.76904296875,
        "cost_beam_compression": 1.9069939851760864,
        "cost_non_linearity": 618.6454467773438,
        "cost_distance_total_intern_reflection": 13014.5859375
    }
}{
    "components non weights": {
        "cost_dispersion": 2.0,
        "cost_distance_glasses": 1.0,
        "cost_deviation": 1,
        "cost_distorsion": 1.0,
        "cost_thickness": 1.0,
        "cost_beam_compression": 1.0,
        "cost_non_linearity": 1.0,
        "cost_distance_total_intern_reflection": 1.0
    },
    "components with weights": {
        "cost_dispersion": 9.103568077087402,
        "cost_distance_glasses": 0.0,
        "cost_deviation": 0.13744880259037018,
        "cost_distorsion": 20.346261978149414,
        "cost_thickness": 3349.76904296875,
        "cost_beam_compression": 1.9069939851760864,
        "cost_non_linearity": 618.6454467773438,
        "cost_distance_total_intern_reflection": 13014.5859375
    },
    "weighted components": {
        "cost_dispersion": 18.207136154174805,
        "cost_distance_glasses": 0.0,
        "cost_deviation": 0.13744880259037018,
        "cost_distorsion": 20.346261978149414,
        "cost_thickness": 3349.76904296875,
        "cost_beam_compression": 1.9069939851760864,
        "cost_non_linearity": 618.6454467773438,
        "cost_distance_total_intern_reflection": 13014.5859375
    }
}