{
    "components non weights": {
        "cost_dispersion": 2.0,
        "cost_distance_glasses": 1.0,
        "cost_deviation": 1,
        "cost_distorsion": 1.0,
        "cost_thickness": 1.0,
        "cost_beam_compression": 1.0,
        "cost_non_linearity": 1.0,
        "cost_distance_total_intern_reflection": 1.0
    },
    "components with weights": {
        "cost_dispersion": 11.809693336486816,
        "cost_distance_glasses": 0.0,
        "cost_deviation": 0.03998943418264389,
        "cost_distorsion": 20.668582916259766,
        "cost_thickness": 3349.076416015625,
        "cost_beam_compression": 1.9061845541000366,
        "cost_non_linearity": 618.0823364257812,
        "cost_distance_total_intern_reflection": 13018.630859375
    },
    "weighted components": {
        "cost_dispersion": 23.619386672973633,
        "cost_distance_glasses": 0.0,
        "cost_deviation": 0.03998943418264389,
        "cost_distorsion": 20.668582916259766,
        "cost_thickness": 3349.076416015625,
        "cost_beam_compression": 1.9061845541000366,
        "cost_non_linearity": 618.0823364257812,
        "cost_distance_total_intern_reflection": 13018.630859375
    }
}{
    "components non weights": {
        "cost_dispersion": 2.0,
        "cost_distance_glasses": 1.0,
        "cost_deviation": 1,
        "cost_distorsion": 1.0,
        "cost_thickness": 1.0,
        "cost_beam_compression": 1.0,
        "cost_non_linearity": 1.0,
        "cost_distance_total_intern_reflection": 1.0
    },
    "components with weights": {
        "cost_dispersion": 11.809693336486816,
        "cost_distance_glasses": 0.0,
        "cost_deviation": 0.03998943418264389,
        "cost_distorsion": 20.668582916259766,
        "cost_thickness": 3349.076416015625,
        "cost_beam_compression": 1.9061845541000366,
        "cost_non_linearity": 618.0823364257812,
        "cost_distance_total_intern_reflection": 13018.630859375
    },
    "weighted components": {
        "cost_dispersion": 23.619386672973633,
        "cost_distance_glasses": 0.0,
        "cost_deviation": 0.03998943418264389,
        "cost_distorsion": 20.668582916259766,
        "cost_thickness": 3349.076416015625,
        "cost_beam_compression": 1.9061845541000366,
        "cost_non_linearity": 618.0823364257812,
        "cost_distance_total_intern_reflection": 13018.630859375
    }
}