{
    "components non weights": {
        "cost_dispersion": 2.0,
        "cost_distance_glasses": 1.0,
        "cost_deviation": 1,
        "cost_distorsion": 1.0,
        "cost_thickness": 1.0,
        "cost_beam_compression": 1.0,
        "cost_non_linearity": 1.0,
        "cost_distance_total_intern_reflection": 1.0
    },
    "components with weights": {
        "cost_dispersion": 8.679181098937988,
        "cost_distance_glasses": 0.0,
        "cost_deviation": 0.21934562921524048,
        "cost_distorsion": 20.212980270385742,
        "cost_thickness": 3349.92822265625,
        "cost_beam_compression": 1.9071555137634277,
        "cost_non_linearity": 618.6597900390625,
        "cost_distance_total_intern_reflection": 13013.416015625
    },
    "weighted components": {
        "cost_dispersion": 17.358362197875977,
        "cost_distance_glasses": 0.0,
        "cost_deviation": 0.21934562921524048,
        "cost_distorsion": 20.212980270385742,
        "cost_thickness": 3349.92822265625,
        "cost_beam_compression": 1.9071555137634277,
        "cost_non_linearity": 618.6597900390625,
        "cost_distance_total_intern_reflection": 13013.416015625
    }
}{
    "components non weights": {
        "cost_dispersion": 2.0,
        "cost_distance_glasses": 1.0,
        "cost_deviation": 1,
        "cost_distorsion": 1.0,
        "cost_thickness": 1.0,
        "cost_beam_compression": 1.0,
        "cost_non_linearity": 1.0,
        "cost_distance_total_intern_reflection": 1.0
    },
    "components with weights": {
        "cost_dispersion": 8.679181098937988,
        "cost_distance_glasses": 0.0,
        "cost_deviation": 0.21934562921524048,
        "cost_distorsion": 20.212980270385742,
        "cost_thickness": 3349.92822265625,
        "cost_beam_compression": 1.9071555137634277,
        "cost_non_linearity": 618.6597900390625,
        "cost_distance_total_intern_reflection": 13013.416015625
    },
    "weighted components": {
        "cost_dispersion": 17.358362197875977,
        "cost_distance_glasses": 0.0,
        "cost_deviation": 0.21934562921524048,
        "cost_distorsion": 20.212980270385742,
        "cost_thickness": 3349.92822265625,
        "cost_beam_compression": 1.9071555137634277,
        "cost_non_linearity": 618.6597900390625,
        "cost_distance_total_intern_reflection": 13013.416015625
    }
}