{
    "components non weights": {
        "cost_dispersion": 2.0,
        "cost_distance_glasses": 1.0,
        "cost_deviation": 1,
        "cost_distorsion": 1.0,
        "cost_thickness": 1.0,
        "cost_beam_compression": 1.0,
        "cost_non_linearity": 1.0,
        "cost_distance_total_intern_reflection": 1.0
    },
    "components with weights": {
        "cost_dispersion": 10.70500659942627,
        "cost_distance_glasses": 0.0,
        "cost_deviation": 6.479903221130371,
        "cost_distorsion": 18.854848861694336,
        "cost_thickness": 3340.990234375,
        "cost_beam_compression": 1.9032073020935059,
        "cost_non_linearity": 618.51318359375,
        "cost_distance_total_intern_reflection": 12999.7802734375
    },
    "weighted components": {
        "cost_dispersion": 21.41001319885254,
        "cost_distance_glasses": 0.0,
        "cost_deviation": 6.479903221130371,
        "cost_distorsion": 18.854848861694336,
        "cost_thickness": 3340.990234375,
        "cost_beam_compression": 1.9032073020935059,
        "cost_non_linearity": 618.51318359375,
        "cost_distance_total_intern_reflection": 12999.7802734375
    }
}{
    "components non weights": {
        "cost_dispersion": 2.0,
        "cost_distance_glasses": 1.0,
        "cost_deviation": 1,
        "cost_distorsion": 1.0,
        "cost_thickness": 1.0,
        "cost_beam_compression": 1.0,
        "cost_non_linearity": 1.0,
        "cost_distance_total_intern_reflection": 1.0
    },
    "components with weights": {
        "cost_dispersion": 10.70500659942627,
        "cost_distance_glasses": 0.0,
        "cost_deviation": 6.479903221130371,
        "cost_distorsion": 18.854848861694336,
        "cost_thickness": 3340.990234375,
        "cost_beam_compression": 1.9032073020935059,
        "cost_non_linearity": 618.51318359375,
        "cost_distance_total_intern_reflection": 12999.7802734375
    },
    "weighted components": {
        "cost_dispersion": 21.41001319885254,
        "cost_distance_glasses": 0.0,
        "cost_deviation": 6.479903221130371,
        "cost_distorsion": 18.854848861694336,
        "cost_thickness": 3340.990234375,
        "cost_beam_compression": 1.9032073020935059,
        "cost_non_linearity": 618.51318359375,
        "cost_distance_total_intern_reflection": 12999.7802734375
    }
}