{
    "components non weights": {
        "cost_dispersion": 2.0,
        "cost_distance_glasses": 1.0,
        "cost_deviation": 1,
        "cost_distorsion": 1.0,
        "cost_thickness": 1.0,
        "cost_beam_compression": 1.0,
        "cost_non_linearity": 1.0,
        "cost_distance_total_intern_reflection": 1.0
    },
    "components with weights": {
        "cost_dispersion": 6.632888317108154,
        "cost_distance_glasses": 0.0,
        "cost_deviation": 2.3836560249328613,
        "cost_distorsion": 19.301084518432617,
        "cost_thickness": 3348.532958984375,
        "cost_beam_compression": 1.907060146331787,
        "cost_non_linearity": 619.3494262695312,
        "cost_distance_total_intern_reflection": 13003.5
    },
    "weighted components": {
        "cost_dispersion": 13.265776634216309,
        "cost_distance_glasses": 0.0,
        "cost_deviation": 2.3836560249328613,
        "cost_distorsion": 19.301084518432617,
        "cost_thickness": 3348.532958984375,
        "cost_beam_compression": 1.907060146331787,
        "cost_non_linearity": 619.3494262695312,
        "cost_distance_total_intern_reflection": 13003.5
    }
}{
    "components non weights": {
        "cost_dispersion": 2.0,
        "cost_distance_glasses": 1.0,
        "cost_deviation": 1,
        "cost_distorsion": 1.0,
        "cost_thickness": 1.0,
        "cost_beam_compression": 1.0,
        "cost_non_linearity": 1.0,
        "cost_distance_total_intern_reflection": 1.0
    },
    "components with weights": {
        "cost_dispersion": 6.632888317108154,
        "cost_distance_glasses": 0.0,
        "cost_deviation": 2.3836560249328613,
        "cost_distorsion": 19.301084518432617,
        "cost_thickness": 3348.532958984375,
        "cost_beam_compression": 1.907060146331787,
        "cost_non_linearity": 619.3494262695312,
        "cost_distance_total_intern_reflection": 13003.5
    },
    "weighted components": {
        "cost_dispersion": 13.265776634216309,
        "cost_distance_glasses": 0.0,
        "cost_deviation": 2.3836560249328613,
        "cost_distorsion": 19.301084518432617,
        "cost_thickness": 3348.532958984375,
        "cost_beam_compression": 1.907060146331787,
        "cost_non_linearity": 619.3494262695312,
        "cost_distance_total_intern_reflection": 13003.5
    }
}