{
    "components non weights": {
        "cost_dispersion": 2.0,
        "cost_distance_glasses": 1.0,
        "cost_deviation": 1,
        "cost_distorsion": 1.0,
        "cost_thickness": 1.0,
        "cost_beam_compression": 1.0,
        "cost_non_linearity": 1.0,
        "cost_distance_total_intern_reflection": 1.0
    },
    "components with weights": {
        "cost_dispersion": 3.4466159343719482,
        "cost_distance_glasses": 0.0,
        "cost_deviation": 8.900445938110352,
        "cost_distorsion": 18.636043548583984,
        "cost_thickness": 3348.242431640625,
        "cost_beam_compression": 1.9078952074050903,
        "cost_non_linearity": 620.2941284179688,
        "cost_distance_total_intern_reflection": 13016.1640625
    },
    "weighted components": {
        "cost_dispersion": 6.8932318687438965,
        "cost_distance_glasses": 0.0,
        "cost_deviation": 8.900445938110352,
        "cost_distorsion": 18.636043548583984,
        "cost_thickness": 3348.242431640625,
        "cost_beam_compression": 1.9078952074050903,
        "cost_non_linearity": 620.2941284179688,
        "cost_distance_total_intern_reflection": 13016.1640625
    }
}{
    "components non weights": {
        "cost_dispersion": 2.0,
        "cost_distance_glasses": 1.0,
        "cost_deviation": 1,
        "cost_distorsion": 1.0,
        "cost_thickness": 1.0,
        "cost_beam_compression": 1.0,
        "cost_non_linearity": 1.0,
        "cost_distance_total_intern_reflection": 1.0
    },
    "components with weights": {
        "cost_dispersion": 3.4466159343719482,
        "cost_distance_glasses": 0.0,
        "cost_deviation": 8.900445938110352,
        "cost_distorsion": 18.636043548583984,
        "cost_thickness": 3348.242431640625,
        "cost_beam_compression": 1.9078952074050903,
        "cost_non_linearity": 620.2941284179688,
        "cost_distance_total_intern_reflection": 13016.1640625
    },
    "weighted components": {
        "cost_dispersion": 6.8932318687438965,
        "cost_distance_glasses": 0.0,
        "cost_deviation": 8.900445938110352,
        "cost_distorsion": 18.636043548583984,
        "cost_thickness": 3348.242431640625,
        "cost_beam_compression": 1.9078952074050903,
        "cost_non_linearity": 620.2941284179688,
        "cost_distance_total_intern_reflection": 13016.1640625
    }
}