{
    "components non weights": {
        "cost_dispersion": 2.0,
        "cost_distance_glasses": 1.0,
        "cost_deviation": 1,
        "cost_distorsion": 1.0,
        "cost_thickness": 1.0,
        "cost_beam_compression": 1.0,
        "cost_non_linearity": 1.0,
        "cost_distance_total_intern_reflection": 1.0
    },
    "components with weights": {
        "cost_dispersion": 13.455338478088379,
        "cost_distance_glasses": 0.0,
        "cost_deviation": 0.07258336246013641,
        "cost_distorsion": 19.630918502807617,
        "cost_thickness": 3348.081787109375,
        "cost_beam_compression": 1.9055211544036865,
        "cost_non_linearity": 617.7592163085938,
        "cost_distance_total_intern_reflection": 13006.8837890625
    },
    "weighted components": {
        "cost_dispersion": 26.910676956176758,
        "cost_distance_glasses": 0.0,
        "cost_deviation": 0.07258336246013641,
        "cost_distorsion": 19.630918502807617,
        "cost_thickness": 3348.081787109375,
        "cost_beam_compression": 1.9055211544036865,
        "cost_non_linearity": 617.7592163085938,
        "cost_distance_total_intern_reflection": 13006.8837890625
    }
}{
    "components non weights": {
        "cost_dispersion": 2.0,
        "cost_distance_glasses": 1.0,
        "cost_deviation": 1,
        "cost_distorsion": 1.0,
        "cost_thickness": 1.0,
        "cost_beam_compression": 1.0,
        "cost_non_linearity": 1.0,
        "cost_distance_total_intern_reflection": 1.0
    },
    "components with weights": {
        "cost_dispersion": 13.455338478088379,
        "cost_distance_glasses": 0.0,
        "cost_deviation": 0.07258336246013641,
        "cost_distorsion": 19.630918502807617,
        "cost_thickness": 3348.081787109375,
        "cost_beam_compression": 1.9055211544036865,
        "cost_non_linearity": 617.7592163085938,
        "cost_distance_total_intern_reflection": 13006.8837890625
    },
    "weighted components": {
        "cost_dispersion": 26.910676956176758,
        "cost_distance_glasses": 0.0,
        "cost_deviation": 0.07258336246013641,
        "cost_distorsion": 19.630918502807617,
        "cost_thickness": 3348.081787109375,
        "cost_beam_compression": 1.9055211544036865,
        "cost_non_linearity": 617.7592163085938,
        "cost_distance_total_intern_reflection": 13006.8837890625
    }
}