{
    "components non weights": {
        "cost_dispersion": 2.0,
        "cost_distance_glasses": 1.0,
        "cost_deviation": 1,
        "cost_distorsion": 1.0,
        "cost_thickness": 1.0,
        "cost_beam_compression": 1.0,
        "cost_non_linearity": 1.0,
        "cost_distance_total_intern_reflection": 1.0
    },
    "components with weights": {
        "cost_dispersion": 4.731634140014648,
        "cost_distance_glasses": 0.0,
        "cost_deviation": 4.435783863067627,
        "cost_distorsion": 18.99644660949707,
        "cost_thickness": 3349.185546875,
        "cost_beam_compression": 1.9078487157821655,
        "cost_non_linearity": 619.9577026367188,
        "cost_distance_total_intern_reflection": 13010.8642578125
    },
    "weighted components": {
        "cost_dispersion": 9.463268280029297,
        "cost_distance_glasses": 0.0,
        "cost_deviation": 4.435783863067627,
        "cost_distorsion": 18.99644660949707,
        "cost_thickness": 3349.185546875,
        "cost_beam_compression": 1.9078487157821655,
        "cost_non_linearity": 619.9577026367188,
        "cost_distance_total_intern_reflection": 13010.8642578125
    }
}{
    "components non weights": {
        "cost_dispersion": 2.0,
        "cost_distance_glasses": 1.0,
        "cost_deviation": 1,
        "cost_distorsion": 1.0,
        "cost_thickness": 1.0,
        "cost_beam_compression": 1.0,
        "cost_non_linearity": 1.0,
        "cost_distance_total_intern_reflection": 1.0
    },
    "components with weights": {
        "cost_dispersion": 4.731634140014648,
        "cost_distance_glasses": 0.0,
        "cost_deviation": 4.435783863067627,
        "cost_distorsion": 18.99644660949707,
        "cost_thickness": 3349.185546875,
        "cost_beam_compression": 1.9078487157821655,
        "cost_non_linearity": 619.9577026367188,
        "cost_distance_total_intern_reflection": 13010.8642578125
    },
    "weighted components": {
        "cost_dispersion": 9.463268280029297,
        "cost_distance_glasses": 0.0,
        "cost_deviation": 4.435783863067627,
        "cost_distorsion": 18.99644660949707,
        "cost_thickness": 3349.185546875,
        "cost_beam_compression": 1.9078487157821655,
        "cost_non_linearity": 619.9577026367188,
        "cost_distance_total_intern_reflection": 13010.8642578125
    }
}