{
    "components non weights": {
        "cost_dispersion": 2.0,
        "cost_distance_glasses": 1.0,
        "cost_deviation": 1,
        "cost_distorsion": 1.0,
        "cost_thickness": 1.0,
        "cost_beam_compression": 1.0,
        "cost_non_linearity": 1.0,
        "cost_distance_total_intern_reflection": 1.0
    },
    "components with weights": {
        "cost_dispersion": 9.066039085388184,
        "cost_distance_glasses": 0.0,
        "cost_deviation": 1.3658552169799805,
        "cost_distorsion": 18.576473236083984,
        "cost_thickness": 3347.317626953125,
        "cost_beam_compression": 1.9060856103897095,
        "cost_non_linearity": 618.7532348632812,
        "cost_distance_total_intern_reflection": 13024.36328125
    },
    "weighted components": {
        "cost_dispersion": 18.132078170776367,
        "cost_distance_glasses": 0.0,
        "cost_deviation": 1.3658552169799805,
        "cost_distorsion": 18.576473236083984,
        "cost_thickness": 3347.317626953125,
        "cost_beam_compression": 1.9060856103897095,
        "cost_non_linearity": 618.7532348632812,
        "cost_distance_total_intern_reflection": 13024.36328125
    }
}{
    "components non weights": {
        "cost_dispersion": 2.0,
        "cost_distance_glasses": 1.0,
        "cost_deviation": 1,
        "cost_distorsion": 1.0,
        "cost_thickness": 1.0,
        "cost_beam_compression": 1.0,
        "cost_non_linearity": 1.0,
        "cost_distance_total_intern_reflection": 1.0
    },
    "components with weights": {
        "cost_dispersion": 9.066039085388184,
        "cost_distance_glasses": 0.0,
        "cost_deviation": 1.3658552169799805,
        "cost_distorsion": 18.576473236083984,
        "cost_thickness": 3347.317626953125,
        "cost_beam_compression": 1.9060856103897095,
        "cost_non_linearity": 618.7532348632812,
        "cost_distance_total_intern_reflection": 13024.36328125
    },
    "weighted components": {
        "cost_dispersion": 18.132078170776367,
        "cost_distance_glasses": 0.0,
        "cost_deviation": 1.3658552169799805,
        "cost_distorsion": 18.576473236083984,
        "cost_thickness": 3347.317626953125,
        "cost_beam_compression": 1.9060856103897095,
        "cost_non_linearity": 618.7532348632812,
        "cost_distance_total_intern_reflection": 13024.36328125
    }
}