{
    "components non weights": {
        "cost_dispersion": 2.0,
        "cost_distance_glasses": 1.0,
        "cost_deviation": 1,
        "cost_distorsion": 1.0,
        "cost_thickness": 1.0,
        "cost_beam_compression": 1.0,
        "cost_non_linearity": 1.0,
        "cost_distance_total_intern_reflection": 1.0
    },
    "components with weights": {
        "cost_dispersion": 1.1069649457931519,
        "cost_distance_glasses": 0.0,
        "cost_deviation": 11.792167663574219,
        "cost_distorsion": 22.623178482055664,
        "cost_thickness": 3374.62841796875,
        "cost_beam_compression": 1.9193857908248901,
        "cost_non_linearity": 620.7413330078125,
        "cost_distance_total_intern_reflection": 13068.7744140625
    },
    "weighted components": {
        "cost_dispersion": 2.2139298915863037,
        "cost_distance_glasses": 0.0,
        "cost_deviation": 11.792167663574219,
        "cost_distorsion": 22.623178482055664,
        "cost_thickness": 3374.62841796875,
        "cost_beam_compression": 1.9193857908248901,
        "cost_non_linearity": 620.7413330078125,
        "cost_distance_total_intern_reflection": 13068.7744140625
    }
}{
    "components non weights": {
        "cost_dispersion": 2.0,
        "cost_distance_glasses": 1.0,
        "cost_deviation": 1,
        "cost_distorsion": 1.0,
        "cost_thickness": 1.0,
        "cost_beam_compression": 1.0,
        "cost_non_linearity": 1.0,
        "cost_distance_total_intern_reflection": 1.0
    },
    "components with weights": {
        "cost_dispersion": 1.1069649457931519,
        "cost_distance_glasses": 0.0,
        "cost_deviation": 11.792167663574219,
        "cost_distorsion": 22.623178482055664,
        "cost_thickness": 3374.62841796875,
        "cost_beam_compression": 1.9193857908248901,
        "cost_non_linearity": 620.7413330078125,
        "cost_distance_total_intern_reflection": 13068.7744140625
    },
    "weighted components": {
        "cost_dispersion": 2.2139298915863037,
        "cost_distance_glasses": 0.0,
        "cost_deviation": 11.792167663574219,
        "cost_distorsion": 22.623178482055664,
        "cost_thickness": 3374.62841796875,
        "cost_beam_compression": 1.9193857908248901,
        "cost_non_linearity": 620.7413330078125,
        "cost_distance_total_intern_reflection": 13068.7744140625
    }
}