{
    "components non weights": {
        "cost_dispersion": 2.0,
        "cost_distance_glasses": 1.0,
        "cost_deviation": 1,
        "cost_distorsion": 1.0,
        "cost_thickness": 1.0,
        "cost_beam_compression": 1.0,
        "cost_non_linearity": 1.0,
        "cost_distance_total_intern_reflection": 1.0
    },
    "components with weights": {
        "cost_dispersion": 22.831762313842773,
        "cost_distance_glasses": 0.0,
        "cost_deviation": 7.213442802429199,
        "cost_distorsion": 22.262798309326172,
        "cost_thickness": 3349.092041015625,
        "cost_beam_compression": 1.904495358467102,
        "cost_non_linearity": 616.2025756835938,
        "cost_distance_total_intern_reflection": 13032.4716796875
    },
    "weighted components": {
        "cost_dispersion": 45.66352462768555,
        "cost_distance_glasses": 0.0,
        "cost_deviation": 7.213442802429199,
        "cost_distorsion": 22.262798309326172,
        "cost_thickness": 3349.092041015625,
        "cost_beam_compression": 1.904495358467102,
        "cost_non_linearity": 616.2025756835938,
        "cost_distance_total_intern_reflection": 13032.4716796875
    }
}{
    "components non weights": {
        "cost_dispersion": 2.0,
        "cost_distance_glasses": 1.0,
        "cost_deviation": 1,
        "cost_distorsion": 1.0,
        "cost_thickness": 1.0,
        "cost_beam_compression": 1.0,
        "cost_non_linearity": 1.0,
        "cost_distance_total_intern_reflection": 1.0
    },
    "components with weights": {
        "cost_dispersion": 22.831762313842773,
        "cost_distance_glasses": 0.0,
        "cost_deviation": 7.213442802429199,
        "cost_distorsion": 22.262798309326172,
        "cost_thickness": 3349.092041015625,
        "cost_beam_compression": 1.904495358467102,
        "cost_non_linearity": 616.2025756835938,
        "cost_distance_total_intern_reflection": 13032.4716796875
    },
    "weighted components": {
        "cost_dispersion": 45.66352462768555,
        "cost_distance_glasses": 0.0,
        "cost_deviation": 7.213442802429199,
        "cost_distorsion": 22.262798309326172,
        "cost_thickness": 3349.092041015625,
        "cost_beam_compression": 1.904495358467102,
        "cost_non_linearity": 616.2025756835938,
        "cost_distance_total_intern_reflection": 13032.4716796875
    }
}