{
    "components non weights": {
        "cost_dispersion": 2.0,
        "cost_distance_glasses": 1.0,
        "cost_deviation": 1,
        "cost_distorsion": 1.0,
        "cost_thickness": 1.0,
        "cost_beam_compression": 1.0,
        "cost_non_linearity": 1.0,
        "cost_distance_total_intern_reflection": 1.0
    },
    "components with weights": {
        "cost_dispersion": 5.770082473754883,
        "cost_distance_glasses": 0.0,
        "cost_deviation": 6.213385105133057,
        "cost_distorsion": 17.767709732055664,
        "cost_thickness": 3346.6162109375,
        "cost_beam_compression": 1.9066095352172852,
        "cost_non_linearity": 619.5226440429688,
        "cost_distance_total_intern_reflection": 13035.490234375
    },
    "weighted components": {
        "cost_dispersion": 11.540164947509766,
        "cost_distance_glasses": 0.0,
        "cost_deviation": 6.213385105133057,
        "cost_distorsion": 17.767709732055664,
        "cost_thickness": 3346.6162109375,
        "cost_beam_compression": 1.9066095352172852,
        "cost_non_linearity": 619.5226440429688,
        "cost_distance_total_intern_reflection": 13035.490234375
    }
}{
    "components non weights": {
        "cost_dispersion": 2.0,
        "cost_distance_glasses": 1.0,
        "cost_deviation": 1,
        "cost_distorsion": 1.0,
        "cost_thickness": 1.0,
        "cost_beam_compression": 1.0,
        "cost_non_linearity": 1.0,
        "cost_distance_total_intern_reflection": 1.0
    },
    "components with weights": {
        "cost_dispersion": 5.770082473754883,
        "cost_distance_glasses": 0.0,
        "cost_deviation": 6.213385105133057,
        "cost_distorsion": 17.767709732055664,
        "cost_thickness": 3346.6162109375,
        "cost_beam_compression": 1.9066095352172852,
        "cost_non_linearity": 619.5226440429688,
        "cost_distance_total_intern_reflection": 13035.490234375
    },
    "weighted components": {
        "cost_dispersion": 11.540164947509766,
        "cost_distance_glasses": 0.0,
        "cost_deviation": 6.213385105133057,
        "cost_distorsion": 17.767709732055664,
        "cost_thickness": 3346.6162109375,
        "cost_beam_compression": 1.9066095352172852,
        "cost_non_linearity": 619.5226440429688,
        "cost_distance_total_intern_reflection": 13035.490234375
    }
}