{
    "components non weights": {
        "cost_dispersion": 2.0,
        "cost_distance_glasses": 1.0,
        "cost_deviation": 1,
        "cost_distorsion": 1.0,
        "cost_thickness": 1.0,
        "cost_beam_compression": 1.0,
        "cost_non_linearity": 1.0,
        "cost_distance_total_intern_reflection": 1.0
    },
    "components with weights": {
        "cost_dispersion": 5.056459426879883,
        "cost_distance_glasses": 0.0,
        "cost_deviation": 4.856438159942627,
        "cost_distorsion": 19.140417098999023,
        "cost_thickness": 3348.464599609375,
        "cost_beam_compression": 1.9074815511703491,
        "cost_non_linearity": 619.6972045898438,
        "cost_distance_total_intern_reflection": 13006.8837890625
    },
    "weighted components": {
        "cost_dispersion": 10.112918853759766,
        "cost_distance_glasses": 0.0,
        "cost_deviation": 4.856438159942627,
        "cost_distorsion": 19.140417098999023,
        "cost_thickness": 3348.464599609375,
        "cost_beam_compression": 1.9074815511703491,
        "cost_non_linearity": 619.6972045898438,
        "cost_distance_total_intern_reflection": 13006.8837890625
    }
}{
    "components non weights": {
        "cost_dispersion": 2.0,
        "cost_distance_glasses": 1.0,
        "cost_deviation": 1,
        "cost_distorsion": 1.0,
        "cost_thickness": 1.0,
        "cost_beam_compression": 1.0,
        "cost_non_linearity": 1.0,
        "cost_distance_total_intern_reflection": 1.0
    },
    "components with weights": {
        "cost_dispersion": 5.056459426879883,
        "cost_distance_glasses": 0.0,
        "cost_deviation": 4.856438159942627,
        "cost_distorsion": 19.140417098999023,
        "cost_thickness": 3348.464599609375,
        "cost_beam_compression": 1.9074815511703491,
        "cost_non_linearity": 619.6972045898438,
        "cost_distance_total_intern_reflection": 13006.8837890625
    },
    "weighted components": {
        "cost_dispersion": 10.112918853759766,
        "cost_distance_glasses": 0.0,
        "cost_deviation": 4.856438159942627,
        "cost_distorsion": 19.140417098999023,
        "cost_thickness": 3348.464599609375,
        "cost_beam_compression": 1.9074815511703491,
        "cost_non_linearity": 619.6972045898438,
        "cost_distance_total_intern_reflection": 13006.8837890625
    }
}