{
    "components non weights": {
        "cost_dispersion": 2.0,
        "cost_distance_glasses": 1.0,
        "cost_deviation": 1,
        "cost_distorsion": 1.0,
        "cost_thickness": 1.0,
        "cost_beam_compression": 1.0,
        "cost_non_linearity": 1.0,
        "cost_distance_total_intern_reflection": 1.0
    },
    "components with weights": {
        "cost_dispersion": 10.503866195678711,
        "cost_distance_glasses": 0.0,
        "cost_deviation": 0.3911273181438446,
        "cost_distorsion": 22.727895736694336,
        "cost_thickness": 3351.447265625,
        "cost_beam_compression": 1.9074738025665283,
        "cost_non_linearity": 618.295166015625,
        "cost_distance_total_intern_reflection": 13064.7607421875
    },
    "weighted components": {
        "cost_dispersion": 21.007732391357422,
        "cost_distance_glasses": 0.0,
        "cost_deviation": 0.3911273181438446,
        "cost_distorsion": 22.727895736694336,
        "cost_thickness": 3351.447265625,
        "cost_beam_compression": 1.9074738025665283,
        "cost_non_linearity": 618.295166015625,
        "cost_distance_total_intern_reflection": 13064.7607421875
    }
}{
    "components non weights": {
        "cost_dispersion": 2.0,
        "cost_distance_glasses": 1.0,
        "cost_deviation": 1,
        "cost_distorsion": 1.0,
        "cost_thickness": 1.0,
        "cost_beam_compression": 1.0,
        "cost_non_linearity": 1.0,
        "cost_distance_total_intern_reflection": 1.0
    },
    "components with weights": {
        "cost_dispersion": 10.503866195678711,
        "cost_distance_glasses": 0.0,
        "cost_deviation": 0.3911273181438446,
        "cost_distorsion": 22.727895736694336,
        "cost_thickness": 3351.447265625,
        "cost_beam_compression": 1.9074738025665283,
        "cost_non_linearity": 618.295166015625,
        "cost_distance_total_intern_reflection": 13064.7607421875
    },
    "weighted components": {
        "cost_dispersion": 21.007732391357422,
        "cost_distance_glasses": 0.0,
        "cost_deviation": 0.3911273181438446,
        "cost_distorsion": 22.727895736694336,
        "cost_thickness": 3351.447265625,
        "cost_beam_compression": 1.9074738025665283,
        "cost_non_linearity": 618.295166015625,
        "cost_distance_total_intern_reflection": 13064.7607421875
    }
}