{
    "components non weights": {
        "cost_dispersion": 2.0,
        "cost_distance_glasses": 1.0,
        "cost_deviation": 1,
        "cost_distorsion": 1.0,
        "cost_thickness": 1.0,
        "cost_beam_compression": 1.0,
        "cost_non_linearity": 1.0,
        "cost_distance_total_intern_reflection": 1.0
    },
    "components with weights": {
        "cost_dispersion": 6.685178756713867,
        "cost_distance_glasses": 0.0,
        "cost_deviation": 2.4201440811157227,
        "cost_distorsion": 19.375286102294922,
        "cost_thickness": 3348.512451171875,
        "cost_beam_compression": 1.9070559740066528,
        "cost_non_linearity": 619.301025390625,
        "cost_distance_total_intern_reflection": 13003.734375
    },
    "weighted components": {
        "cost_dispersion": 13.370357513427734,
        "cost_distance_glasses": 0.0,
        "cost_deviation": 2.4201440811157227,
        "cost_distorsion": 19.375286102294922,
        "cost_thickness": 3348.512451171875,
        "cost_beam_compression": 1.9070559740066528,
        "cost_non_linearity": 619.301025390625,
        "cost_distance_total_intern_reflection": 13003.734375
    }
}{
    "components non weights": {
        "cost_dispersion": 2.0,
        "cost_distance_glasses": 1.0,
        "cost_deviation": 1,
        "cost_distorsion": 1.0,
        "cost_thickness": 1.0,
        "cost_beam_compression": 1.0,
        "cost_non_linearity": 1.0,
        "cost_distance_total_intern_reflection": 1.0
    },
    "components with weights": {
        "cost_dispersion": 6.685178756713867,
        "cost_distance_glasses": 0.0,
        "cost_deviation": 2.4201440811157227,
        "cost_distorsion": 19.375286102294922,
        "cost_thickness": 3348.512451171875,
        "cost_beam_compression": 1.9070559740066528,
        "cost_non_linearity": 619.301025390625,
        "cost_distance_total_intern_reflection": 13003.734375
    },
    "weighted components": {
        "cost_dispersion": 13.370357513427734,
        "cost_distance_glasses": 0.0,
        "cost_deviation": 2.4201440811157227,
        "cost_distorsion": 19.375286102294922,
        "cost_thickness": 3348.512451171875,
        "cost_beam_compression": 1.9070559740066528,
        "cost_non_linearity": 619.301025390625,
        "cost_distance_total_intern_reflection": 13003.734375
    }
}