{
    "components non weights": {
        "cost_dispersion": 2.0,
        "cost_distance_glasses": 1.0,
        "cost_deviation": 1,
        "cost_distorsion": 1.0,
        "cost_thickness": 1.0,
        "cost_beam_compression": 1.0,
        "cost_non_linearity": 1.0,
        "cost_distance_total_intern_reflection": 1.0
    },
    "components with weights": {
        "cost_dispersion": 6.7957844734191895,
        "cost_distance_glasses": 0.0,
        "cost_deviation": 2.3001973628997803,
        "cost_distorsion": 19.445650100708008,
        "cost_thickness": 3348.5205078125,
        "cost_beam_compression": 1.9070351123809814,
        "cost_non_linearity": 619.2365112304688,
        "cost_distance_total_intern_reflection": 13003.3203125
    },
    "weighted components": {
        "cost_dispersion": 13.591568946838379,
        "cost_distance_glasses": 0.0,
        "cost_deviation": 2.3001973628997803,
        "cost_distorsion": 19.445650100708008,
        "cost_thickness": 3348.5205078125,
        "cost_beam_compression": 1.9070351123809814,
        "cost_non_linearity": 619.2365112304688,
        "cost_distance_total_intern_reflection": 13003.3203125
    }
}{
    "components non weights": {
        "cost_dispersion": 2.0,
        "cost_distance_glasses": 1.0,
        "cost_deviation": 1,
        "cost_distorsion": 1.0,
        "cost_thickness": 1.0,
        "cost_beam_compression": 1.0,
        "cost_non_linearity": 1.0,
        "cost_distance_total_intern_reflection": 1.0
    },
    "components with weights": {
        "cost_dispersion": 6.7957844734191895,
        "cost_distance_glasses": 0.0,
        "cost_deviation": 2.3001973628997803,
        "cost_distorsion": 19.445650100708008,
        "cost_thickness": 3348.5205078125,
        "cost_beam_compression": 1.9070351123809814,
        "cost_non_linearity": 619.2365112304688,
        "cost_distance_total_intern_reflection": 13003.3203125
    },
    "weighted components": {
        "cost_dispersion": 13.591568946838379,
        "cost_distance_glasses": 0.0,
        "cost_deviation": 2.3001973628997803,
        "cost_distorsion": 19.445650100708008,
        "cost_thickness": 3348.5205078125,
        "cost_beam_compression": 1.9070351123809814,
        "cost_non_linearity": 619.2365112304688,
        "cost_distance_total_intern_reflection": 13003.3203125
    }
}