{
    "components non weights": {
        "cost_dispersion": 2.0,
        "cost_distance_glasses": 1.0,
        "cost_deviation": 1,
        "cost_distorsion": 1.0,
        "cost_thickness": 1.0,
        "cost_beam_compression": 1.0,
        "cost_non_linearity": 1.0,
        "cost_distance_total_intern_reflection": 1.0
    },
    "components with weights": {
        "cost_dispersion": 6.575793743133545,
        "cost_distance_glasses": 0.0,
        "cost_deviation": 2.5813024044036865,
        "cost_distorsion": 19.41421890258789,
        "cost_thickness": 3348.5234375,
        "cost_beam_compression": 1.9070994853973389,
        "cost_non_linearity": 619.312255859375,
        "cost_distance_total_intern_reflection": 13003.2939453125
    },
    "weighted components": {
        "cost_dispersion": 13.15158748626709,
        "cost_distance_glasses": 0.0,
        "cost_deviation": 2.5813024044036865,
        "cost_distorsion": 19.41421890258789,
        "cost_thickness": 3348.5234375,
        "cost_beam_compression": 1.9070994853973389,
        "cost_non_linearity": 619.312255859375,
        "cost_distance_total_intern_reflection": 13003.2939453125
    }
}{
    "components non weights": {
        "cost_dispersion": 2.0,
        "cost_distance_glasses": 1.0,
        "cost_deviation": 1,
        "cost_distorsion": 1.0,
        "cost_thickness": 1.0,
        "cost_beam_compression": 1.0,
        "cost_non_linearity": 1.0,
        "cost_distance_total_intern_reflection": 1.0
    },
    "components with weights": {
        "cost_dispersion": 6.575793743133545,
        "cost_distance_glasses": 0.0,
        "cost_deviation": 2.5813024044036865,
        "cost_distorsion": 19.41421890258789,
        "cost_thickness": 3348.5234375,
        "cost_beam_compression": 1.9070994853973389,
        "cost_non_linearity": 619.312255859375,
        "cost_distance_total_intern_reflection": 13003.2939453125
    },
    "weighted components": {
        "cost_dispersion": 13.15158748626709,
        "cost_distance_glasses": 0.0,
        "cost_deviation": 2.5813024044036865,
        "cost_distorsion": 19.41421890258789,
        "cost_thickness": 3348.5234375,
        "cost_beam_compression": 1.9070994853973389,
        "cost_non_linearity": 619.312255859375,
        "cost_distance_total_intern_reflection": 13003.2939453125
    }
}