{
    "components non weights": {
        "cost_dispersion": 2.0,
        "cost_distance_glasses": 1.0,
        "cost_deviation": 1,
        "cost_distorsion": 1.0,
        "cost_thickness": 1.0,
        "cost_beam_compression": 1.0,
        "cost_non_linearity": 1.0,
        "cost_distance_total_intern_reflection": 1.0
    },
    "components with weights": {
        "cost_dispersion": 6.408153533935547,
        "cost_distance_glasses": 0.0,
        "cost_deviation": 2.7156383991241455,
        "cost_distorsion": 19.42673110961914,
        "cost_thickness": 3348.51171875,
        "cost_beam_compression": 1.907120943069458,
        "cost_non_linearity": 619.3615112304688,
        "cost_distance_total_intern_reflection": 13003.4169921875
    },
    "weighted components": {
        "cost_dispersion": 12.816307067871094,
        "cost_distance_glasses": 0.0,
        "cost_deviation": 2.7156383991241455,
        "cost_distorsion": 19.42673110961914,
        "cost_thickness": 3348.51171875,
        "cost_beam_compression": 1.907120943069458,
        "cost_non_linearity": 619.3615112304688,
        "cost_distance_total_intern_reflection": 13003.4169921875
    }
}{
    "components non weights": {
        "cost_dispersion": 2.0,
        "cost_distance_glasses": 1.0,
        "cost_deviation": 1,
        "cost_distorsion": 1.0,
        "cost_thickness": 1.0,
        "cost_beam_compression": 1.0,
        "cost_non_linearity": 1.0,
        "cost_distance_total_intern_reflection": 1.0
    },
    "components with weights": {
        "cost_dispersion": 6.408153533935547,
        "cost_distance_glasses": 0.0,
        "cost_deviation": 2.7156383991241455,
        "cost_distorsion": 19.42673110961914,
        "cost_thickness": 3348.51171875,
        "cost_beam_compression": 1.907120943069458,
        "cost_non_linearity": 619.3615112304688,
        "cost_distance_total_intern_reflection": 13003.4169921875
    },
    "weighted components": {
        "cost_dispersion": 12.816307067871094,
        "cost_distance_glasses": 0.0,
        "cost_deviation": 2.7156383991241455,
        "cost_distorsion": 19.42673110961914,
        "cost_thickness": 3348.51171875,
        "cost_beam_compression": 1.907120943069458,
        "cost_non_linearity": 619.3615112304688,
        "cost_distance_total_intern_reflection": 13003.4169921875
    }
}