{
    "components non weights": {
        "cost_dispersion": 2.0,
        "cost_distance_glasses": 1.0,
        "cost_deviation": 1,
        "cost_distorsion": 1.0,
        "cost_thickness": 1.0,
        "cost_beam_compression": 1.0,
        "cost_non_linearity": 1.0,
        "cost_distance_total_intern_reflection": 1.0
    },
    "components with weights": {
        "cost_dispersion": 6.644840240478516,
        "cost_distance_glasses": 0.0,
        "cost_deviation": 2.406717538833618,
        "cost_distorsion": 19.34604263305664,
        "cost_thickness": 3348.52783203125,
        "cost_beam_compression": 1.9070631265640259,
        "cost_non_linearity": 619.34326171875,
        "cost_distance_total_intern_reflection": 13003.0966796875
    },
    "weighted components": {
        "cost_dispersion": 13.289680480957031,
        "cost_distance_glasses": 0.0,
        "cost_deviation": 2.406717538833618,
        "cost_distorsion": 19.34604263305664,
        "cost_thickness": 3348.52783203125,
        "cost_beam_compression": 1.9070631265640259,
        "cost_non_linearity": 619.34326171875,
        "cost_distance_total_intern_reflection": 13003.0966796875
    }
}{
    "components non weights": {
        "cost_dispersion": 2.0,
        "cost_distance_glasses": 1.0,
        "cost_deviation": 1,
        "cost_distorsion": 1.0,
        "cost_thickness": 1.0,
        "cost_beam_compression": 1.0,
        "cost_non_linearity": 1.0,
        "cost_distance_total_intern_reflection": 1.0
    },
    "components with weights": {
        "cost_dispersion": 6.644840240478516,
        "cost_distance_glasses": 0.0,
        "cost_deviation": 2.406717538833618,
        "cost_distorsion": 19.34604263305664,
        "cost_thickness": 3348.52783203125,
        "cost_beam_compression": 1.9070631265640259,
        "cost_non_linearity": 619.34326171875,
        "cost_distance_total_intern_reflection": 13003.0966796875
    },
    "weighted components": {
        "cost_dispersion": 13.289680480957031,
        "cost_distance_glasses": 0.0,
        "cost_deviation": 2.406717538833618,
        "cost_distorsion": 19.34604263305664,
        "cost_thickness": 3348.52783203125,
        "cost_beam_compression": 1.9070631265640259,
        "cost_non_linearity": 619.34326171875,
        "cost_distance_total_intern_reflection": 13003.0966796875
    }
}