{
    "components non weights": {
        "cost_dispersion": 2.0,
        "cost_distance_glasses": 1.0,
        "cost_deviation": 1,
        "cost_distorsion": 1.0,
        "cost_thickness": 1.0,
        "cost_beam_compression": 1.0,
        "cost_non_linearity": 1.0,
        "cost_distance_total_intern_reflection": 1.0
    },
    "components with weights": {
        "cost_dispersion": 1.9172377586364746,
        "cost_distance_glasses": 0.0,
        "cost_deviation": 16.984403610229492,
        "cost_distorsion": 17.763019561767578,
        "cost_thickness": 3347.343994140625,
        "cost_beam_compression": 1.9081634283065796,
        "cost_non_linearity": 621.0339965820312,
        "cost_distance_total_intern_reflection": 13029.76171875
    },
    "weighted components": {
        "cost_dispersion": 3.834475517272949,
        "cost_distance_glasses": 0.0,
        "cost_deviation": 16.984403610229492,
        "cost_distorsion": 17.763019561767578,
        "cost_thickness": 3347.343994140625,
        "cost_beam_compression": 1.9081634283065796,
        "cost_non_linearity": 621.0339965820312,
        "cost_distance_total_intern_reflection": 13029.76171875
    }
}{
    "components non weights": {
        "cost_dispersion": 2.0,
        "cost_distance_glasses": 1.0,
        "cost_deviation": 1,
        "cost_distorsion": 1.0,
        "cost_thickness": 1.0,
        "cost_beam_compression": 1.0,
        "cost_non_linearity": 1.0,
        "cost_distance_total_intern_reflection": 1.0
    },
    "components with weights": {
        "cost_dispersion": 1.9172377586364746,
        "cost_distance_glasses": 0.0,
        "cost_deviation": 16.984403610229492,
        "cost_distorsion": 17.763019561767578,
        "cost_thickness": 3347.343994140625,
        "cost_beam_compression": 1.9081634283065796,
        "cost_non_linearity": 621.0339965820312,
        "cost_distance_total_intern_reflection": 13029.76171875
    },
    "weighted components": {
        "cost_dispersion": 3.834475517272949,
        "cost_distance_glasses": 0.0,
        "cost_deviation": 16.984403610229492,
        "cost_distorsion": 17.763019561767578,
        "cost_thickness": 3347.343994140625,
        "cost_beam_compression": 1.9081634283065796,
        "cost_non_linearity": 621.0339965820312,
        "cost_distance_total_intern_reflection": 13029.76171875
    }
}