{
    "components non weights": {
        "cost_dispersion": 2.0,
        "cost_distance_glasses": 1.0,
        "cost_deviation": 1,
        "cost_distorsion": 1.0,
        "cost_thickness": 1.0,
        "cost_beam_compression": 1.0,
        "cost_non_linearity": 1.0,
        "cost_distance_total_intern_reflection": 1.0
    },
    "components with weights": {
        "cost_dispersion": 8.561624526977539,
        "cost_distance_glasses": 0.0,
        "cost_deviation": 0.6472423076629639,
        "cost_distorsion": 19.966190338134766,
        "cost_thickness": 3348.95947265625,
        "cost_beam_compression": 1.9068044424057007,
        "cost_non_linearity": 618.8082275390625,
        "cost_distance_total_intern_reflection": 13010.046875
    },
    "weighted components": {
        "cost_dispersion": 17.123249053955078,
        "cost_distance_glasses": 0.0,
        "cost_deviation": 0.6472423076629639,
        "cost_distorsion": 19.966190338134766,
        "cost_thickness": 3348.95947265625,
        "cost_beam_compression": 1.9068044424057007,
        "cost_non_linearity": 618.8082275390625,
        "cost_distance_total_intern_reflection": 13010.046875
    }
}{
    "components non weights": {
        "cost_dispersion": 2.0,
        "cost_distance_glasses": 1.0,
        "cost_deviation": 1,
        "cost_distorsion": 1.0,
        "cost_thickness": 1.0,
        "cost_beam_compression": 1.0,
        "cost_non_linearity": 1.0,
        "cost_distance_total_intern_reflection": 1.0
    },
    "components with weights": {
        "cost_dispersion": 8.561624526977539,
        "cost_distance_glasses": 0.0,
        "cost_deviation": 0.6472423076629639,
        "cost_distorsion": 19.966190338134766,
        "cost_thickness": 3348.95947265625,
        "cost_beam_compression": 1.9068044424057007,
        "cost_non_linearity": 618.8082275390625,
        "cost_distance_total_intern_reflection": 13010.046875
    },
    "weighted components": {
        "cost_dispersion": 17.123249053955078,
        "cost_distance_glasses": 0.0,
        "cost_deviation": 0.6472423076629639,
        "cost_distorsion": 19.966190338134766,
        "cost_thickness": 3348.95947265625,
        "cost_beam_compression": 1.9068044424057007,
        "cost_non_linearity": 618.8082275390625,
        "cost_distance_total_intern_reflection": 13010.046875
    }
}