{
    "components non weights": {
        "cost_dispersion": 2.0,
        "cost_distance_glasses": 1.0,
        "cost_deviation": 1,
        "cost_distorsion": 1.0,
        "cost_thickness": 1.0,
        "cost_beam_compression": 1.0,
        "cost_non_linearity": 1.0,
        "cost_distance_total_intern_reflection": 1.0
    },
    "components with weights": {
        "cost_dispersion": 7.44679594039917,
        "cost_distance_glasses": 0.0,
        "cost_deviation": 1.5112911462783813,
        "cost_distorsion": 19.593191146850586,
        "cost_thickness": 3348.693359375,
        "cost_beam_compression": 1.9069397449493408,
        "cost_non_linearity": 619.0582275390625,
        "cost_distance_total_intern_reflection": 13007.33203125
    },
    "weighted components": {
        "cost_dispersion": 14.89359188079834,
        "cost_distance_glasses": 0.0,
        "cost_deviation": 1.5112911462783813,
        "cost_distorsion": 19.593191146850586,
        "cost_thickness": 3348.693359375,
        "cost_beam_compression": 1.9069397449493408,
        "cost_non_linearity": 619.0582275390625,
        "cost_distance_total_intern_reflection": 13007.33203125
    }
}{
    "components non weights": {
        "cost_dispersion": 2.0,
        "cost_distance_glasses": 1.0,
        "cost_deviation": 1,
        "cost_distorsion": 1.0,
        "cost_thickness": 1.0,
        "cost_beam_compression": 1.0,
        "cost_non_linearity": 1.0,
        "cost_distance_total_intern_reflection": 1.0
    },
    "components with weights": {
        "cost_dispersion": 7.44679594039917,
        "cost_distance_glasses": 0.0,
        "cost_deviation": 1.5112911462783813,
        "cost_distorsion": 19.593191146850586,
        "cost_thickness": 3348.693359375,
        "cost_beam_compression": 1.9069397449493408,
        "cost_non_linearity": 619.0582275390625,
        "cost_distance_total_intern_reflection": 13007.33203125
    },
    "weighted components": {
        "cost_dispersion": 14.89359188079834,
        "cost_distance_glasses": 0.0,
        "cost_deviation": 1.5112911462783813,
        "cost_distorsion": 19.593191146850586,
        "cost_thickness": 3348.693359375,
        "cost_beam_compression": 1.9069397449493408,
        "cost_non_linearity": 619.0582275390625,
        "cost_distance_total_intern_reflection": 13007.33203125
    }
}