{
    "components non weights": {
        "cost_dispersion": 2.0,
        "cost_distance_glasses": 1.0,
        "cost_deviation": 1,
        "cost_distorsion": 1.0,
        "cost_thickness": 1.0,
        "cost_beam_compression": 1.0,
        "cost_non_linearity": 1.0,
        "cost_distance_total_intern_reflection": 1.0
    },
    "components with weights": {
        "cost_dispersion": 5.4178924560546875,
        "cost_distance_glasses": 0.0,
        "cost_deviation": 4.541860103607178,
        "cost_distorsion": 19.106843948364258,
        "cost_thickness": 3348.296630859375,
        "cost_beam_compression": 1.9073289632797241,
        "cost_non_linearity": 619.740478515625,
        "cost_distance_total_intern_reflection": 13008.7099609375
    },
    "weighted components": {
        "cost_dispersion": 10.835784912109375,
        "cost_distance_glasses": 0.0,
        "cost_deviation": 4.541860103607178,
        "cost_distorsion": 19.106843948364258,
        "cost_thickness": 3348.296630859375,
        "cost_beam_compression": 1.9073289632797241,
        "cost_non_linearity": 619.740478515625,
        "cost_distance_total_intern_reflection": 13008.7099609375
    }
}{
    "components non weights": {
        "cost_dispersion": 2.0,
        "cost_distance_glasses": 1.0,
        "cost_deviation": 1,
        "cost_distorsion": 1.0,
        "cost_thickness": 1.0,
        "cost_beam_compression": 1.0,
        "cost_non_linearity": 1.0,
        "cost_distance_total_intern_reflection": 1.0
    },
    "components with weights": {
        "cost_dispersion": 5.4178924560546875,
        "cost_distance_glasses": 0.0,
        "cost_deviation": 4.541860103607178,
        "cost_distorsion": 19.106843948364258,
        "cost_thickness": 3348.296630859375,
        "cost_beam_compression": 1.9073289632797241,
        "cost_non_linearity": 619.740478515625,
        "cost_distance_total_intern_reflection": 13008.7099609375
    },
    "weighted components": {
        "cost_dispersion": 10.835784912109375,
        "cost_distance_glasses": 0.0,
        "cost_deviation": 4.541860103607178,
        "cost_distorsion": 19.106843948364258,
        "cost_thickness": 3348.296630859375,
        "cost_beam_compression": 1.9073289632797241,
        "cost_non_linearity": 619.740478515625,
        "cost_distance_total_intern_reflection": 13008.7099609375
    }
}