{
    "components non weights": {
        "cost_dispersion": 2.0,
        "cost_distance_glasses": 1.0,
        "cost_deviation": 1,
        "cost_distorsion": 1.0,
        "cost_thickness": 1.0,
        "cost_beam_compression": 1.0,
        "cost_non_linearity": 1.0,
        "cost_distance_total_intern_reflection": 1.0
    },
    "components with weights": {
        "cost_dispersion": 6.698441505432129,
        "cost_distance_glasses": 0.0,
        "cost_deviation": 2.292971134185791,
        "cost_distorsion": 19.46329689025879,
        "cost_thickness": 3348.56787109375,
        "cost_beam_compression": 1.9070613384246826,
        "cost_non_linearity": 619.247802734375,
        "cost_distance_total_intern_reflection": 13004.0859375
    },
    "weighted components": {
        "cost_dispersion": 13.396883010864258,
        "cost_distance_glasses": 0.0,
        "cost_deviation": 2.292971134185791,
        "cost_distorsion": 19.46329689025879,
        "cost_thickness": 3348.56787109375,
        "cost_beam_compression": 1.9070613384246826,
        "cost_non_linearity": 619.247802734375,
        "cost_distance_total_intern_reflection": 13004.0859375
    }
}{
    "components non weights": {
        "cost_dispersion": 2.0,
        "cost_distance_glasses": 1.0,
        "cost_deviation": 1,
        "cost_distorsion": 1.0,
        "cost_thickness": 1.0,
        "cost_beam_compression": 1.0,
        "cost_non_linearity": 1.0,
        "cost_distance_total_intern_reflection": 1.0
    },
    "components with weights": {
        "cost_dispersion": 6.698441505432129,
        "cost_distance_glasses": 0.0,
        "cost_deviation": 2.292971134185791,
        "cost_distorsion": 19.46329689025879,
        "cost_thickness": 3348.56787109375,
        "cost_beam_compression": 1.9070613384246826,
        "cost_non_linearity": 619.247802734375,
        "cost_distance_total_intern_reflection": 13004.0859375
    },
    "weighted components": {
        "cost_dispersion": 13.396883010864258,
        "cost_distance_glasses": 0.0,
        "cost_deviation": 2.292971134185791,
        "cost_distorsion": 19.46329689025879,
        "cost_thickness": 3348.56787109375,
        "cost_beam_compression": 1.9070613384246826,
        "cost_non_linearity": 619.247802734375,
        "cost_distance_total_intern_reflection": 13004.0859375
    }
}