{
    "components non weights": {
        "cost_dispersion": 2.0,
        "cost_distance_glasses": 1.0,
        "cost_deviation": 1,
        "cost_distorsion": 1.0,
        "cost_thickness": 1.0,
        "cost_beam_compression": 1.0,
        "cost_non_linearity": 1.0,
        "cost_distance_total_intern_reflection": 1.0
    },
    "components with weights": {
        "cost_dispersion": 14.455682754516602,
        "cost_distance_glasses": 0.0,
        "cost_deviation": 0.2817267179489136,
        "cost_distorsion": 19.453330993652344,
        "cost_thickness": 3344.504638671875,
        "cost_beam_compression": 1.9039195775985718,
        "cost_non_linearity": 617.7706909179688,
        "cost_distance_total_intern_reflection": 13000.478515625
    },
    "weighted components": {
        "cost_dispersion": 28.911365509033203,
        "cost_distance_glasses": 0.0,
        "cost_deviation": 0.2817267179489136,
        "cost_distorsion": 19.453330993652344,
        "cost_thickness": 3344.504638671875,
        "cost_beam_compression": 1.9039195775985718,
        "cost_non_linearity": 617.7706909179688,
        "cost_distance_total_intern_reflection": 13000.478515625
    }
}{
    "components non weights": {
        "cost_dispersion": 2.0,
        "cost_distance_glasses": 1.0,
        "cost_deviation": 1,
        "cost_distorsion": 1.0,
        "cost_thickness": 1.0,
        "cost_beam_compression": 1.0,
        "cost_non_linearity": 1.0,
        "cost_distance_total_intern_reflection": 1.0
    },
    "components with weights": {
        "cost_dispersion": 14.455682754516602,
        "cost_distance_glasses": 0.0,
        "cost_deviation": 0.2817267179489136,
        "cost_distorsion": 19.453330993652344,
        "cost_thickness": 3344.504638671875,
        "cost_beam_compression": 1.9039195775985718,
        "cost_non_linearity": 617.7706909179688,
        "cost_distance_total_intern_reflection": 13000.478515625
    },
    "weighted components": {
        "cost_dispersion": 28.911365509033203,
        "cost_distance_glasses": 0.0,
        "cost_deviation": 0.2817267179489136,
        "cost_distorsion": 19.453330993652344,
        "cost_thickness": 3344.504638671875,
        "cost_beam_compression": 1.9039195775985718,
        "cost_non_linearity": 617.7706909179688,
        "cost_distance_total_intern_reflection": 13000.478515625
    }
}