{
    "components non weights": {
        "cost_dispersion": 2.0,
        "cost_distance_glasses": 1.0,
        "cost_deviation": 1,
        "cost_distorsion": 1.0,
        "cost_thickness": 1.0,
        "cost_beam_compression": 1.0,
        "cost_non_linearity": 1.0,
        "cost_distance_total_intern_reflection": 1.0
    },
    "components with weights": {
        "cost_dispersion": 6.655543327331543,
        "cost_distance_glasses": 0.0,
        "cost_deviation": 2.4266393184661865,
        "cost_distorsion": 19.439533233642578,
        "cost_thickness": 3348.543701171875,
        "cost_beam_compression": 1.9070768356323242,
        "cost_non_linearity": 619.3624267578125,
        "cost_distance_total_intern_reflection": 13004.0419921875
    },
    "weighted components": {
        "cost_dispersion": 13.311086654663086,
        "cost_distance_glasses": 0.0,
        "cost_deviation": 2.4266393184661865,
        "cost_distorsion": 19.439533233642578,
        "cost_thickness": 3348.543701171875,
        "cost_beam_compression": 1.9070768356323242,
        "cost_non_linearity": 619.3624267578125,
        "cost_distance_total_intern_reflection": 13004.0419921875
    }
}{
    "components non weights": {
        "cost_dispersion": 2.0,
        "cost_distance_glasses": 1.0,
        "cost_deviation": 1,
        "cost_distorsion": 1.0,
        "cost_thickness": 1.0,
        "cost_beam_compression": 1.0,
        "cost_non_linearity": 1.0,
        "cost_distance_total_intern_reflection": 1.0
    },
    "components with weights": {
        "cost_dispersion": 6.655543327331543,
        "cost_distance_glasses": 0.0,
        "cost_deviation": 2.4266393184661865,
        "cost_distorsion": 19.439533233642578,
        "cost_thickness": 3348.543701171875,
        "cost_beam_compression": 1.9070768356323242,
        "cost_non_linearity": 619.3624267578125,
        "cost_distance_total_intern_reflection": 13004.0419921875
    },
    "weighted components": {
        "cost_dispersion": 13.311086654663086,
        "cost_distance_glasses": 0.0,
        "cost_deviation": 2.4266393184661865,
        "cost_distorsion": 19.439533233642578,
        "cost_thickness": 3348.543701171875,
        "cost_beam_compression": 1.9070768356323242,
        "cost_non_linearity": 619.3624267578125,
        "cost_distance_total_intern_reflection": 13004.0419921875
    }
}