{
    "components non weights": {
        "cost_dispersion": 2.0,
        "cost_distance_glasses": 1.0,
        "cost_deviation": 1,
        "cost_distorsion": 1.0,
        "cost_thickness": 1.0,
        "cost_beam_compression": 1.0,
        "cost_non_linearity": 1.0,
        "cost_distance_total_intern_reflection": 1.0
    },
    "components with weights": {
        "cost_dispersion": 20.78745460510254,
        "cost_distance_glasses": 0.0,
        "cost_deviation": 6.415579319000244,
        "cost_distorsion": 22.187419891357422,
        "cost_thickness": 3349.97412109375,
        "cost_beam_compression": 1.9051295518875122,
        "cost_non_linearity": 616.501708984375,
        "cost_distance_total_intern_reflection": 13032.3828125
    },
    "weighted components": {
        "cost_dispersion": 41.57490921020508,
        "cost_distance_glasses": 0.0,
        "cost_deviation": 6.415579319000244,
        "cost_distorsion": 22.187419891357422,
        "cost_thickness": 3349.97412109375,
        "cost_beam_compression": 1.9051295518875122,
        "cost_non_linearity": 616.501708984375,
        "cost_distance_total_intern_reflection": 13032.3828125
    }
}{
    "components non weights": {
        "cost_dispersion": 2.0,
        "cost_distance_glasses": 1.0,
        "cost_deviation": 1,
        "cost_distorsion": 1.0,
        "cost_thickness": 1.0,
        "cost_beam_compression": 1.0,
        "cost_non_linearity": 1.0,
        "cost_distance_total_intern_reflection": 1.0
    },
    "components with weights": {
        "cost_dispersion": 20.78745460510254,
        "cost_distance_glasses": 0.0,
        "cost_deviation": 6.415579319000244,
        "cost_distorsion": 22.187419891357422,
        "cost_thickness": 3349.97412109375,
        "cost_beam_compression": 1.9051295518875122,
        "cost_non_linearity": 616.501708984375,
        "cost_distance_total_intern_reflection": 13032.3828125
    },
    "weighted components": {
        "cost_dispersion": 41.57490921020508,
        "cost_distance_glasses": 0.0,
        "cost_deviation": 6.415579319000244,
        "cost_distorsion": 22.187419891357422,
        "cost_thickness": 3349.97412109375,
        "cost_beam_compression": 1.9051295518875122,
        "cost_non_linearity": 616.501708984375,
        "cost_distance_total_intern_reflection": 13032.3828125
    }
}