{
    "components non weights": {
        "cost_dispersion": 2.0,
        "cost_distance_glasses": 1.0,
        "cost_deviation": 1,
        "cost_distorsion": 1.0,
        "cost_thickness": 1.0,
        "cost_beam_compression": 1.0,
        "cost_non_linearity": 1.0,
        "cost_distance_total_intern_reflection": 1.0
    },
    "components with weights": {
        "cost_dispersion": 6.492791652679443,
        "cost_distance_glasses": 0.0,
        "cost_deviation": 2.6279566287994385,
        "cost_distorsion": 19.358247756958008,
        "cost_thickness": 3348.519287109375,
        "cost_beam_compression": 1.907106637954712,
        "cost_non_linearity": 619.3396606445312,
        "cost_distance_total_intern_reflection": 13003.224609375
    },
    "weighted components": {
        "cost_dispersion": 12.985583305358887,
        "cost_distance_glasses": 0.0,
        "cost_deviation": 2.6279566287994385,
        "cost_distorsion": 19.358247756958008,
        "cost_thickness": 3348.519287109375,
        "cost_beam_compression": 1.907106637954712,
        "cost_non_linearity": 619.3396606445312,
        "cost_distance_total_intern_reflection": 13003.224609375
    }
}{
    "components non weights": {
        "cost_dispersion": 2.0,
        "cost_distance_glasses": 1.0,
        "cost_deviation": 1,
        "cost_distorsion": 1.0,
        "cost_thickness": 1.0,
        "cost_beam_compression": 1.0,
        "cost_non_linearity": 1.0,
        "cost_distance_total_intern_reflection": 1.0
    },
    "components with weights": {
        "cost_dispersion": 6.492791652679443,
        "cost_distance_glasses": 0.0,
        "cost_deviation": 2.6279566287994385,
        "cost_distorsion": 19.358247756958008,
        "cost_thickness": 3348.519287109375,
        "cost_beam_compression": 1.907106637954712,
        "cost_non_linearity": 619.3396606445312,
        "cost_distance_total_intern_reflection": 13003.224609375
    },
    "weighted components": {
        "cost_dispersion": 12.985583305358887,
        "cost_distance_glasses": 0.0,
        "cost_deviation": 2.6279566287994385,
        "cost_distorsion": 19.358247756958008,
        "cost_thickness": 3348.519287109375,
        "cost_beam_compression": 1.907106637954712,
        "cost_non_linearity": 619.3396606445312,
        "cost_distance_total_intern_reflection": 13003.224609375
    }
}