{
    "components non weights": {
        "cost_dispersion": 2.0,
        "cost_distance_glasses": 1.0,
        "cost_deviation": 1,
        "cost_distorsion": 1.0,
        "cost_thickness": 1.0,
        "cost_beam_compression": 1.0,
        "cost_non_linearity": 1.0,
        "cost_distance_total_intern_reflection": 1.0
    },
    "components with weights": {
        "cost_dispersion": 17.630874633789062,
        "cost_distance_glasses": 0.0,
        "cost_deviation": 2.1736221313476562,
        "cost_distorsion": 20.55284881591797,
        "cost_thickness": 3348.760009765625,
        "cost_beam_compression": 1.9050878286361694,
        "cost_non_linearity": 617.0073852539062,
        "cost_distance_total_intern_reflection": 13004.5439453125
    },
    "weighted components": {
        "cost_dispersion": 35.261749267578125,
        "cost_distance_glasses": 0.0,
        "cost_deviation": 2.1736221313476562,
        "cost_distorsion": 20.55284881591797,
        "cost_thickness": 3348.760009765625,
        "cost_beam_compression": 1.9050878286361694,
        "cost_non_linearity": 617.0073852539062,
        "cost_distance_total_intern_reflection": 13004.5439453125
    }
}{
    "components non weights": {
        "cost_dispersion": 2.0,
        "cost_distance_glasses": 1.0,
        "cost_deviation": 1,
        "cost_distorsion": 1.0,
        "cost_thickness": 1.0,
        "cost_beam_compression": 1.0,
        "cost_non_linearity": 1.0,
        "cost_distance_total_intern_reflection": 1.0
    },
    "components with weights": {
        "cost_dispersion": 17.630874633789062,
        "cost_distance_glasses": 0.0,
        "cost_deviation": 2.1736221313476562,
        "cost_distorsion": 20.55284881591797,
        "cost_thickness": 3348.760009765625,
        "cost_beam_compression": 1.9050878286361694,
        "cost_non_linearity": 617.0073852539062,
        "cost_distance_total_intern_reflection": 13004.5439453125
    },
    "weighted components": {
        "cost_dispersion": 35.261749267578125,
        "cost_distance_glasses": 0.0,
        "cost_deviation": 2.1736221313476562,
        "cost_distorsion": 20.55284881591797,
        "cost_thickness": 3348.760009765625,
        "cost_beam_compression": 1.9050878286361694,
        "cost_non_linearity": 617.0073852539062,
        "cost_distance_total_intern_reflection": 13004.5439453125
    }
}