{
    "components non weights": {
        "cost_dispersion": 2.0,
        "cost_distance_glasses": 1.0,
        "cost_deviation": 1,
        "cost_distorsion": 1.0,
        "cost_thickness": 1.0,
        "cost_beam_compression": 1.0,
        "cost_non_linearity": 1.0,
        "cost_distance_total_intern_reflection": 1.0
    },
    "components with weights": {
        "cost_dispersion": 27.017913818359375,
        "cost_distance_glasses": 0.0,
        "cost_deviation": 13.238075256347656,
        "cost_distorsion": 21.377151489257812,
        "cost_thickness": 3349.91455078125,
        "cost_beam_compression": 1.9042712450027466,
        "cost_non_linearity": 615.6781005859375,
        "cost_distance_total_intern_reflection": 13004.568359375
    },
    "weighted components": {
        "cost_dispersion": 54.03582763671875,
        "cost_distance_glasses": 0.0,
        "cost_deviation": 13.238075256347656,
        "cost_distorsion": 21.377151489257812,
        "cost_thickness": 3349.91455078125,
        "cost_beam_compression": 1.9042712450027466,
        "cost_non_linearity": 615.6781005859375,
        "cost_distance_total_intern_reflection": 13004.568359375
    }
}{
    "components non weights": {
        "cost_dispersion": 2.0,
        "cost_distance_glasses": 1.0,
        "cost_deviation": 1,
        "cost_distorsion": 1.0,
        "cost_thickness": 1.0,
        "cost_beam_compression": 1.0,
        "cost_non_linearity": 1.0,
        "cost_distance_total_intern_reflection": 1.0
    },
    "components with weights": {
        "cost_dispersion": 27.017913818359375,
        "cost_distance_glasses": 0.0,
        "cost_deviation": 13.238075256347656,
        "cost_distorsion": 21.377151489257812,
        "cost_thickness": 3349.91455078125,
        "cost_beam_compression": 1.9042712450027466,
        "cost_non_linearity": 615.6781005859375,
        "cost_distance_total_intern_reflection": 13004.568359375
    },
    "weighted components": {
        "cost_dispersion": 54.03582763671875,
        "cost_distance_glasses": 0.0,
        "cost_deviation": 13.238075256347656,
        "cost_distorsion": 21.377151489257812,
        "cost_thickness": 3349.91455078125,
        "cost_beam_compression": 1.9042712450027466,
        "cost_non_linearity": 615.6781005859375,
        "cost_distance_total_intern_reflection": 13004.568359375
    }
}