{
    "components non weights": {
        "cost_dispersion": 2.0,
        "cost_distance_glasses": 1.0,
        "cost_deviation": 1,
        "cost_distorsion": 1.0,
        "cost_thickness": 1.0,
        "cost_beam_compression": 1.0,
        "cost_non_linearity": 1.0,
        "cost_distance_total_intern_reflection": 1.0
    },
    "components with weights": {
        "cost_dispersion": 7.219376087188721,
        "cost_distance_glasses": 0.0,
        "cost_deviation": 1.9183993339538574,
        "cost_distorsion": 19.37372398376465,
        "cost_thickness": 3348.40380859375,
        "cost_beam_compression": 1.9068700075149536,
        "cost_non_linearity": 619.09423828125,
        "cost_distance_total_intern_reflection": 13004.11328125
    },
    "weighted components": {
        "cost_dispersion": 14.438752174377441,
        "cost_distance_glasses": 0.0,
        "cost_deviation": 1.9183993339538574,
        "cost_distorsion": 19.37372398376465,
        "cost_thickness": 3348.40380859375,
        "cost_beam_compression": 1.9068700075149536,
        "cost_non_linearity": 619.09423828125,
        "cost_distance_total_intern_reflection": 13004.11328125
    }
}{
    "components non weights": {
        "cost_dispersion": 2.0,
        "cost_distance_glasses": 1.0,
        "cost_deviation": 1,
        "cost_distorsion": 1.0,
        "cost_thickness": 1.0,
        "cost_beam_compression": 1.0,
        "cost_non_linearity": 1.0,
        "cost_distance_total_intern_reflection": 1.0
    },
    "components with weights": {
        "cost_dispersion": 7.219376087188721,
        "cost_distance_glasses": 0.0,
        "cost_deviation": 1.9183993339538574,
        "cost_distorsion": 19.37372398376465,
        "cost_thickness": 3348.40380859375,
        "cost_beam_compression": 1.9068700075149536,
        "cost_non_linearity": 619.09423828125,
        "cost_distance_total_intern_reflection": 13004.11328125
    },
    "weighted components": {
        "cost_dispersion": 14.438752174377441,
        "cost_distance_glasses": 0.0,
        "cost_deviation": 1.9183993339538574,
        "cost_distorsion": 19.37372398376465,
        "cost_thickness": 3348.40380859375,
        "cost_beam_compression": 1.9068700075149536,
        "cost_non_linearity": 619.09423828125,
        "cost_distance_total_intern_reflection": 13004.11328125
    }
}