{
    "components non weights": {
        "cost_dispersion": 2.0,
        "cost_distance_glasses": 1.0,
        "cost_deviation": 1,
        "cost_distorsion": 1.0,
        "cost_thickness": 1.0,
        "cost_beam_compression": 1.0,
        "cost_non_linearity": 1.0,
        "cost_distance_total_intern_reflection": 1.0
    },
    "components with weights": {
        "cost_dispersion": 6.914357662200928,
        "cost_distance_glasses": 0.0,
        "cost_deviation": 2.2610421180725098,
        "cost_distorsion": 19.158905029296875,
        "cost_thickness": 3348.48583984375,
        "cost_beam_compression": 1.9070041179656982,
        "cost_non_linearity": 619.1631469726562,
        "cost_distance_total_intern_reflection": 13008.7890625
    },
    "weighted components": {
        "cost_dispersion": 13.828715324401855,
        "cost_distance_glasses": 0.0,
        "cost_deviation": 2.2610421180725098,
        "cost_distorsion": 19.158905029296875,
        "cost_thickness": 3348.48583984375,
        "cost_beam_compression": 1.9070041179656982,
        "cost_non_linearity": 619.1631469726562,
        "cost_distance_total_intern_reflection": 13008.7890625
    }
}{
    "components non weights": {
        "cost_dispersion": 2.0,
        "cost_distance_glasses": 1.0,
        "cost_deviation": 1,
        "cost_distorsion": 1.0,
        "cost_thickness": 1.0,
        "cost_beam_compression": 1.0,
        "cost_non_linearity": 1.0,
        "cost_distance_total_intern_reflection": 1.0
    },
    "components with weights": {
        "cost_dispersion": 6.914357662200928,
        "cost_distance_glasses": 0.0,
        "cost_deviation": 2.2610421180725098,
        "cost_distorsion": 19.158905029296875,
        "cost_thickness": 3348.48583984375,
        "cost_beam_compression": 1.9070041179656982,
        "cost_non_linearity": 619.1631469726562,
        "cost_distance_total_intern_reflection": 13008.7890625
    },
    "weighted components": {
        "cost_dispersion": 13.828715324401855,
        "cost_distance_glasses": 0.0,
        "cost_deviation": 2.2610421180725098,
        "cost_distorsion": 19.158905029296875,
        "cost_thickness": 3348.48583984375,
        "cost_beam_compression": 1.9070041179656982,
        "cost_non_linearity": 619.1631469726562,
        "cost_distance_total_intern_reflection": 13008.7890625
    }
}