{
    "components non weights": {
        "cost_dispersion": 2.0,
        "cost_distance_glasses": 1.0,
        "cost_deviation": 1,
        "cost_distorsion": 1.0,
        "cost_thickness": 1.0,
        "cost_beam_compression": 1.0,
        "cost_non_linearity": 1.0,
        "cost_distance_total_intern_reflection": 1.0
    },
    "components with weights": {
        "cost_dispersion": 1.0434303283691406,
        "cost_distance_glasses": 0.0,
        "cost_deviation": 16.464006423950195,
        "cost_distorsion": 19.210630416870117,
        "cost_thickness": 3349.572998046875,
        "cost_beam_compression": 1.9094645977020264,
        "cost_non_linearity": 621.4408569335938,
        "cost_distance_total_intern_reflection": 13023.0166015625
    },
    "weighted components": {
        "cost_dispersion": 2.0868606567382812,
        "cost_distance_glasses": 0.0,
        "cost_deviation": 16.464006423950195,
        "cost_distorsion": 19.210630416870117,
        "cost_thickness": 3349.572998046875,
        "cost_beam_compression": 1.9094645977020264,
        "cost_non_linearity": 621.4408569335938,
        "cost_distance_total_intern_reflection": 13023.0166015625
    }
}{
    "components non weights": {
        "cost_dispersion": 2.0,
        "cost_distance_glasses": 1.0,
        "cost_deviation": 1,
        "cost_distorsion": 1.0,
        "cost_thickness": 1.0,
        "cost_beam_compression": 1.0,
        "cost_non_linearity": 1.0,
        "cost_distance_total_intern_reflection": 1.0
    },
    "components with weights": {
        "cost_dispersion": 1.0434303283691406,
        "cost_distance_glasses": 0.0,
        "cost_deviation": 16.464006423950195,
        "cost_distorsion": 19.210630416870117,
        "cost_thickness": 3349.572998046875,
        "cost_beam_compression": 1.9094645977020264,
        "cost_non_linearity": 621.4408569335938,
        "cost_distance_total_intern_reflection": 13023.0166015625
    },
    "weighted components": {
        "cost_dispersion": 2.0868606567382812,
        "cost_distance_glasses": 0.0,
        "cost_deviation": 16.464006423950195,
        "cost_distorsion": 19.210630416870117,
        "cost_thickness": 3349.572998046875,
        "cost_beam_compression": 1.9094645977020264,
        "cost_non_linearity": 621.4408569335938,
        "cost_distance_total_intern_reflection": 13023.0166015625
    }
}