{
    "components non weights": {
        "cost_dispersion": 2.0,
        "cost_distance_glasses": 1.0,
        "cost_deviation": 1,
        "cost_distorsion": 1.0,
        "cost_thickness": 1.0,
        "cost_beam_compression": 1.0,
        "cost_non_linearity": 1.0,
        "cost_distance_total_intern_reflection": 1.0
    },
    "components with weights": {
        "cost_dispersion": 6.725006103515625,
        "cost_distance_glasses": 0.0,
        "cost_deviation": 2.407642364501953,
        "cost_distorsion": 19.397167205810547,
        "cost_thickness": 3348.52880859375,
        "cost_beam_compression": 1.907065510749817,
        "cost_non_linearity": 619.3348388671875,
        "cost_distance_total_intern_reflection": 13003.12890625
    },
    "weighted components": {
        "cost_dispersion": 13.45001220703125,
        "cost_distance_glasses": 0.0,
        "cost_deviation": 2.407642364501953,
        "cost_distorsion": 19.397167205810547,
        "cost_thickness": 3348.52880859375,
        "cost_beam_compression": 1.907065510749817,
        "cost_non_linearity": 619.3348388671875,
        "cost_distance_total_intern_reflection": 13003.12890625
    }
}{
    "components non weights": {
        "cost_dispersion": 2.0,
        "cost_distance_glasses": 1.0,
        "cost_deviation": 1,
        "cost_distorsion": 1.0,
        "cost_thickness": 1.0,
        "cost_beam_compression": 1.0,
        "cost_non_linearity": 1.0,
        "cost_distance_total_intern_reflection": 1.0
    },
    "components with weights": {
        "cost_dispersion": 6.725006103515625,
        "cost_distance_glasses": 0.0,
        "cost_deviation": 2.407642364501953,
        "cost_distorsion": 19.397167205810547,
        "cost_thickness": 3348.52880859375,
        "cost_beam_compression": 1.907065510749817,
        "cost_non_linearity": 619.3348388671875,
        "cost_distance_total_intern_reflection": 13003.12890625
    },
    "weighted components": {
        "cost_dispersion": 13.45001220703125,
        "cost_distance_glasses": 0.0,
        "cost_deviation": 2.407642364501953,
        "cost_distorsion": 19.397167205810547,
        "cost_thickness": 3348.52880859375,
        "cost_beam_compression": 1.907065510749817,
        "cost_non_linearity": 619.3348388671875,
        "cost_distance_total_intern_reflection": 13003.12890625
    }
}