{
    "components non weights": {
        "cost_dispersion": 2.0,
        "cost_distance_glasses": 1.0,
        "cost_deviation": 1,
        "cost_distorsion": 1.0,
        "cost_thickness": 1.0,
        "cost_beam_compression": 1.0,
        "cost_non_linearity": 1.0,
        "cost_distance_total_intern_reflection": 1.0
    },
    "components with weights": {
        "cost_dispersion": 6.959368705749512,
        "cost_distance_glasses": 0.0,
        "cost_deviation": 3.0938456058502197,
        "cost_distorsion": 18.145355224609375,
        "cost_thickness": 3347.641845703125,
        "cost_beam_compression": 1.9067037105560303,
        "cost_non_linearity": 619.2673950195312,
        "cost_distance_total_intern_reflection": 13030.8828125
    },
    "weighted components": {
        "cost_dispersion": 13.918737411499023,
        "cost_distance_glasses": 0.0,
        "cost_deviation": 3.0938456058502197,
        "cost_distorsion": 18.145355224609375,
        "cost_thickness": 3347.641845703125,
        "cost_beam_compression": 1.9067037105560303,
        "cost_non_linearity": 619.2673950195312,
        "cost_distance_total_intern_reflection": 13030.8828125
    }
}{
    "components non weights": {
        "cost_dispersion": 2.0,
        "cost_distance_glasses": 1.0,
        "cost_deviation": 1,
        "cost_distorsion": 1.0,
        "cost_thickness": 1.0,
        "cost_beam_compression": 1.0,
        "cost_non_linearity": 1.0,
        "cost_distance_total_intern_reflection": 1.0
    },
    "components with weights": {
        "cost_dispersion": 6.959368705749512,
        "cost_distance_glasses": 0.0,
        "cost_deviation": 3.0938456058502197,
        "cost_distorsion": 18.145355224609375,
        "cost_thickness": 3347.641845703125,
        "cost_beam_compression": 1.9067037105560303,
        "cost_non_linearity": 619.2673950195312,
        "cost_distance_total_intern_reflection": 13030.8828125
    },
    "weighted components": {
        "cost_dispersion": 13.918737411499023,
        "cost_distance_glasses": 0.0,
        "cost_deviation": 3.0938456058502197,
        "cost_distorsion": 18.145355224609375,
        "cost_thickness": 3347.641845703125,
        "cost_beam_compression": 1.9067037105560303,
        "cost_non_linearity": 619.2673950195312,
        "cost_distance_total_intern_reflection": 13030.8828125
    }
}