{
    "components non weights": {
        "cost_dispersion": 2.0,
        "cost_distance_glasses": 1.0,
        "cost_deviation": 1,
        "cost_distorsion": 1.0,
        "cost_thickness": 1.0,
        "cost_beam_compression": 1.0,
        "cost_non_linearity": 1.0,
        "cost_distance_total_intern_reflection": 1.0
    },
    "components with weights": {
        "cost_dispersion": 30.838281631469727,
        "cost_distance_glasses": 0.0,
        "cost_deviation": 22.523286819458008,
        "cost_distorsion": 23.69550323486328,
        "cost_thickness": 3351.1376953125,
        "cost_beam_compression": 1.9043523073196411,
        "cost_non_linearity": 615.1063842773438,
        "cost_distance_total_intern_reflection": 13048.8642578125
    },
    "weighted components": {
        "cost_dispersion": 61.67656326293945,
        "cost_distance_glasses": 0.0,
        "cost_deviation": 22.523286819458008,
        "cost_distorsion": 23.69550323486328,
        "cost_thickness": 3351.1376953125,
        "cost_beam_compression": 1.9043523073196411,
        "cost_non_linearity": 615.1063842773438,
        "cost_distance_total_intern_reflection": 13048.8642578125
    }
}{
    "components non weights": {
        "cost_dispersion": 2.0,
        "cost_distance_glasses": 1.0,
        "cost_deviation": 1,
        "cost_distorsion": 1.0,
        "cost_thickness": 1.0,
        "cost_beam_compression": 1.0,
        "cost_non_linearity": 1.0,
        "cost_distance_total_intern_reflection": 1.0
    },
    "components with weights": {
        "cost_dispersion": 30.838281631469727,
        "cost_distance_glasses": 0.0,
        "cost_deviation": 22.523286819458008,
        "cost_distorsion": 23.69550323486328,
        "cost_thickness": 3351.1376953125,
        "cost_beam_compression": 1.9043523073196411,
        "cost_non_linearity": 615.1063842773438,
        "cost_distance_total_intern_reflection": 13048.8642578125
    },
    "weighted components": {
        "cost_dispersion": 61.67656326293945,
        "cost_distance_glasses": 0.0,
        "cost_deviation": 22.523286819458008,
        "cost_distorsion": 23.69550323486328,
        "cost_thickness": 3351.1376953125,
        "cost_beam_compression": 1.9043523073196411,
        "cost_non_linearity": 615.1063842773438,
        "cost_distance_total_intern_reflection": 13048.8642578125
    }
}