{
    "components non weights": {
        "cost_dispersion": 2.0,
        "cost_distance_glasses": 1.0,
        "cost_deviation": 1,
        "cost_distorsion": 1.0,
        "cost_thickness": 1.0,
        "cost_beam_compression": 1.0,
        "cost_non_linearity": 1.0,
        "cost_distance_total_intern_reflection": 1.0
    },
    "components with weights": {
        "cost_dispersion": 1.5128519535064697,
        "cost_distance_glasses": 0.0,
        "cost_deviation": 64.1787109375,
        "cost_distorsion": 18.39895248413086,
        "cost_thickness": 3350.110107421875,
        "cost_beam_compression": 1.9125866889953613,
        "cost_non_linearity": 624.5628662109375,
        "cost_distance_total_intern_reflection": 13039.013671875
    },
    "weighted components": {
        "cost_dispersion": 3.0257039070129395,
        "cost_distance_glasses": 0.0,
        "cost_deviation": 64.1787109375,
        "cost_distorsion": 18.39895248413086,
        "cost_thickness": 3350.110107421875,
        "cost_beam_compression": 1.9125866889953613,
        "cost_non_linearity": 624.5628662109375,
        "cost_distance_total_intern_reflection": 13039.013671875
    }
}{
    "components non weights": {
        "cost_dispersion": 2.0,
        "cost_distance_glasses": 1.0,
        "cost_deviation": 1,
        "cost_distorsion": 1.0,
        "cost_thickness": 1.0,
        "cost_beam_compression": 1.0,
        "cost_non_linearity": 1.0,
        "cost_distance_total_intern_reflection": 1.0
    },
    "components with weights": {
        "cost_dispersion": 1.5128519535064697,
        "cost_distance_glasses": 0.0,
        "cost_deviation": 64.1787109375,
        "cost_distorsion": 18.39895248413086,
        "cost_thickness": 3350.110107421875,
        "cost_beam_compression": 1.9125866889953613,
        "cost_non_linearity": 624.5628662109375,
        "cost_distance_total_intern_reflection": 13039.013671875
    },
    "weighted components": {
        "cost_dispersion": 3.0257039070129395,
        "cost_distance_glasses": 0.0,
        "cost_deviation": 64.1787109375,
        "cost_distorsion": 18.39895248413086,
        "cost_thickness": 3350.110107421875,
        "cost_beam_compression": 1.9125866889953613,
        "cost_non_linearity": 624.5628662109375,
        "cost_distance_total_intern_reflection": 13039.013671875
    }
}