{
    "components non weights": {
        "cost_dispersion": 2.0,
        "cost_distance_glasses": 1.0,
        "cost_deviation": 1,
        "cost_distorsion": 1.0,
        "cost_thickness": 1.0,
        "cost_beam_compression": 1.0,
        "cost_non_linearity": 1.0,
        "cost_distance_total_intern_reflection": 1.0
    },
    "components with weights": {
        "cost_dispersion": 6.719625949859619,
        "cost_distance_glasses": 0.0,
        "cost_deviation": 2.3845763206481934,
        "cost_distorsion": 19.42460060119629,
        "cost_thickness": 3348.534423828125,
        "cost_beam_compression": 1.9070607423782349,
        "cost_non_linearity": 619.2343139648438,
        "cost_distance_total_intern_reflection": 13003.283203125
    },
    "weighted components": {
        "cost_dispersion": 13.439251899719238,
        "cost_distance_glasses": 0.0,
        "cost_deviation": 2.3845763206481934,
        "cost_distorsion": 19.42460060119629,
        "cost_thickness": 3348.534423828125,
        "cost_beam_compression": 1.9070607423782349,
        "cost_non_linearity": 619.2343139648438,
        "cost_distance_total_intern_reflection": 13003.283203125
    }
}{
    "components non weights": {
        "cost_dispersion": 2.0,
        "cost_distance_glasses": 1.0,
        "cost_deviation": 1,
        "cost_distorsion": 1.0,
        "cost_thickness": 1.0,
        "cost_beam_compression": 1.0,
        "cost_non_linearity": 1.0,
        "cost_distance_total_intern_reflection": 1.0
    },
    "components with weights": {
        "cost_dispersion": 6.719625949859619,
        "cost_distance_glasses": 0.0,
        "cost_deviation": 2.3845763206481934,
        "cost_distorsion": 19.42460060119629,
        "cost_thickness": 3348.534423828125,
        "cost_beam_compression": 1.9070607423782349,
        "cost_non_linearity": 619.2343139648438,
        "cost_distance_total_intern_reflection": 13003.283203125
    },
    "weighted components": {
        "cost_dispersion": 13.439251899719238,
        "cost_distance_glasses": 0.0,
        "cost_deviation": 2.3845763206481934,
        "cost_distorsion": 19.42460060119629,
        "cost_thickness": 3348.534423828125,
        "cost_beam_compression": 1.9070607423782349,
        "cost_non_linearity": 619.2343139648438,
        "cost_distance_total_intern_reflection": 13003.283203125
    }
}