{
    "components non weights": {
        "cost_dispersion": 2.0,
        "cost_distance_glasses": 1.0,
        "cost_deviation": 1,
        "cost_distorsion": 1.0,
        "cost_thickness": 1.0,
        "cost_beam_compression": 1.0,
        "cost_non_linearity": 1.0,
        "cost_distance_total_intern_reflection": 1.0
    },
    "components with weights": {
        "cost_dispersion": 2.0408661365509033,
        "cost_distance_glasses": 0.0,
        "cost_deviation": 61.25468444824219,
        "cost_distorsion": 18.652671813964844,
        "cost_thickness": 3351.93994140625,
        "cost_beam_compression": 1.9135743379592896,
        "cost_non_linearity": 624.7029418945312,
        "cost_distance_total_intern_reflection": 13045.1767578125
    },
    "weighted components": {
        "cost_dispersion": 4.081732273101807,
        "cost_distance_glasses": 0.0,
        "cost_deviation": 61.25468444824219,
        "cost_distorsion": 18.652671813964844,
        "cost_thickness": 3351.93994140625,
        "cost_beam_compression": 1.9135743379592896,
        "cost_non_linearity": 624.7029418945312,
        "cost_distance_total_intern_reflection": 13045.1767578125
    }
}{
    "components non weights": {
        "cost_dispersion": 2.0,
        "cost_distance_glasses": 1.0,
        "cost_deviation": 1,
        "cost_distorsion": 1.0,
        "cost_thickness": 1.0,
        "cost_beam_compression": 1.0,
        "cost_non_linearity": 1.0,
        "cost_distance_total_intern_reflection": 1.0
    },
    "components with weights": {
        "cost_dispersion": 2.0408661365509033,
        "cost_distance_glasses": 0.0,
        "cost_deviation": 61.25468444824219,
        "cost_distorsion": 18.652671813964844,
        "cost_thickness": 3351.93994140625,
        "cost_beam_compression": 1.9135743379592896,
        "cost_non_linearity": 624.7029418945312,
        "cost_distance_total_intern_reflection": 13045.1767578125
    },
    "weighted components": {
        "cost_dispersion": 4.081732273101807,
        "cost_distance_glasses": 0.0,
        "cost_deviation": 61.25468444824219,
        "cost_distorsion": 18.652671813964844,
        "cost_thickness": 3351.93994140625,
        "cost_beam_compression": 1.9135743379592896,
        "cost_non_linearity": 624.7029418945312,
        "cost_distance_total_intern_reflection": 13045.1767578125
    }
}