{
    "components non weights": {
        "cost_dispersion": 2.0,
        "cost_distance_glasses": 1.0,
        "cost_deviation": 1,
        "cost_distorsion": 1.0,
        "cost_thickness": 1.0,
        "cost_beam_compression": 1.0,
        "cost_non_linearity": 1.0,
        "cost_distance_total_intern_reflection": 1.0
    },
    "components with weights": {
        "cost_dispersion": 9.149295806884766,
        "cost_distance_glasses": 0.0,
        "cost_deviation": 0.3658291697502136,
        "cost_distorsion": 20.02896499633789,
        "cost_thickness": 3348.894775390625,
        "cost_beam_compression": 1.9066274166107178,
        "cost_non_linearity": 618.5778198242188,
        "cost_distance_total_intern_reflection": 13012.779296875
    },
    "weighted components": {
        "cost_dispersion": 18.29859161376953,
        "cost_distance_glasses": 0.0,
        "cost_deviation": 0.3658291697502136,
        "cost_distorsion": 20.02896499633789,
        "cost_thickness": 3348.894775390625,
        "cost_beam_compression": 1.9066274166107178,
        "cost_non_linearity": 618.5778198242188,
        "cost_distance_total_intern_reflection": 13012.779296875
    }
}{
    "components non weights": {
        "cost_dispersion": 2.0,
        "cost_distance_glasses": 1.0,
        "cost_deviation": 1,
        "cost_distorsion": 1.0,
        "cost_thickness": 1.0,
        "cost_beam_compression": 1.0,
        "cost_non_linearity": 1.0,
        "cost_distance_total_intern_reflection": 1.0
    },
    "components with weights": {
        "cost_dispersion": 9.149295806884766,
        "cost_distance_glasses": 0.0,
        "cost_deviation": 0.3658291697502136,
        "cost_distorsion": 20.02896499633789,
        "cost_thickness": 3348.894775390625,
        "cost_beam_compression": 1.9066274166107178,
        "cost_non_linearity": 618.5778198242188,
        "cost_distance_total_intern_reflection": 13012.779296875
    },
    "weighted components": {
        "cost_dispersion": 18.29859161376953,
        "cost_distance_glasses": 0.0,
        "cost_deviation": 0.3658291697502136,
        "cost_distorsion": 20.02896499633789,
        "cost_thickness": 3348.894775390625,
        "cost_beam_compression": 1.9066274166107178,
        "cost_non_linearity": 618.5778198242188,
        "cost_distance_total_intern_reflection": 13012.779296875
    }
}