{
    "components non weights": {
        "cost_dispersion": 2.0,
        "cost_distance_glasses": 1.0,
        "cost_deviation": 1,
        "cost_distorsion": 1.0,
        "cost_thickness": 1.0,
        "cost_beam_compression": 1.0,
        "cost_non_linearity": 1.0,
        "cost_distance_total_intern_reflection": 1.0
    },
    "components with weights": {
        "cost_dispersion": 0.17175115644931793,
        "cost_distance_glasses": 0.0,
        "cost_deviation": 45.31443786621094,
        "cost_distorsion": 15.322447776794434,
        "cost_thickness": 3344.726806640625,
        "cost_beam_compression": 1.9085997343063354,
        "cost_non_linearity": 622.2444458007812,
        "cost_distance_total_intern_reflection": 13082.2421875
    },
    "weighted components": {
        "cost_dispersion": 0.34350231289863586,
        "cost_distance_glasses": 0.0,
        "cost_deviation": 45.31443786621094,
        "cost_distorsion": 15.322447776794434,
        "cost_thickness": 3344.726806640625,
        "cost_beam_compression": 1.9085997343063354,
        "cost_non_linearity": 622.2444458007812,
        "cost_distance_total_intern_reflection": 13082.2421875
    }
}{
    "components non weights": {
        "cost_dispersion": 2.0,
        "cost_distance_glasses": 1.0,
        "cost_deviation": 1,
        "cost_distorsion": 1.0,
        "cost_thickness": 1.0,
        "cost_beam_compression": 1.0,
        "cost_non_linearity": 1.0,
        "cost_distance_total_intern_reflection": 1.0
    },
    "components with weights": {
        "cost_dispersion": 0.17175115644931793,
        "cost_distance_glasses": 0.0,
        "cost_deviation": 45.31443786621094,
        "cost_distorsion": 15.322447776794434,
        "cost_thickness": 3344.726806640625,
        "cost_beam_compression": 1.9085997343063354,
        "cost_non_linearity": 622.2444458007812,
        "cost_distance_total_intern_reflection": 13082.2421875
    },
    "weighted components": {
        "cost_dispersion": 0.34350231289863586,
        "cost_distance_glasses": 0.0,
        "cost_deviation": 45.31443786621094,
        "cost_distorsion": 15.322447776794434,
        "cost_thickness": 3344.726806640625,
        "cost_beam_compression": 1.9085997343063354,
        "cost_non_linearity": 622.2444458007812,
        "cost_distance_total_intern_reflection": 13082.2421875
    }
}