{
    "components non weights": {
        "cost_dispersion": 2.0,
        "cost_distance_glasses": 1.0,
        "cost_deviation": 1,
        "cost_distorsion": 1.0,
        "cost_thickness": 1.0,
        "cost_beam_compression": 1.0,
        "cost_non_linearity": 1.0,
        "cost_distance_total_intern_reflection": 1.0
    },
    "components with weights": {
        "cost_dispersion": 4.54108190536499,
        "cost_distance_glasses": 0.0,
        "cost_deviation": 10.787053108215332,
        "cost_distorsion": 17.338829040527344,
        "cost_thickness": 3345.69287109375,
        "cost_beam_compression": 1.9066274166107178,
        "cost_non_linearity": 620.0595703125,
        "cost_distance_total_intern_reflection": 13043.853515625
    },
    "weighted components": {
        "cost_dispersion": 9.08216381072998,
        "cost_distance_glasses": 0.0,
        "cost_deviation": 10.787053108215332,
        "cost_distorsion": 17.338829040527344,
        "cost_thickness": 3345.69287109375,
        "cost_beam_compression": 1.9066274166107178,
        "cost_non_linearity": 620.0595703125,
        "cost_distance_total_intern_reflection": 13043.853515625
    }
}{
    "components non weights": {
        "cost_dispersion": 2.0,
        "cost_distance_glasses": 1.0,
        "cost_deviation": 1,
        "cost_distorsion": 1.0,
        "cost_thickness": 1.0,
        "cost_beam_compression": 1.0,
        "cost_non_linearity": 1.0,
        "cost_distance_total_intern_reflection": 1.0
    },
    "components with weights": {
        "cost_dispersion": 4.54108190536499,
        "cost_distance_glasses": 0.0,
        "cost_deviation": 10.787053108215332,
        "cost_distorsion": 17.338829040527344,
        "cost_thickness": 3345.69287109375,
        "cost_beam_compression": 1.9066274166107178,
        "cost_non_linearity": 620.0595703125,
        "cost_distance_total_intern_reflection": 13043.853515625
    },
    "weighted components": {
        "cost_dispersion": 9.08216381072998,
        "cost_distance_glasses": 0.0,
        "cost_deviation": 10.787053108215332,
        "cost_distorsion": 17.338829040527344,
        "cost_thickness": 3345.69287109375,
        "cost_beam_compression": 1.9066274166107178,
        "cost_non_linearity": 620.0595703125,
        "cost_distance_total_intern_reflection": 13043.853515625
    }
}