{
    "components non weights": {
        "cost_dispersion": 2.0,
        "cost_distance_glasses": 1.0,
        "cost_deviation": 1,
        "cost_distorsion": 1.0,
        "cost_thickness": 1.0,
        "cost_beam_compression": 1.0,
        "cost_non_linearity": 1.0,
        "cost_distance_total_intern_reflection": 1.0
    },
    "components with weights": {
        "cost_dispersion": 14.508641242980957,
        "cost_distance_glasses": 0.0,
        "cost_deviation": 0.08108893781900406,
        "cost_distorsion": 18.59021759033203,
        "cost_thickness": 3347.396240234375,
        "cost_beam_compression": 1.9051408767700195,
        "cost_non_linearity": 617.6644287109375,
        "cost_distance_total_intern_reflection": 13030.6513671875
    },
    "weighted components": {
        "cost_dispersion": 29.017282485961914,
        "cost_distance_glasses": 0.0,
        "cost_deviation": 0.08108893781900406,
        "cost_distorsion": 18.59021759033203,
        "cost_thickness": 3347.396240234375,
        "cost_beam_compression": 1.9051408767700195,
        "cost_non_linearity": 617.6644287109375,
        "cost_distance_total_intern_reflection": 13030.6513671875
    }
}{
    "components non weights": {
        "cost_dispersion": 2.0,
        "cost_distance_glasses": 1.0,
        "cost_deviation": 1,
        "cost_distorsion": 1.0,
        "cost_thickness": 1.0,
        "cost_beam_compression": 1.0,
        "cost_non_linearity": 1.0,
        "cost_distance_total_intern_reflection": 1.0
    },
    "components with weights": {
        "cost_dispersion": 14.508641242980957,
        "cost_distance_glasses": 0.0,
        "cost_deviation": 0.08108893781900406,
        "cost_distorsion": 18.59021759033203,
        "cost_thickness": 3347.396240234375,
        "cost_beam_compression": 1.9051408767700195,
        "cost_non_linearity": 617.6644287109375,
        "cost_distance_total_intern_reflection": 13030.6513671875
    },
    "weighted components": {
        "cost_dispersion": 29.017282485961914,
        "cost_distance_glasses": 0.0,
        "cost_deviation": 0.08108893781900406,
        "cost_distorsion": 18.59021759033203,
        "cost_thickness": 3347.396240234375,
        "cost_beam_compression": 1.9051408767700195,
        "cost_non_linearity": 617.6644287109375,
        "cost_distance_total_intern_reflection": 13030.6513671875
    }
}