{
    "components non weights": {
        "cost_dispersion": 2.0,
        "cost_distance_glasses": 1.0,
        "cost_deviation": 1,
        "cost_distorsion": 1.0,
        "cost_thickness": 1.0,
        "cost_beam_compression": 1.0,
        "cost_non_linearity": 1.0,
        "cost_distance_total_intern_reflection": 1.0
    },
    "components with weights": {
        "cost_dispersion": 9.105409622192383,
        "cost_distance_glasses": 0.0,
        "cost_deviation": 2.300649404525757,
        "cost_distorsion": 18.684490203857422,
        "cost_thickness": 3346.071533203125,
        "cost_beam_compression": 1.9055646657943726,
        "cost_non_linearity": 618.7908325195312,
        "cost_distance_total_intern_reflection": 13016.0849609375
    },
    "weighted components": {
        "cost_dispersion": 18.210819244384766,
        "cost_distance_glasses": 0.0,
        "cost_deviation": 2.300649404525757,
        "cost_distorsion": 18.684490203857422,
        "cost_thickness": 3346.071533203125,
        "cost_beam_compression": 1.9055646657943726,
        "cost_non_linearity": 618.7908325195312,
        "cost_distance_total_intern_reflection": 13016.0849609375
    }
}{
    "components non weights": {
        "cost_dispersion": 2.0,
        "cost_distance_glasses": 1.0,
        "cost_deviation": 1,
        "cost_distorsion": 1.0,
        "cost_thickness": 1.0,
        "cost_beam_compression": 1.0,
        "cost_non_linearity": 1.0,
        "cost_distance_total_intern_reflection": 1.0
    },
    "components with weights": {
        "cost_dispersion": 9.105409622192383,
        "cost_distance_glasses": 0.0,
        "cost_deviation": 2.300649404525757,
        "cost_distorsion": 18.684490203857422,
        "cost_thickness": 3346.071533203125,
        "cost_beam_compression": 1.9055646657943726,
        "cost_non_linearity": 618.7908325195312,
        "cost_distance_total_intern_reflection": 13016.0849609375
    },
    "weighted components": {
        "cost_dispersion": 18.210819244384766,
        "cost_distance_glasses": 0.0,
        "cost_deviation": 2.300649404525757,
        "cost_distorsion": 18.684490203857422,
        "cost_thickness": 3346.071533203125,
        "cost_beam_compression": 1.9055646657943726,
        "cost_non_linearity": 618.7908325195312,
        "cost_distance_total_intern_reflection": 13016.0849609375
    }
}