{
    "components non weights": {
        "cost_dispersion": 2.0,
        "cost_distance_glasses": 1.0,
        "cost_deviation": 1,
        "cost_distorsion": 1.0,
        "cost_thickness": 1.0,
        "cost_beam_compression": 1.0,
        "cost_non_linearity": 1.0,
        "cost_distance_total_intern_reflection": 1.0
    },
    "components with weights": {
        "cost_dispersion": 9.038125991821289,
        "cost_distance_glasses": 0.0,
        "cost_deviation": 0.5533365607261658,
        "cost_distorsion": 19.71120834350586,
        "cost_thickness": 3348.616943359375,
        "cost_beam_compression": 1.9065529108047485,
        "cost_non_linearity": 618.7017211914062,
        "cost_distance_total_intern_reflection": 13003.6728515625
    },
    "weighted components": {
        "cost_dispersion": 18.076251983642578,
        "cost_distance_glasses": 0.0,
        "cost_deviation": 0.5533365607261658,
        "cost_distorsion": 19.71120834350586,
        "cost_thickness": 3348.616943359375,
        "cost_beam_compression": 1.9065529108047485,
        "cost_non_linearity": 618.7017211914062,
        "cost_distance_total_intern_reflection": 13003.6728515625
    }
}{
    "components non weights": {
        "cost_dispersion": 2.0,
        "cost_distance_glasses": 1.0,
        "cost_deviation": 1,
        "cost_distorsion": 1.0,
        "cost_thickness": 1.0,
        "cost_beam_compression": 1.0,
        "cost_non_linearity": 1.0,
        "cost_distance_total_intern_reflection": 1.0
    },
    "components with weights": {
        "cost_dispersion": 9.038125991821289,
        "cost_distance_glasses": 0.0,
        "cost_deviation": 0.5533365607261658,
        "cost_distorsion": 19.71120834350586,
        "cost_thickness": 3348.616943359375,
        "cost_beam_compression": 1.9065529108047485,
        "cost_non_linearity": 618.7017211914062,
        "cost_distance_total_intern_reflection": 13003.6728515625
    },
    "weighted components": {
        "cost_dispersion": 18.076251983642578,
        "cost_distance_glasses": 0.0,
        "cost_deviation": 0.5533365607261658,
        "cost_distorsion": 19.71120834350586,
        "cost_thickness": 3348.616943359375,
        "cost_beam_compression": 1.9065529108047485,
        "cost_non_linearity": 618.7017211914062,
        "cost_distance_total_intern_reflection": 13003.6728515625
    }
}