{
    "components non weights": {
        "cost_dispersion": 2.0,
        "cost_distance_glasses": 1.0,
        "cost_deviation": 1,
        "cost_distorsion": 1.0,
        "cost_thickness": 1.0,
        "cost_beam_compression": 1.0,
        "cost_non_linearity": 1.0,
        "cost_distance_total_intern_reflection": 1.0
    },
    "components with weights": {
        "cost_dispersion": 2668.74658203125,
        "cost_distance_glasses": 0.0,
        "cost_deviation": 91.30223846435547,
        "cost_distorsion": 26.572046279907227,
        "cost_thickness": 3728.5712890625,
        "cost_beam_compression": 2.129836082458496,
        "cost_non_linearity": 687.5110473632812,
        "cost_distance_total_intern_reflection": 13572.8828125
    },
    "weighted components": {
        "cost_dispersion": 5337.4931640625,
        "cost_distance_glasses": 0.0,
        "cost_deviation": 91.30223846435547,
        "cost_distorsion": 26.572046279907227,
        "cost_thickness": 3728.5712890625,
        "cost_beam_compression": 2.129836082458496,
        "cost_non_linearity": 687.5110473632812,
        "cost_distance_total_intern_reflection": 13572.8828125
    }
}{
    "components non weights": {
        "cost_dispersion": 2.0,
        "cost_distance_glasses": 1.0,
        "cost_deviation": 1,
        "cost_distorsion": 1.0,
        "cost_thickness": 1.0,
        "cost_beam_compression": 1.0,
        "cost_non_linearity": 1.0,
        "cost_distance_total_intern_reflection": 1.0
    },
    "components with weights": {
        "cost_dispersion": 2668.74658203125,
        "cost_distance_glasses": 0.0,
        "cost_deviation": 91.30223846435547,
        "cost_distorsion": 26.572046279907227,
        "cost_thickness": 3728.5712890625,
        "cost_beam_compression": 2.129836082458496,
        "cost_non_linearity": 687.5110473632812,
        "cost_distance_total_intern_reflection": 13572.8828125
    },
    "weighted components": {
        "cost_dispersion": 5337.4931640625,
        "cost_distance_glasses": 0.0,
        "cost_deviation": 91.30223846435547,
        "cost_distorsion": 26.572046279907227,
        "cost_thickness": 3728.5712890625,
        "cost_beam_compression": 2.129836082458496,
        "cost_non_linearity": 687.5110473632812,
        "cost_distance_total_intern_reflection": 13572.8828125
    }
}