{
    "components non weights": {
        "cost_dispersion": 2.0,
        "cost_distance_glasses": 1.0,
        "cost_deviation": 1,
        "cost_distorsion": 1.0,
        "cost_thickness": 1.0,
        "cost_beam_compression": 1.0,
        "cost_non_linearity": 1.0,
        "cost_distance_total_intern_reflection": 1.0
    },
    "components with weights": {
        "cost_dispersion": 17.541290283203125,
        "cost_distance_glasses": 0.0,
        "cost_deviation": 3.6773064136505127,
        "cost_distorsion": 20.110807418823242,
        "cost_thickness": 3350.4384765625,
        "cost_beam_compression": 1.9057893753051758,
        "cost_non_linearity": 616.96923828125,
        "cost_distance_total_intern_reflection": 13005.0576171875
    },
    "weighted components": {
        "cost_dispersion": 35.08258056640625,
        "cost_distance_glasses": 0.0,
        "cost_deviation": 3.6773064136505127,
        "cost_distorsion": 20.110807418823242,
        "cost_thickness": 3350.4384765625,
        "cost_beam_compression": 1.9057893753051758,
        "cost_non_linearity": 616.96923828125,
        "cost_distance_total_intern_reflection": 13005.0576171875
    }
}{
    "components non weights": {
        "cost_dispersion": 2.0,
        "cost_distance_glasses": 1.0,
        "cost_deviation": 1,
        "cost_distorsion": 1.0,
        "cost_thickness": 1.0,
        "cost_beam_compression": 1.0,
        "cost_non_linearity": 1.0,
        "cost_distance_total_intern_reflection": 1.0
    },
    "components with weights": {
        "cost_dispersion": 17.541290283203125,
        "cost_distance_glasses": 0.0,
        "cost_deviation": 3.6773064136505127,
        "cost_distorsion": 20.110807418823242,
        "cost_thickness": 3350.4384765625,
        "cost_beam_compression": 1.9057893753051758,
        "cost_non_linearity": 616.96923828125,
        "cost_distance_total_intern_reflection": 13005.0576171875
    },
    "weighted components": {
        "cost_dispersion": 35.08258056640625,
        "cost_distance_glasses": 0.0,
        "cost_deviation": 3.6773064136505127,
        "cost_distorsion": 20.110807418823242,
        "cost_thickness": 3350.4384765625,
        "cost_beam_compression": 1.9057893753051758,
        "cost_non_linearity": 616.96923828125,
        "cost_distance_total_intern_reflection": 13005.0576171875
    }
}