{
    "components non weights": {
        "cost_dispersion": 2.0,
        "cost_distance_glasses": 1.0,
        "cost_deviation": 1,
        "cost_distorsion": 1.0,
        "cost_thickness": 1.0,
        "cost_beam_compression": 1.0,
        "cost_non_linearity": 1.0,
        "cost_distance_total_intern_reflection": 1.0
    },
    "components with weights": {
        "cost_dispersion": 2.1917877197265625,
        "cost_distance_glasses": 0.0,
        "cost_deviation": 939.3524169921875,
        "cost_distorsion": 31.75149154663086,
        "cost_thickness": 3464.943115234375,
        "cost_beam_compression": 1.954609751701355,
        "cost_non_linearity": 618.0802612304688,
        "cost_distance_total_intern_reflection": 13129.033203125
    },
    "weighted components": {
        "cost_dispersion": 4.383575439453125,
        "cost_distance_glasses": 0.0,
        "cost_deviation": 939.3524169921875,
        "cost_distorsion": 31.75149154663086,
        "cost_thickness": 3464.943115234375,
        "cost_beam_compression": 1.954609751701355,
        "cost_non_linearity": 618.0802612304688,
        "cost_distance_total_intern_reflection": 13129.033203125
    }
}{
    "components non weights": {
        "cost_dispersion": 2.0,
        "cost_distance_glasses": 1.0,
        "cost_deviation": 1,
        "cost_distorsion": 1.0,
        "cost_thickness": 1.0,
        "cost_beam_compression": 1.0,
        "cost_non_linearity": 1.0,
        "cost_distance_total_intern_reflection": 1.0
    },
    "components with weights": {
        "cost_dispersion": 2.1917877197265625,
        "cost_distance_glasses": 0.0,
        "cost_deviation": 939.3524169921875,
        "cost_distorsion": 31.75149154663086,
        "cost_thickness": 3464.943115234375,
        "cost_beam_compression": 1.954609751701355,
        "cost_non_linearity": 618.0802612304688,
        "cost_distance_total_intern_reflection": 13129.033203125
    },
    "weighted components": {
        "cost_dispersion": 4.383575439453125,
        "cost_distance_glasses": 0.0,
        "cost_deviation": 939.3524169921875,
        "cost_distorsion": 31.75149154663086,
        "cost_thickness": 3464.943115234375,
        "cost_beam_compression": 1.954609751701355,
        "cost_non_linearity": 618.0802612304688,
        "cost_distance_total_intern_reflection": 13129.033203125
    }
}