{
    "components non weights": {
        "cost_dispersion": 2.0,
        "cost_distance_glasses": 1.0,
        "cost_deviation": 1,
        "cost_distorsion": 1.0,
        "cost_thickness": 1.0,
        "cost_beam_compression": 1.0,
        "cost_non_linearity": 1.0,
        "cost_distance_total_intern_reflection": 1.0
    },
    "components with weights": {
        "cost_dispersion": 9.264860153198242,
        "cost_distance_glasses": 0.0,
        "cost_deviation": 0.3511974811553955,
        "cost_distorsion": 20.300710678100586,
        "cost_thickness": 3348.85595703125,
        "cost_beam_compression": 1.9065994024276733,
        "cost_non_linearity": 618.7160034179688,
        "cost_distance_total_intern_reflection": 13015.1474609375
    },
    "weighted components": {
        "cost_dispersion": 18.529720306396484,
        "cost_distance_glasses": 0.0,
        "cost_deviation": 0.3511974811553955,
        "cost_distorsion": 20.300710678100586,
        "cost_thickness": 3348.85595703125,
        "cost_beam_compression": 1.9065994024276733,
        "cost_non_linearity": 618.7160034179688,
        "cost_distance_total_intern_reflection": 13015.1474609375
    }
}{
    "components non weights": {
        "cost_dispersion": 2.0,
        "cost_distance_glasses": 1.0,
        "cost_deviation": 1,
        "cost_distorsion": 1.0,
        "cost_thickness": 1.0,
        "cost_beam_compression": 1.0,
        "cost_non_linearity": 1.0,
        "cost_distance_total_intern_reflection": 1.0
    },
    "components with weights": {
        "cost_dispersion": 9.264860153198242,
        "cost_distance_glasses": 0.0,
        "cost_deviation": 0.3511974811553955,
        "cost_distorsion": 20.300710678100586,
        "cost_thickness": 3348.85595703125,
        "cost_beam_compression": 1.9065994024276733,
        "cost_non_linearity": 618.7160034179688,
        "cost_distance_total_intern_reflection": 13015.1474609375
    },
    "weighted components": {
        "cost_dispersion": 18.529720306396484,
        "cost_distance_glasses": 0.0,
        "cost_deviation": 0.3511974811553955,
        "cost_distorsion": 20.300710678100586,
        "cost_thickness": 3348.85595703125,
        "cost_beam_compression": 1.9065994024276733,
        "cost_non_linearity": 618.7160034179688,
        "cost_distance_total_intern_reflection": 13015.1474609375
    }
}