{
    "components non weights": {
        "cost_dispersion": 2.0,
        "cost_distance_glasses": 1.0,
        "cost_deviation": 1,
        "cost_distorsion": 1.0,
        "cost_thickness": 1.0,
        "cost_beam_compression": 1.0,
        "cost_non_linearity": 1.0,
        "cost_distance_total_intern_reflection": 1.0
    },
    "components with weights": {
        "cost_dispersion": 4.48248291015625,
        "cost_distance_glasses": 0.0,
        "cost_deviation": 6.155576229095459,
        "cost_distorsion": 18.914289474487305,
        "cost_thickness": 3348.255126953125,
        "cost_beam_compression": 1.9075489044189453,
        "cost_non_linearity": 619.8148193359375,
        "cost_distance_total_intern_reflection": 13009.4609375
    },
    "weighted components": {
        "cost_dispersion": 8.9649658203125,
        "cost_distance_glasses": 0.0,
        "cost_deviation": 6.155576229095459,
        "cost_distorsion": 18.914289474487305,
        "cost_thickness": 3348.255126953125,
        "cost_beam_compression": 1.9075489044189453,
        "cost_non_linearity": 619.8148193359375,
        "cost_distance_total_intern_reflection": 13009.4609375
    }
}{
    "components non weights": {
        "cost_dispersion": 2.0,
        "cost_distance_glasses": 1.0,
        "cost_deviation": 1,
        "cost_distorsion": 1.0,
        "cost_thickness": 1.0,
        "cost_beam_compression": 1.0,
        "cost_non_linearity": 1.0,
        "cost_distance_total_intern_reflection": 1.0
    },
    "components with weights": {
        "cost_dispersion": 4.48248291015625,
        "cost_distance_glasses": 0.0,
        "cost_deviation": 6.155576229095459,
        "cost_distorsion": 18.914289474487305,
        "cost_thickness": 3348.255126953125,
        "cost_beam_compression": 1.9075489044189453,
        "cost_non_linearity": 619.8148193359375,
        "cost_distance_total_intern_reflection": 13009.4609375
    },
    "weighted components": {
        "cost_dispersion": 8.9649658203125,
        "cost_distance_glasses": 0.0,
        "cost_deviation": 6.155576229095459,
        "cost_distorsion": 18.914289474487305,
        "cost_thickness": 3348.255126953125,
        "cost_beam_compression": 1.9075489044189453,
        "cost_non_linearity": 619.8148193359375,
        "cost_distance_total_intern_reflection": 13009.4609375
    }
}