{
    "components non weights": {
        "cost_dispersion": 2.0,
        "cost_distance_glasses": 1.0,
        "cost_deviation": 1,
        "cost_distorsion": 1.0,
        "cost_thickness": 1.0,
        "cost_beam_compression": 1.0,
        "cost_non_linearity": 1.0,
        "cost_distance_total_intern_reflection": 1.0
    },
    "components with weights": {
        "cost_dispersion": 5.377054214477539,
        "cost_distance_glasses": 0.0,
        "cost_deviation": 4.7584228515625,
        "cost_distorsion": 18.7966365814209,
        "cost_thickness": 3348.113525390625,
        "cost_beam_compression": 1.9072562456130981,
        "cost_non_linearity": 619.6880493164062,
        "cost_distance_total_intern_reflection": 13013.1826171875
    },
    "weighted components": {
        "cost_dispersion": 10.754108428955078,
        "cost_distance_glasses": 0.0,
        "cost_deviation": 4.7584228515625,
        "cost_distorsion": 18.7966365814209,
        "cost_thickness": 3348.113525390625,
        "cost_beam_compression": 1.9072562456130981,
        "cost_non_linearity": 619.6880493164062,
        "cost_distance_total_intern_reflection": 13013.1826171875
    }
}{
    "components non weights": {
        "cost_dispersion": 2.0,
        "cost_distance_glasses": 1.0,
        "cost_deviation": 1,
        "cost_distorsion": 1.0,
        "cost_thickness": 1.0,
        "cost_beam_compression": 1.0,
        "cost_non_linearity": 1.0,
        "cost_distance_total_intern_reflection": 1.0
    },
    "components with weights": {
        "cost_dispersion": 5.377054214477539,
        "cost_distance_glasses": 0.0,
        "cost_deviation": 4.7584228515625,
        "cost_distorsion": 18.7966365814209,
        "cost_thickness": 3348.113525390625,
        "cost_beam_compression": 1.9072562456130981,
        "cost_non_linearity": 619.6880493164062,
        "cost_distance_total_intern_reflection": 13013.1826171875
    },
    "weighted components": {
        "cost_dispersion": 10.754108428955078,
        "cost_distance_glasses": 0.0,
        "cost_deviation": 4.7584228515625,
        "cost_distorsion": 18.7966365814209,
        "cost_thickness": 3348.113525390625,
        "cost_beam_compression": 1.9072562456130981,
        "cost_non_linearity": 619.6880493164062,
        "cost_distance_total_intern_reflection": 13013.1826171875
    }
}