{
    "components non weights": {
        "cost_dispersion": 2.0,
        "cost_distance_glasses": 1.0,
        "cost_deviation": 1,
        "cost_distorsion": 1.0,
        "cost_thickness": 1.0,
        "cost_beam_compression": 1.0,
        "cost_non_linearity": 1.0,
        "cost_distance_total_intern_reflection": 1.0
    },
    "components with weights": {
        "cost_dispersion": 91.35271453857422,
        "cost_distance_glasses": 0.0,
        "cost_deviation": 98.28524780273438,
        "cost_distorsion": 13.994866371154785,
        "cost_thickness": 3277.815673828125,
        "cost_beam_compression": 1.8704479932785034,
        "cost_non_linearity": 611.3717041015625,
        "cost_distance_total_intern_reflection": 12999.314453125
    },
    "weighted components": {
        "cost_dispersion": 182.70542907714844,
        "cost_distance_glasses": 0.0,
        "cost_deviation": 98.28524780273438,
        "cost_distorsion": 13.994866371154785,
        "cost_thickness": 3277.815673828125,
        "cost_beam_compression": 1.8704479932785034,
        "cost_non_linearity": 611.3717041015625,
        "cost_distance_total_intern_reflection": 12999.314453125
    }
}{
    "components non weights": {
        "cost_dispersion": 2.0,
        "cost_distance_glasses": 1.0,
        "cost_deviation": 1,
        "cost_distorsion": 1.0,
        "cost_thickness": 1.0,
        "cost_beam_compression": 1.0,
        "cost_non_linearity": 1.0,
        "cost_distance_total_intern_reflection": 1.0
    },
    "components with weights": {
        "cost_dispersion": 91.35271453857422,
        "cost_distance_glasses": 0.0,
        "cost_deviation": 98.28524780273438,
        "cost_distorsion": 13.994866371154785,
        "cost_thickness": 3277.815673828125,
        "cost_beam_compression": 1.8704479932785034,
        "cost_non_linearity": 611.3717041015625,
        "cost_distance_total_intern_reflection": 12999.314453125
    },
    "weighted components": {
        "cost_dispersion": 182.70542907714844,
        "cost_distance_glasses": 0.0,
        "cost_deviation": 98.28524780273438,
        "cost_distorsion": 13.994866371154785,
        "cost_thickness": 3277.815673828125,
        "cost_beam_compression": 1.8704479932785034,
        "cost_non_linearity": 611.3717041015625,
        "cost_distance_total_intern_reflection": 12999.314453125
    }
}