{
    "components non weights": {
        "cost_dispersion": 2.0,
        "cost_distance_glasses": 1.0,
        "cost_deviation": 1,
        "cost_distorsion": 1.0,
        "cost_thickness": 1.0,
        "cost_beam_compression": 1.0,
        "cost_non_linearity": 1.0,
        "cost_distance_total_intern_reflection": 1.0
    },
    "components with weights": {
        "cost_dispersion": 4.430942535400391,
        "cost_distance_glasses": 0.0,
        "cost_deviation": 4.702032089233398,
        "cost_distorsion": 19.767976760864258,
        "cost_thickness": 3349.348388671875,
        "cost_beam_compression": 1.9080030918121338,
        "cost_non_linearity": 619.9413452148438,
        "cost_distance_total_intern_reflection": 13018.97265625
    },
    "weighted components": {
        "cost_dispersion": 8.861885070800781,
        "cost_distance_glasses": 0.0,
        "cost_deviation": 4.702032089233398,
        "cost_distorsion": 19.767976760864258,
        "cost_thickness": 3349.348388671875,
        "cost_beam_compression": 1.9080030918121338,
        "cost_non_linearity": 619.9413452148438,
        "cost_distance_total_intern_reflection": 13018.97265625
    }
}{
    "components non weights": {
        "cost_dispersion": 2.0,
        "cost_distance_glasses": 1.0,
        "cost_deviation": 1,
        "cost_distorsion": 1.0,
        "cost_thickness": 1.0,
        "cost_beam_compression": 1.0,
        "cost_non_linearity": 1.0,
        "cost_distance_total_intern_reflection": 1.0
    },
    "components with weights": {
        "cost_dispersion": 4.430942535400391,
        "cost_distance_glasses": 0.0,
        "cost_deviation": 4.702032089233398,
        "cost_distorsion": 19.767976760864258,
        "cost_thickness": 3349.348388671875,
        "cost_beam_compression": 1.9080030918121338,
        "cost_non_linearity": 619.9413452148438,
        "cost_distance_total_intern_reflection": 13018.97265625
    },
    "weighted components": {
        "cost_dispersion": 8.861885070800781,
        "cost_distance_glasses": 0.0,
        "cost_deviation": 4.702032089233398,
        "cost_distorsion": 19.767976760864258,
        "cost_thickness": 3349.348388671875,
        "cost_beam_compression": 1.9080030918121338,
        "cost_non_linearity": 619.9413452148438,
        "cost_distance_total_intern_reflection": 13018.97265625
    }
}