{
    "components non weights": {
        "cost_dispersion": 2.0,
        "cost_distance_glasses": 1.0,
        "cost_deviation": 1,
        "cost_distorsion": 1.0,
        "cost_thickness": 1.0,
        "cost_beam_compression": 1.0,
        "cost_non_linearity": 1.0,
        "cost_distance_total_intern_reflection": 1.0
    },
    "components with weights": {
        "cost_dispersion": 5.914657115936279,
        "cost_distance_glasses": 0.0,
        "cost_deviation": 3.339132785797119,
        "cost_distorsion": 19.29258155822754,
        "cost_thickness": 3348.529296875,
        "cost_beam_compression": 1.9072574377059937,
        "cost_non_linearity": 619.5421752929688,
        "cost_distance_total_intern_reflection": 13003.734375
    },
    "weighted components": {
        "cost_dispersion": 11.829314231872559,
        "cost_distance_glasses": 0.0,
        "cost_deviation": 3.339132785797119,
        "cost_distorsion": 19.29258155822754,
        "cost_thickness": 3348.529296875,
        "cost_beam_compression": 1.9072574377059937,
        "cost_non_linearity": 619.5421752929688,
        "cost_distance_total_intern_reflection": 13003.734375
    }
}{
    "components non weights": {
        "cost_dispersion": 2.0,
        "cost_distance_glasses": 1.0,
        "cost_deviation": 1,
        "cost_distorsion": 1.0,
        "cost_thickness": 1.0,
        "cost_beam_compression": 1.0,
        "cost_non_linearity": 1.0,
        "cost_distance_total_intern_reflection": 1.0
    },
    "components with weights": {
        "cost_dispersion": 5.914657115936279,
        "cost_distance_glasses": 0.0,
        "cost_deviation": 3.339132785797119,
        "cost_distorsion": 19.29258155822754,
        "cost_thickness": 3348.529296875,
        "cost_beam_compression": 1.9072574377059937,
        "cost_non_linearity": 619.5421752929688,
        "cost_distance_total_intern_reflection": 13003.734375
    },
    "weighted components": {
        "cost_dispersion": 11.829314231872559,
        "cost_distance_glasses": 0.0,
        "cost_deviation": 3.339132785797119,
        "cost_distorsion": 19.29258155822754,
        "cost_thickness": 3348.529296875,
        "cost_beam_compression": 1.9072574377059937,
        "cost_non_linearity": 619.5421752929688,
        "cost_distance_total_intern_reflection": 13003.734375
    }
}