{
    "components non weights": {
        "cost_dispersion": 2.0,
        "cost_distance_glasses": 1.0,
        "cost_deviation": 1,
        "cost_distorsion": 1.0,
        "cost_thickness": 1.0,
        "cost_beam_compression": 1.0,
        "cost_non_linearity": 1.0,
        "cost_distance_total_intern_reflection": 1.0
    },
    "components with weights": {
        "cost_dispersion": 6.0754547119140625,
        "cost_distance_glasses": 0.0,
        "cost_deviation": 2.9888625144958496,
        "cost_distorsion": 19.476110458374023,
        "cost_thickness": 3348.635498046875,
        "cost_beam_compression": 1.9072550535202026,
        "cost_non_linearity": 619.3992919921875,
        "cost_distance_total_intern_reflection": 13007.796875
    },
    "weighted components": {
        "cost_dispersion": 12.150909423828125,
        "cost_distance_glasses": 0.0,
        "cost_deviation": 2.9888625144958496,
        "cost_distorsion": 19.476110458374023,
        "cost_thickness": 3348.635498046875,
        "cost_beam_compression": 1.9072550535202026,
        "cost_non_linearity": 619.3992919921875,
        "cost_distance_total_intern_reflection": 13007.796875
    }
}{
    "components non weights": {
        "cost_dispersion": 2.0,
        "cost_distance_glasses": 1.0,
        "cost_deviation": 1,
        "cost_distorsion": 1.0,
        "cost_thickness": 1.0,
        "cost_beam_compression": 1.0,
        "cost_non_linearity": 1.0,
        "cost_distance_total_intern_reflection": 1.0
    },
    "components with weights": {
        "cost_dispersion": 6.0754547119140625,
        "cost_distance_glasses": 0.0,
        "cost_deviation": 2.9888625144958496,
        "cost_distorsion": 19.476110458374023,
        "cost_thickness": 3348.635498046875,
        "cost_beam_compression": 1.9072550535202026,
        "cost_non_linearity": 619.3992919921875,
        "cost_distance_total_intern_reflection": 13007.796875
    },
    "weighted components": {
        "cost_dispersion": 12.150909423828125,
        "cost_distance_glasses": 0.0,
        "cost_deviation": 2.9888625144958496,
        "cost_distorsion": 19.476110458374023,
        "cost_thickness": 3348.635498046875,
        "cost_beam_compression": 1.9072550535202026,
        "cost_non_linearity": 619.3992919921875,
        "cost_distance_total_intern_reflection": 13007.796875
    }
}