{
    "components non weights": {
        "cost_dispersion": 2.0,
        "cost_distance_glasses": 1.0,
        "cost_deviation": 1,
        "cost_distorsion": 1.0,
        "cost_thickness": 1.0,
        "cost_beam_compression": 1.0,
        "cost_non_linearity": 1.0,
        "cost_distance_total_intern_reflection": 1.0
    },
    "components with weights": {
        "cost_dispersion": 1.462971806526184,
        "cost_distance_glasses": 0.0,
        "cost_deviation": 12.060789108276367,
        "cost_distorsion": 20.201351165771484,
        "cost_thickness": 3350.2666015625,
        "cost_beam_compression": 1.909525990486145,
        "cost_non_linearity": 621.2307739257812,
        "cost_distance_total_intern_reflection": 13043.966796875
    },
    "weighted components": {
        "cost_dispersion": 2.925943613052368,
        "cost_distance_glasses": 0.0,
        "cost_deviation": 12.060789108276367,
        "cost_distorsion": 20.201351165771484,
        "cost_thickness": 3350.2666015625,
        "cost_beam_compression": 1.909525990486145,
        "cost_non_linearity": 621.2307739257812,
        "cost_distance_total_intern_reflection": 13043.966796875
    }
}{
    "components non weights": {
        "cost_dispersion": 2.0,
        "cost_distance_glasses": 1.0,
        "cost_deviation": 1,
        "cost_distorsion": 1.0,
        "cost_thickness": 1.0,
        "cost_beam_compression": 1.0,
        "cost_non_linearity": 1.0,
        "cost_distance_total_intern_reflection": 1.0
    },
    "components with weights": {
        "cost_dispersion": 1.462971806526184,
        "cost_distance_glasses": 0.0,
        "cost_deviation": 12.060789108276367,
        "cost_distorsion": 20.201351165771484,
        "cost_thickness": 3350.2666015625,
        "cost_beam_compression": 1.909525990486145,
        "cost_non_linearity": 621.2307739257812,
        "cost_distance_total_intern_reflection": 13043.966796875
    },
    "weighted components": {
        "cost_dispersion": 2.925943613052368,
        "cost_distance_glasses": 0.0,
        "cost_deviation": 12.060789108276367,
        "cost_distorsion": 20.201351165771484,
        "cost_thickness": 3350.2666015625,
        "cost_beam_compression": 1.909525990486145,
        "cost_non_linearity": 621.2307739257812,
        "cost_distance_total_intern_reflection": 13043.966796875
    }
}