{
    "components non weights": {
        "cost_dispersion": 2.0,
        "cost_distance_glasses": 1.0,
        "cost_deviation": 1,
        "cost_distorsion": 1.0,
        "cost_thickness": 1.0,
        "cost_beam_compression": 1.0,
        "cost_non_linearity": 1.0,
        "cost_distance_total_intern_reflection": 1.0
    },
    "components with weights": {
        "cost_dispersion": 4.1737213134765625,
        "cost_distance_glasses": 0.0,
        "cost_deviation": 7.365516185760498,
        "cost_distorsion": 18.456026077270508,
        "cost_thickness": 3348.004638671875,
        "cost_beam_compression": 1.9075679779052734,
        "cost_non_linearity": 620.1239624023438,
        "cost_distance_total_intern_reflection": 13019.8544921875
    },
    "weighted components": {
        "cost_dispersion": 8.347442626953125,
        "cost_distance_glasses": 0.0,
        "cost_deviation": 7.365516185760498,
        "cost_distorsion": 18.456026077270508,
        "cost_thickness": 3348.004638671875,
        "cost_beam_compression": 1.9075679779052734,
        "cost_non_linearity": 620.1239624023438,
        "cost_distance_total_intern_reflection": 13019.8544921875
    }
}{
    "components non weights": {
        "cost_dispersion": 2.0,
        "cost_distance_glasses": 1.0,
        "cost_deviation": 1,
        "cost_distorsion": 1.0,
        "cost_thickness": 1.0,
        "cost_beam_compression": 1.0,
        "cost_non_linearity": 1.0,
        "cost_distance_total_intern_reflection": 1.0
    },
    "components with weights": {
        "cost_dispersion": 4.1737213134765625,
        "cost_distance_glasses": 0.0,
        "cost_deviation": 7.365516185760498,
        "cost_distorsion": 18.456026077270508,
        "cost_thickness": 3348.004638671875,
        "cost_beam_compression": 1.9075679779052734,
        "cost_non_linearity": 620.1239624023438,
        "cost_distance_total_intern_reflection": 13019.8544921875
    },
    "weighted components": {
        "cost_dispersion": 8.347442626953125,
        "cost_distance_glasses": 0.0,
        "cost_deviation": 7.365516185760498,
        "cost_distorsion": 18.456026077270508,
        "cost_thickness": 3348.004638671875,
        "cost_beam_compression": 1.9075679779052734,
        "cost_non_linearity": 620.1239624023438,
        "cost_distance_total_intern_reflection": 13019.8544921875
    }
}