{
    "components non weights": {
        "cost_dispersion": 2.0,
        "cost_distance_glasses": 1.0,
        "cost_deviation": 1,
        "cost_distorsion": 1.0,
        "cost_thickness": 1.0,
        "cost_beam_compression": 1.0,
        "cost_non_linearity": 1.0,
        "cost_distance_total_intern_reflection": 1.0
    },
    "components with weights": {
        "cost_dispersion": 27.08775520324707,
        "cost_distance_glasses": 0.0,
        "cost_deviation": 11.187115669250488,
        "cost_distorsion": 21.241044998168945,
        "cost_thickness": 3348.791015625,
        "cost_beam_compression": 1.9037985801696777,
        "cost_non_linearity": 615.7052001953125,
        "cost_distance_total_intern_reflection": 13003.6376953125
    },
    "weighted components": {
        "cost_dispersion": 54.17551040649414,
        "cost_distance_glasses": 0.0,
        "cost_deviation": 11.187115669250488,
        "cost_distorsion": 21.241044998168945,
        "cost_thickness": 3348.791015625,
        "cost_beam_compression": 1.9037985801696777,
        "cost_non_linearity": 615.7052001953125,
        "cost_distance_total_intern_reflection": 13003.6376953125
    }
}{
    "components non weights": {
        "cost_dispersion": 2.0,
        "cost_distance_glasses": 1.0,
        "cost_deviation": 1,
        "cost_distorsion": 1.0,
        "cost_thickness": 1.0,
        "cost_beam_compression": 1.0,
        "cost_non_linearity": 1.0,
        "cost_distance_total_intern_reflection": 1.0
    },
    "components with weights": {
        "cost_dispersion": 27.08775520324707,
        "cost_distance_glasses": 0.0,
        "cost_deviation": 11.187115669250488,
        "cost_distorsion": 21.241044998168945,
        "cost_thickness": 3348.791015625,
        "cost_beam_compression": 1.9037985801696777,
        "cost_non_linearity": 615.7052001953125,
        "cost_distance_total_intern_reflection": 13003.6376953125
    },
    "weighted components": {
        "cost_dispersion": 54.17551040649414,
        "cost_distance_glasses": 0.0,
        "cost_deviation": 11.187115669250488,
        "cost_distorsion": 21.241044998168945,
        "cost_thickness": 3348.791015625,
        "cost_beam_compression": 1.9037985801696777,
        "cost_non_linearity": 615.7052001953125,
        "cost_distance_total_intern_reflection": 13003.6376953125
    }
}