{
    "components non weights": {
        "cost_dispersion": 2.0,
        "cost_distance_glasses": 1.0,
        "cost_deviation": 1,
        "cost_distorsion": 1.0,
        "cost_thickness": 1.0,
        "cost_beam_compression": 1.0,
        "cost_non_linearity": 1.0,
        "cost_distance_total_intern_reflection": 1.0
    },
    "components with weights": {
        "cost_dispersion": 9.752659797668457,
        "cost_distance_glasses": 0.0,
        "cost_deviation": 0.23844768106937408,
        "cost_distorsion": 20.180343627929688,
        "cost_thickness": 3348.7294921875,
        "cost_beam_compression": 1.9064486026763916,
        "cost_non_linearity": 618.515625,
        "cost_distance_total_intern_reflection": 13013.2099609375
    },
    "weighted components": {
        "cost_dispersion": 19.505319595336914,
        "cost_distance_glasses": 0.0,
        "cost_deviation": 0.23844768106937408,
        "cost_distorsion": 20.180343627929688,
        "cost_thickness": 3348.7294921875,
        "cost_beam_compression": 1.9064486026763916,
        "cost_non_linearity": 618.515625,
        "cost_distance_total_intern_reflection": 13013.2099609375
    }
}{
    "components non weights": {
        "cost_dispersion": 2.0,
        "cost_distance_glasses": 1.0,
        "cost_deviation": 1,
        "cost_distorsion": 1.0,
        "cost_thickness": 1.0,
        "cost_beam_compression": 1.0,
        "cost_non_linearity": 1.0,
        "cost_distance_total_intern_reflection": 1.0
    },
    "components with weights": {
        "cost_dispersion": 9.752659797668457,
        "cost_distance_glasses": 0.0,
        "cost_deviation": 0.23844768106937408,
        "cost_distorsion": 20.180343627929688,
        "cost_thickness": 3348.7294921875,
        "cost_beam_compression": 1.9064486026763916,
        "cost_non_linearity": 618.515625,
        "cost_distance_total_intern_reflection": 13013.2099609375
    },
    "weighted components": {
        "cost_dispersion": 19.505319595336914,
        "cost_distance_glasses": 0.0,
        "cost_deviation": 0.23844768106937408,
        "cost_distorsion": 20.180343627929688,
        "cost_thickness": 3348.7294921875,
        "cost_beam_compression": 1.9064486026763916,
        "cost_non_linearity": 618.515625,
        "cost_distance_total_intern_reflection": 13013.2099609375
    }
}