{
    "components non weights": {
        "cost_dispersion": 2.0,
        "cost_distance_glasses": 1.0,
        "cost_deviation": 1,
        "cost_distorsion": 1.0,
        "cost_thickness": 1.0,
        "cost_beam_compression": 1.0,
        "cost_non_linearity": 1.0,
        "cost_distance_total_intern_reflection": 1.0
    },
    "components with weights": {
        "cost_dispersion": 6.471036911010742,
        "cost_distance_glasses": 0.0,
        "cost_deviation": 2.6497421264648438,
        "cost_distorsion": 19.35881805419922,
        "cost_thickness": 3348.490966796875,
        "cost_beam_compression": 1.907094120979309,
        "cost_non_linearity": 619.3132934570312,
        "cost_distance_total_intern_reflection": 13003.9384765625
    },
    "weighted components": {
        "cost_dispersion": 12.942073822021484,
        "cost_distance_glasses": 0.0,
        "cost_deviation": 2.6497421264648438,
        "cost_distorsion": 19.35881805419922,
        "cost_thickness": 3348.490966796875,
        "cost_beam_compression": 1.907094120979309,
        "cost_non_linearity": 619.3132934570312,
        "cost_distance_total_intern_reflection": 13003.9384765625
    }
}{
    "components non weights": {
        "cost_dispersion": 2.0,
        "cost_distance_glasses": 1.0,
        "cost_deviation": 1,
        "cost_distorsion": 1.0,
        "cost_thickness": 1.0,
        "cost_beam_compression": 1.0,
        "cost_non_linearity": 1.0,
        "cost_distance_total_intern_reflection": 1.0
    },
    "components with weights": {
        "cost_dispersion": 6.471036911010742,
        "cost_distance_glasses": 0.0,
        "cost_deviation": 2.6497421264648438,
        "cost_distorsion": 19.35881805419922,
        "cost_thickness": 3348.490966796875,
        "cost_beam_compression": 1.907094120979309,
        "cost_non_linearity": 619.3132934570312,
        "cost_distance_total_intern_reflection": 13003.9384765625
    },
    "weighted components": {
        "cost_dispersion": 12.942073822021484,
        "cost_distance_glasses": 0.0,
        "cost_deviation": 2.6497421264648438,
        "cost_distorsion": 19.35881805419922,
        "cost_thickness": 3348.490966796875,
        "cost_beam_compression": 1.907094120979309,
        "cost_non_linearity": 619.3132934570312,
        "cost_distance_total_intern_reflection": 13003.9384765625
    }
}