{
    "components non weights": {
        "cost_dispersion": 2.0,
        "cost_distance_glasses": 1.0,
        "cost_deviation": 1,
        "cost_distorsion": 1.0,
        "cost_thickness": 1.0,
        "cost_beam_compression": 1.0,
        "cost_non_linearity": 1.0,
        "cost_distance_total_intern_reflection": 1.0
    },
    "components with weights": {
        "cost_dispersion": 6.719625949859619,
        "cost_distance_glasses": 0.0,
        "cost_deviation": 2.3515563011169434,
        "cost_distorsion": 19.409387588500977,
        "cost_thickness": 3348.53955078125,
        "cost_beam_compression": 1.907057762145996,
        "cost_non_linearity": 619.1824951171875,
        "cost_distance_total_intern_reflection": 13003.4931640625
    },
    "weighted components": {
        "cost_dispersion": 13.439251899719238,
        "cost_distance_glasses": 0.0,
        "cost_deviation": 2.3515563011169434,
        "cost_distorsion": 19.409387588500977,
        "cost_thickness": 3348.53955078125,
        "cost_beam_compression": 1.907057762145996,
        "cost_non_linearity": 619.1824951171875,
        "cost_distance_total_intern_reflection": 13003.4931640625
    }
}{
    "components non weights": {
        "cost_dispersion": 2.0,
        "cost_distance_glasses": 1.0,
        "cost_deviation": 1,
        "cost_distorsion": 1.0,
        "cost_thickness": 1.0,
        "cost_beam_compression": 1.0,
        "cost_non_linearity": 1.0,
        "cost_distance_total_intern_reflection": 1.0
    },
    "components with weights": {
        "cost_dispersion": 6.719625949859619,
        "cost_distance_glasses": 0.0,
        "cost_deviation": 2.3515563011169434,
        "cost_distorsion": 19.409387588500977,
        "cost_thickness": 3348.53955078125,
        "cost_beam_compression": 1.907057762145996,
        "cost_non_linearity": 619.1824951171875,
        "cost_distance_total_intern_reflection": 13003.4931640625
    },
    "weighted components": {
        "cost_dispersion": 13.439251899719238,
        "cost_distance_glasses": 0.0,
        "cost_deviation": 2.3515563011169434,
        "cost_distorsion": 19.409387588500977,
        "cost_thickness": 3348.53955078125,
        "cost_beam_compression": 1.907057762145996,
        "cost_non_linearity": 619.1824951171875,
        "cost_distance_total_intern_reflection": 13003.4931640625
    }
}