{
    "components non weights": {
        "cost_dispersion": 2.0,
        "cost_distance_glasses": 1.0,
        "cost_deviation": 1,
        "cost_distorsion": 1.0,
        "cost_thickness": 1.0,
        "cost_beam_compression": 1.0,
        "cost_non_linearity": 1.0,
        "cost_distance_total_intern_reflection": 1.0
    },
    "components with weights": {
        "cost_dispersion": 5.581060409545898,
        "cost_distance_glasses": 0.0,
        "cost_deviation": 4.132948398590088,
        "cost_distorsion": 19.068220138549805,
        "cost_thickness": 3348.334716796875,
        "cost_beam_compression": 1.9072836637496948,
        "cost_non_linearity": 619.6052856445312,
        "cost_distance_total_intern_reflection": 13008.90234375
    },
    "weighted components": {
        "cost_dispersion": 11.162120819091797,
        "cost_distance_glasses": 0.0,
        "cost_deviation": 4.132948398590088,
        "cost_distorsion": 19.068220138549805,
        "cost_thickness": 3348.334716796875,
        "cost_beam_compression": 1.9072836637496948,
        "cost_non_linearity": 619.6052856445312,
        "cost_distance_total_intern_reflection": 13008.90234375
    }
}{
    "components non weights": {
        "cost_dispersion": 2.0,
        "cost_distance_glasses": 1.0,
        "cost_deviation": 1,
        "cost_distorsion": 1.0,
        "cost_thickness": 1.0,
        "cost_beam_compression": 1.0,
        "cost_non_linearity": 1.0,
        "cost_distance_total_intern_reflection": 1.0
    },
    "components with weights": {
        "cost_dispersion": 5.581060409545898,
        "cost_distance_glasses": 0.0,
        "cost_deviation": 4.132948398590088,
        "cost_distorsion": 19.068220138549805,
        "cost_thickness": 3348.334716796875,
        "cost_beam_compression": 1.9072836637496948,
        "cost_non_linearity": 619.6052856445312,
        "cost_distance_total_intern_reflection": 13008.90234375
    },
    "weighted components": {
        "cost_dispersion": 11.162120819091797,
        "cost_distance_glasses": 0.0,
        "cost_deviation": 4.132948398590088,
        "cost_distorsion": 19.068220138549805,
        "cost_thickness": 3348.334716796875,
        "cost_beam_compression": 1.9072836637496948,
        "cost_non_linearity": 619.6052856445312,
        "cost_distance_total_intern_reflection": 13008.90234375
    }
}