{
    "components non weights": {
        "cost_dispersion": 2.0,
        "cost_distance_glasses": 1.0,
        "cost_deviation": 1,
        "cost_distorsion": 1.0,
        "cost_thickness": 1.0,
        "cost_beam_compression": 1.0,
        "cost_non_linearity": 1.0,
        "cost_distance_total_intern_reflection": 1.0
    },
    "components with weights": {
        "cost_dispersion": 19.773828506469727,
        "cost_distance_glasses": 0.0,
        "cost_deviation": 3.2897591590881348,
        "cost_distorsion": 20.817707061767578,
        "cost_thickness": 3348.3701171875,
        "cost_beam_compression": 1.9046175479888916,
        "cost_non_linearity": 616.7861938476562,
        "cost_distance_total_intern_reflection": 13007.435546875
    },
    "weighted components": {
        "cost_dispersion": 39.54765701293945,
        "cost_distance_glasses": 0.0,
        "cost_deviation": 3.2897591590881348,
        "cost_distorsion": 20.817707061767578,
        "cost_thickness": 3348.3701171875,
        "cost_beam_compression": 1.9046175479888916,
        "cost_non_linearity": 616.7861938476562,
        "cost_distance_total_intern_reflection": 13007.435546875
    }
}{
    "components non weights": {
        "cost_dispersion": 2.0,
        "cost_distance_glasses": 1.0,
        "cost_deviation": 1,
        "cost_distorsion": 1.0,
        "cost_thickness": 1.0,
        "cost_beam_compression": 1.0,
        "cost_non_linearity": 1.0,
        "cost_distance_total_intern_reflection": 1.0
    },
    "components with weights": {
        "cost_dispersion": 19.773828506469727,
        "cost_distance_glasses": 0.0,
        "cost_deviation": 3.2897591590881348,
        "cost_distorsion": 20.817707061767578,
        "cost_thickness": 3348.3701171875,
        "cost_beam_compression": 1.9046175479888916,
        "cost_non_linearity": 616.7861938476562,
        "cost_distance_total_intern_reflection": 13007.435546875
    },
    "weighted components": {
        "cost_dispersion": 39.54765701293945,
        "cost_distance_glasses": 0.0,
        "cost_deviation": 3.2897591590881348,
        "cost_distorsion": 20.817707061767578,
        "cost_thickness": 3348.3701171875,
        "cost_beam_compression": 1.9046175479888916,
        "cost_non_linearity": 616.7861938476562,
        "cost_distance_total_intern_reflection": 13007.435546875
    }
}