{
    "components non weights": {
        "cost_dispersion": 2.0,
        "cost_distance_glasses": 1.0,
        "cost_deviation": 1,
        "cost_distorsion": 1.0,
        "cost_thickness": 1.0,
        "cost_beam_compression": 1.0,
        "cost_non_linearity": 1.0,
        "cost_distance_total_intern_reflection": 1.0
    },
    "components with weights": {
        "cost_dispersion": 6.982573986053467,
        "cost_distance_glasses": 0.0,
        "cost_deviation": 2.0909411907196045,
        "cost_distorsion": 19.508159637451172,
        "cost_thickness": 3348.5537109375,
        "cost_beam_compression": 1.9070053100585938,
        "cost_non_linearity": 619.2023315429688,
        "cost_distance_total_intern_reflection": 13003.5517578125
    },
    "weighted components": {
        "cost_dispersion": 13.965147972106934,
        "cost_distance_glasses": 0.0,
        "cost_deviation": 2.0909411907196045,
        "cost_distorsion": 19.508159637451172,
        "cost_thickness": 3348.5537109375,
        "cost_beam_compression": 1.9070053100585938,
        "cost_non_linearity": 619.2023315429688,
        "cost_distance_total_intern_reflection": 13003.5517578125
    }
}{
    "components non weights": {
        "cost_dispersion": 2.0,
        "cost_distance_glasses": 1.0,
        "cost_deviation": 1,
        "cost_distorsion": 1.0,
        "cost_thickness": 1.0,
        "cost_beam_compression": 1.0,
        "cost_non_linearity": 1.0,
        "cost_distance_total_intern_reflection": 1.0
    },
    "components with weights": {
        "cost_dispersion": 6.982573986053467,
        "cost_distance_glasses": 0.0,
        "cost_deviation": 2.0909411907196045,
        "cost_distorsion": 19.508159637451172,
        "cost_thickness": 3348.5537109375,
        "cost_beam_compression": 1.9070053100585938,
        "cost_non_linearity": 619.2023315429688,
        "cost_distance_total_intern_reflection": 13003.5517578125
    },
    "weighted components": {
        "cost_dispersion": 13.965147972106934,
        "cost_distance_glasses": 0.0,
        "cost_deviation": 2.0909411907196045,
        "cost_distorsion": 19.508159637451172,
        "cost_thickness": 3348.5537109375,
        "cost_beam_compression": 1.9070053100585938,
        "cost_non_linearity": 619.2023315429688,
        "cost_distance_total_intern_reflection": 13003.5517578125
    }
}