{
    "components non weights": {
        "cost_dispersion": 2.0,
        "cost_distance_glasses": 1.0,
        "cost_deviation": 1,
        "cost_distorsion": 1.0,
        "cost_thickness": 1.0,
        "cost_beam_compression": 1.0,
        "cost_non_linearity": 1.0,
        "cost_distance_total_intern_reflection": 1.0
    },
    "components with weights": {
        "cost_dispersion": 2.4651145935058594,
        "cost_distance_glasses": 0.0,
        "cost_deviation": 13.8677978515625,
        "cost_distorsion": 17.991741180419922,
        "cost_thickness": 3347.54931640625,
        "cost_beam_compression": 1.9080078601837158,
        "cost_non_linearity": 620.68896484375,
        "cost_distance_total_intern_reflection": 13028.1318359375
    },
    "weighted components": {
        "cost_dispersion": 4.930229187011719,
        "cost_distance_glasses": 0.0,
        "cost_deviation": 13.8677978515625,
        "cost_distorsion": 17.991741180419922,
        "cost_thickness": 3347.54931640625,
        "cost_beam_compression": 1.9080078601837158,
        "cost_non_linearity": 620.68896484375,
        "cost_distance_total_intern_reflection": 13028.1318359375
    }
}{
    "components non weights": {
        "cost_dispersion": 2.0,
        "cost_distance_glasses": 1.0,
        "cost_deviation": 1,
        "cost_distorsion": 1.0,
        "cost_thickness": 1.0,
        "cost_beam_compression": 1.0,
        "cost_non_linearity": 1.0,
        "cost_distance_total_intern_reflection": 1.0
    },
    "components with weights": {
        "cost_dispersion": 2.4651145935058594,
        "cost_distance_glasses": 0.0,
        "cost_deviation": 13.8677978515625,
        "cost_distorsion": 17.991741180419922,
        "cost_thickness": 3347.54931640625,
        "cost_beam_compression": 1.9080078601837158,
        "cost_non_linearity": 620.68896484375,
        "cost_distance_total_intern_reflection": 13028.1318359375
    },
    "weighted components": {
        "cost_dispersion": 4.930229187011719,
        "cost_distance_glasses": 0.0,
        "cost_deviation": 13.8677978515625,
        "cost_distorsion": 17.991741180419922,
        "cost_thickness": 3347.54931640625,
        "cost_beam_compression": 1.9080078601837158,
        "cost_non_linearity": 620.68896484375,
        "cost_distance_total_intern_reflection": 13028.1318359375
    }
}