{
    "components non weights": {
        "cost_dispersion": 2.0,
        "cost_distance_glasses": 1.0,
        "cost_deviation": 1,
        "cost_distorsion": 1.0,
        "cost_thickness": 1.0,
        "cost_beam_compression": 1.0,
        "cost_non_linearity": 1.0,
        "cost_distance_total_intern_reflection": 1.0
    },
    "components with weights": {
        "cost_dispersion": 6.793239116668701,
        "cost_distance_glasses": 0.0,
        "cost_deviation": 2.361163377761841,
        "cost_distorsion": 19.42644500732422,
        "cost_thickness": 3348.496826171875,
        "cost_beam_compression": 1.9070327281951904,
        "cost_non_linearity": 619.2435913085938,
        "cost_distance_total_intern_reflection": 13003.5693359375
    },
    "weighted components": {
        "cost_dispersion": 13.586478233337402,
        "cost_distance_glasses": 0.0,
        "cost_deviation": 2.361163377761841,
        "cost_distorsion": 19.42644500732422,
        "cost_thickness": 3348.496826171875,
        "cost_beam_compression": 1.9070327281951904,
        "cost_non_linearity": 619.2435913085938,
        "cost_distance_total_intern_reflection": 13003.5693359375
    }
}{
    "components non weights": {
        "cost_dispersion": 2.0,
        "cost_distance_glasses": 1.0,
        "cost_deviation": 1,
        "cost_distorsion": 1.0,
        "cost_thickness": 1.0,
        "cost_beam_compression": 1.0,
        "cost_non_linearity": 1.0,
        "cost_distance_total_intern_reflection": 1.0
    },
    "components with weights": {
        "cost_dispersion": 6.793239116668701,
        "cost_distance_glasses": 0.0,
        "cost_deviation": 2.361163377761841,
        "cost_distorsion": 19.42644500732422,
        "cost_thickness": 3348.496826171875,
        "cost_beam_compression": 1.9070327281951904,
        "cost_non_linearity": 619.2435913085938,
        "cost_distance_total_intern_reflection": 13003.5693359375
    },
    "weighted components": {
        "cost_dispersion": 13.586478233337402,
        "cost_distance_glasses": 0.0,
        "cost_deviation": 2.361163377761841,
        "cost_distorsion": 19.42644500732422,
        "cost_thickness": 3348.496826171875,
        "cost_beam_compression": 1.9070327281951904,
        "cost_non_linearity": 619.2435913085938,
        "cost_distance_total_intern_reflection": 13003.5693359375
    }
}