{
    "components non weights": {
        "cost_dispersion": 2.0,
        "cost_distance_glasses": 1.0,
        "cost_deviation": 1,
        "cost_distorsion": 1.0,
        "cost_thickness": 1.0,
        "cost_beam_compression": 1.0,
        "cost_non_linearity": 1.0,
        "cost_distance_total_intern_reflection": 1.0
    },
    "components with weights": {
        "cost_dispersion": 6.173332214355469,
        "cost_distance_glasses": 0.0,
        "cost_deviation": 3.5436694622039795,
        "cost_distorsion": 18.74213981628418,
        "cost_thickness": 3348.08642578125,
        "cost_beam_compression": 1.907031536102295,
        "cost_non_linearity": 619.4795532226562,
        "cost_distance_total_intern_reflection": 13015.3271484375
    },
    "weighted components": {
        "cost_dispersion": 12.346664428710938,
        "cost_distance_glasses": 0.0,
        "cost_deviation": 3.5436694622039795,
        "cost_distorsion": 18.74213981628418,
        "cost_thickness": 3348.08642578125,
        "cost_beam_compression": 1.907031536102295,
        "cost_non_linearity": 619.4795532226562,
        "cost_distance_total_intern_reflection": 13015.3271484375
    }
}{
    "components non weights": {
        "cost_dispersion": 2.0,
        "cost_distance_glasses": 1.0,
        "cost_deviation": 1,
        "cost_distorsion": 1.0,
        "cost_thickness": 1.0,
        "cost_beam_compression": 1.0,
        "cost_non_linearity": 1.0,
        "cost_distance_total_intern_reflection": 1.0
    },
    "components with weights": {
        "cost_dispersion": 6.173332214355469,
        "cost_distance_glasses": 0.0,
        "cost_deviation": 3.5436694622039795,
        "cost_distorsion": 18.74213981628418,
        "cost_thickness": 3348.08642578125,
        "cost_beam_compression": 1.907031536102295,
        "cost_non_linearity": 619.4795532226562,
        "cost_distance_total_intern_reflection": 13015.3271484375
    },
    "weighted components": {
        "cost_dispersion": 12.346664428710938,
        "cost_distance_glasses": 0.0,
        "cost_deviation": 3.5436694622039795,
        "cost_distorsion": 18.74213981628418,
        "cost_thickness": 3348.08642578125,
        "cost_beam_compression": 1.907031536102295,
        "cost_non_linearity": 619.4795532226562,
        "cost_distance_total_intern_reflection": 13015.3271484375
    }
}