{
    "components non weights": {
        "cost_dispersion": 2.0,
        "cost_distance_glasses": 1.0,
        "cost_deviation": 1,
        "cost_distorsion": 1.0,
        "cost_thickness": 1.0,
        "cost_beam_compression": 1.0,
        "cost_non_linearity": 1.0,
        "cost_distance_total_intern_reflection": 1.0
    },
    "components with weights": {
        "cost_dispersion": 0.6902461647987366,
        "cost_distance_glasses": 0.0,
        "cost_deviation": 25.454397201538086,
        "cost_distorsion": 16.66861343383789,
        "cost_thickness": 3347.770263671875,
        "cost_beam_compression": 1.9091320037841797,
        "cost_non_linearity": 621.7507934570312,
        "cost_distance_total_intern_reflection": 13056.37890625
    },
    "weighted components": {
        "cost_dispersion": 1.3804923295974731,
        "cost_distance_glasses": 0.0,
        "cost_deviation": 25.454397201538086,
        "cost_distorsion": 16.66861343383789,
        "cost_thickness": 3347.770263671875,
        "cost_beam_compression": 1.9091320037841797,
        "cost_non_linearity": 621.7507934570312,
        "cost_distance_total_intern_reflection": 13056.37890625
    }
}{
    "components non weights": {
        "cost_dispersion": 2.0,
        "cost_distance_glasses": 1.0,
        "cost_deviation": 1,
        "cost_distorsion": 1.0,
        "cost_thickness": 1.0,
        "cost_beam_compression": 1.0,
        "cost_non_linearity": 1.0,
        "cost_distance_total_intern_reflection": 1.0
    },
    "components with weights": {
        "cost_dispersion": 0.6902461647987366,
        "cost_distance_glasses": 0.0,
        "cost_deviation": 25.454397201538086,
        "cost_distorsion": 16.66861343383789,
        "cost_thickness": 3347.770263671875,
        "cost_beam_compression": 1.9091320037841797,
        "cost_non_linearity": 621.7507934570312,
        "cost_distance_total_intern_reflection": 13056.37890625
    },
    "weighted components": {
        "cost_dispersion": 1.3804923295974731,
        "cost_distance_glasses": 0.0,
        "cost_deviation": 25.454397201538086,
        "cost_distorsion": 16.66861343383789,
        "cost_thickness": 3347.770263671875,
        "cost_beam_compression": 1.9091320037841797,
        "cost_non_linearity": 621.7507934570312,
        "cost_distance_total_intern_reflection": 13056.37890625
    }
}