{
    "components non weights": {
        "cost_dispersion": 2.0,
        "cost_distance_glasses": 1.0,
        "cost_deviation": 1,
        "cost_distorsion": 1.0,
        "cost_thickness": 1.0,
        "cost_beam_compression": 1.0,
        "cost_non_linearity": 1.0,
        "cost_distance_total_intern_reflection": 1.0
    },
    "components with weights": {
        "cost_dispersion": 5.762754440307617,
        "cost_distance_glasses": 0.0,
        "cost_deviation": 3.5994279384613037,
        "cost_distorsion": 16.9826717376709,
        "cost_thickness": 3348.77392578125,
        "cost_beam_compression": 1.9075936079025269,
        "cost_non_linearity": 619.5450439453125,
        "cost_distance_total_intern_reflection": 13062.8076171875
    },
    "weighted components": {
        "cost_dispersion": 11.525508880615234,
        "cost_distance_glasses": 0.0,
        "cost_deviation": 3.5994279384613037,
        "cost_distorsion": 16.9826717376709,
        "cost_thickness": 3348.77392578125,
        "cost_beam_compression": 1.9075936079025269,
        "cost_non_linearity": 619.5450439453125,
        "cost_distance_total_intern_reflection": 13062.8076171875
    }
}{
    "components non weights": {
        "cost_dispersion": 2.0,
        "cost_distance_glasses": 1.0,
        "cost_deviation": 1,
        "cost_distorsion": 1.0,
        "cost_thickness": 1.0,
        "cost_beam_compression": 1.0,
        "cost_non_linearity": 1.0,
        "cost_distance_total_intern_reflection": 1.0
    },
    "components with weights": {
        "cost_dispersion": 5.762754440307617,
        "cost_distance_glasses": 0.0,
        "cost_deviation": 3.5994279384613037,
        "cost_distorsion": 16.9826717376709,
        "cost_thickness": 3348.77392578125,
        "cost_beam_compression": 1.9075936079025269,
        "cost_non_linearity": 619.5450439453125,
        "cost_distance_total_intern_reflection": 13062.8076171875
    },
    "weighted components": {
        "cost_dispersion": 11.525508880615234,
        "cost_distance_glasses": 0.0,
        "cost_deviation": 3.5994279384613037,
        "cost_distorsion": 16.9826717376709,
        "cost_thickness": 3348.77392578125,
        "cost_beam_compression": 1.9075936079025269,
        "cost_non_linearity": 619.5450439453125,
        "cost_distance_total_intern_reflection": 13062.8076171875
    }
}