{
    "components non weights": {
        "cost_dispersion": 1.0,
        "cost_distance_glasses": 1.0,
        "cost_deviation": 1,
        "cost_distorsion": 1.0,
        "cost_thickness": 1.0,
        "cost_beam_compression": 1.0,
        "cost_non_linearity": 1.0,
        "cost_distance_total_intern_reflection": 1.0
    },
    "components with weights": {
        "cost_dispersion": 29.425857543945312,
        "cost_distance_glasses": 1618.2752646088986,
        "cost_deviation": 2.1872642040252686,
        "cost_distorsion": 22.9326171875,
        "cost_thickness": 3838.821533203125,
        "cost_beam_compression": 2.194693088531494,
        "cost_non_linearity": 958.3987426757812,
        "cost_distance_total_intern_reflection": 13702.96484375
    },
    "weighted components": {
        "cost_dispersion": 29.425857543945312,
        "cost_distance_glasses": 1618.2752646088986,
        "cost_deviation": 2.1872642040252686,
        "cost_distorsion": 22.9326171875,
        "cost_thickness": 3838.821533203125,
        "cost_beam_compression": 2.194693088531494,
        "cost_non_linearity": 958.3987426757812,
        "cost_distance_total_intern_reflection": 13702.96484375
    }
}{
    "components non weights": {
        "cost_dispersion": 1.0,
        "cost_distance_glasses": 1.0,
        "cost_deviation": 1,
        "cost_distorsion": 1.0,
        "cost_thickness": 1.0,
        "cost_beam_compression": 1.0,
        "cost_non_linearity": 1.0,
        "cost_distance_total_intern_reflection": 1.0
    },
    "components with weights": {
        "cost_dispersion": 29.425857543945312,
        "cost_distance_glasses": 1618.2752646088986,
        "cost_deviation": 2.1872642040252686,
        "cost_distorsion": 22.9326171875,
        "cost_thickness": 3838.821533203125,
        "cost_beam_compression": 2.194693088531494,
        "cost_non_linearity": 958.3987426757812,
        "cost_distance_total_intern_reflection": 13702.96484375
    },
    "weighted components": {
        "cost_dispersion": 29.425857543945312,
        "cost_distance_glasses": 1618.2752646088986,
        "cost_deviation": 2.1872642040252686,
        "cost_distorsion": 22.9326171875,
        "cost_thickness": 3838.821533203125,
        "cost_beam_compression": 2.194693088531494,
        "cost_non_linearity": 958.3987426757812,
        "cost_distance_total_intern_reflection": 13702.96484375
    }
}