{
    "components non weights": {
        "cost_dispersion": 1.0,
        "cost_distance_glasses": 1.0,
        "cost_deviation": 1,
        "cost_distorsion": 1.0,
        "cost_thickness": 1.0,
        "cost_beam_compression": 1.0,
        "cost_non_linearity": 1.0,
        "cost_distance_total_intern_reflection": 1.0
    },
    "components with weights": {
        "cost_dispersion": 41.31576919555664,
        "cost_distance_glasses": 684.6448856580902,
        "cost_deviation": 1.6606251001358032,
        "cost_distorsion": 21.40984344482422,
        "cost_thickness": 3728.14208984375,
        "cost_beam_compression": 2.1299314498901367,
        "cost_non_linearity": 956.4981079101562,
        "cost_distance_total_intern_reflection": 13557.3681640625
    },
    "weighted components": {
        "cost_dispersion": 41.31576919555664,
        "cost_distance_glasses": 684.6448856580902,
        "cost_deviation": 1.6606251001358032,
        "cost_distorsion": 21.40984344482422,
        "cost_thickness": 3728.14208984375,
        "cost_beam_compression": 2.1299314498901367,
        "cost_non_linearity": 956.4981079101562,
        "cost_distance_total_intern_reflection": 13557.3681640625
    }
}{
    "components non weights": {
        "cost_dispersion": 1.0,
        "cost_distance_glasses": 1.0,
        "cost_deviation": 1,
        "cost_distorsion": 1.0,
        "cost_thickness": 1.0,
        "cost_beam_compression": 1.0,
        "cost_non_linearity": 1.0,
        "cost_distance_total_intern_reflection": 1.0
    },
    "components with weights": {
        "cost_dispersion": 41.31576919555664,
        "cost_distance_glasses": 684.6448856580902,
        "cost_deviation": 1.6606251001358032,
        "cost_distorsion": 21.40984344482422,
        "cost_thickness": 3728.14208984375,
        "cost_beam_compression": 2.1299314498901367,
        "cost_non_linearity": 956.4981079101562,
        "cost_distance_total_intern_reflection": 13557.3681640625
    },
    "weighted components": {
        "cost_dispersion": 41.31576919555664,
        "cost_distance_glasses": 684.6448856580902,
        "cost_deviation": 1.6606251001358032,
        "cost_distorsion": 21.40984344482422,
        "cost_thickness": 3728.14208984375,
        "cost_beam_compression": 2.1299314498901367,
        "cost_non_linearity": 956.4981079101562,
        "cost_distance_total_intern_reflection": 13557.3681640625
    }
}