{
    "components non weights": {
        "cost_dispersion": 1.0,
        "cost_distance_glasses": 1.0,
        "cost_deviation": 1,
        "cost_distorsion": 1.0,
        "cost_thickness": 1.0,
        "cost_beam_compression": 1.0,
        "cost_non_linearity": 1.0,
        "cost_distance_total_intern_reflection": 1.0
    },
    "components with weights": {
        "cost_dispersion": 35.23796081542969,
        "cost_distance_glasses": 706.0687555834106,
        "cost_deviation": 4.395079135894775,
        "cost_distorsion": 22.00952911376953,
        "cost_thickness": 3730.553955078125,
        "cost_beam_compression": 2.1318399906158447,
        "cost_non_linearity": 957.44677734375,
        "cost_distance_total_intern_reflection": 13543.02734375
    },
    "weighted components": {
        "cost_dispersion": 35.23796081542969,
        "cost_distance_glasses": 706.0687555834106,
        "cost_deviation": 4.395079135894775,
        "cost_distorsion": 22.00952911376953,
        "cost_thickness": 3730.553955078125,
        "cost_beam_compression": 2.1318399906158447,
        "cost_non_linearity": 957.44677734375,
        "cost_distance_total_intern_reflection": 13543.02734375
    }
}{
    "components non weights": {
        "cost_dispersion": 1.0,
        "cost_distance_glasses": 1.0,
        "cost_deviation": 1,
        "cost_distorsion": 1.0,
        "cost_thickness": 1.0,
        "cost_beam_compression": 1.0,
        "cost_non_linearity": 1.0,
        "cost_distance_total_intern_reflection": 1.0
    },
    "components with weights": {
        "cost_dispersion": 35.23796081542969,
        "cost_distance_glasses": 706.0687555834106,
        "cost_deviation": 4.395079135894775,
        "cost_distorsion": 22.00952911376953,
        "cost_thickness": 3730.553955078125,
        "cost_beam_compression": 2.1318399906158447,
        "cost_non_linearity": 957.44677734375,
        "cost_distance_total_intern_reflection": 13543.02734375
    },
    "weighted components": {
        "cost_dispersion": 35.23796081542969,
        "cost_distance_glasses": 706.0687555834106,
        "cost_deviation": 4.395079135894775,
        "cost_distorsion": 22.00952911376953,
        "cost_thickness": 3730.553955078125,
        "cost_beam_compression": 2.1318399906158447,
        "cost_non_linearity": 957.44677734375,
        "cost_distance_total_intern_reflection": 13543.02734375
    }
}