{
    "components non weights": {
        "cost_dispersion": 1.0,
        "cost_distance_glasses": 1.0,
        "cost_deviation": 1,
        "cost_distorsion": 1.0,
        "cost_thickness": 1.0,
        "cost_beam_compression": 1.0,
        "cost_non_linearity": 1.0,
        "cost_distance_total_intern_reflection": 1.0
    },
    "components with weights": {
        "cost_dispersion": 34.84486770629883,
        "cost_distance_glasses": 752.4358911918013,
        "cost_deviation": 4.343995571136475,
        "cost_distorsion": 21.89817237854004,
        "cost_thickness": 3733.87744140625,
        "cost_beam_compression": 2.13354229927063,
        "cost_non_linearity": 957.3038940429688,
        "cost_distance_total_intern_reflection": 13550.9970703125
    },
    "weighted components": {
        "cost_dispersion": 34.84486770629883,
        "cost_distance_glasses": 752.4358911918013,
        "cost_deviation": 4.343995571136475,
        "cost_distorsion": 21.89817237854004,
        "cost_thickness": 3733.87744140625,
        "cost_beam_compression": 2.13354229927063,
        "cost_non_linearity": 957.3038940429688,
        "cost_distance_total_intern_reflection": 13550.9970703125
    }
}{
    "components non weights": {
        "cost_dispersion": 1.0,
        "cost_distance_glasses": 1.0,
        "cost_deviation": 1,
        "cost_distorsion": 1.0,
        "cost_thickness": 1.0,
        "cost_beam_compression": 1.0,
        "cost_non_linearity": 1.0,
        "cost_distance_total_intern_reflection": 1.0
    },
    "components with weights": {
        "cost_dispersion": 34.84486770629883,
        "cost_distance_glasses": 752.4358911918013,
        "cost_deviation": 4.343995571136475,
        "cost_distorsion": 21.89817237854004,
        "cost_thickness": 3733.87744140625,
        "cost_beam_compression": 2.13354229927063,
        "cost_non_linearity": 957.3038940429688,
        "cost_distance_total_intern_reflection": 13550.9970703125
    },
    "weighted components": {
        "cost_dispersion": 34.84486770629883,
        "cost_distance_glasses": 752.4358911918013,
        "cost_deviation": 4.343995571136475,
        "cost_distorsion": 21.89817237854004,
        "cost_thickness": 3733.87744140625,
        "cost_beam_compression": 2.13354229927063,
        "cost_non_linearity": 957.3038940429688,
        "cost_distance_total_intern_reflection": 13550.9970703125
    }
}