{
    "components non weights": {
        "cost_dispersion": 1.0,
        "cost_distance_glasses": 1.0,
        "cost_deviation": 1,
        "cost_distorsion": 1.0,
        "cost_thickness": 1.0,
        "cost_beam_compression": 1.0,
        "cost_non_linearity": 1.0,
        "cost_distance_total_intern_reflection": 1.0
    },
    "components with weights": {
        "cost_dispersion": 22.099294662475586,
        "cost_distance_glasses": 688.366190929707,
        "cost_deviation": 19.62459945678711,
        "cost_distorsion": 21.601707458496094,
        "cost_thickness": 3727.951171875,
        "cost_beam_compression": 2.132153034210205,
        "cost_non_linearity": 959.7805786132812,
        "cost_distance_total_intern_reflection": 13552.9765625
    },
    "weighted components": {
        "cost_dispersion": 22.099294662475586,
        "cost_distance_glasses": 688.366190929707,
        "cost_deviation": 19.62459945678711,
        "cost_distorsion": 21.601707458496094,
        "cost_thickness": 3727.951171875,
        "cost_beam_compression": 2.132153034210205,
        "cost_non_linearity": 959.7805786132812,
        "cost_distance_total_intern_reflection": 13552.9765625
    }
}{
    "components non weights": {
        "cost_dispersion": 1.0,
        "cost_distance_glasses": 1.0,
        "cost_deviation": 1,
        "cost_distorsion": 1.0,
        "cost_thickness": 1.0,
        "cost_beam_compression": 1.0,
        "cost_non_linearity": 1.0,
        "cost_distance_total_intern_reflection": 1.0
    },
    "components with weights": {
        "cost_dispersion": 22.099294662475586,
        "cost_distance_glasses": 688.366190929707,
        "cost_deviation": 19.62459945678711,
        "cost_distorsion": 21.601707458496094,
        "cost_thickness": 3727.951171875,
        "cost_beam_compression": 2.132153034210205,
        "cost_non_linearity": 959.7805786132812,
        "cost_distance_total_intern_reflection": 13552.9765625
    },
    "weighted components": {
        "cost_dispersion": 22.099294662475586,
        "cost_distance_glasses": 688.366190929707,
        "cost_deviation": 19.62459945678711,
        "cost_distorsion": 21.601707458496094,
        "cost_thickness": 3727.951171875,
        "cost_beam_compression": 2.132153034210205,
        "cost_non_linearity": 959.7805786132812,
        "cost_distance_total_intern_reflection": 13552.9765625
    }
}