{
    "components non weights": {
        "cost_dispersion": 1.0,
        "cost_distance_glasses": 1.0,
        "cost_deviation": 1,
        "cost_distorsion": 1.0,
        "cost_thickness": 1.0,
        "cost_beam_compression": 1.0,
        "cost_non_linearity": 1.0,
        "cost_distance_total_intern_reflection": 1.0
    },
    "components with weights": {
        "cost_dispersion": 32.07676315307617,
        "cost_distance_glasses": 1083.8838416805218,
        "cost_deviation": 1.2707440853118896,
        "cost_distorsion": 23.7741756439209,
        "cost_thickness": 3805.007568359375,
        "cost_beam_compression": 2.1748046875,
        "cost_non_linearity": 957.9181518554688,
        "cost_distance_total_intern_reflection": 13672.9013671875
    },
    "weighted components": {
        "cost_dispersion": 32.07676315307617,
        "cost_distance_glasses": 1083.8838416805218,
        "cost_deviation": 1.2707440853118896,
        "cost_distorsion": 23.7741756439209,
        "cost_thickness": 3805.007568359375,
        "cost_beam_compression": 2.1748046875,
        "cost_non_linearity": 957.9181518554688,
        "cost_distance_total_intern_reflection": 13672.9013671875
    }
}{
    "components non weights": {
        "cost_dispersion": 1.0,
        "cost_distance_glasses": 1.0,
        "cost_deviation": 1,
        "cost_distorsion": 1.0,
        "cost_thickness": 1.0,
        "cost_beam_compression": 1.0,
        "cost_non_linearity": 1.0,
        "cost_distance_total_intern_reflection": 1.0
    },
    "components with weights": {
        "cost_dispersion": 32.07676315307617,
        "cost_distance_glasses": 1083.8838416805218,
        "cost_deviation": 1.2707440853118896,
        "cost_distorsion": 23.7741756439209,
        "cost_thickness": 3805.007568359375,
        "cost_beam_compression": 2.1748046875,
        "cost_non_linearity": 957.9181518554688,
        "cost_distance_total_intern_reflection": 13672.9013671875
    },
    "weighted components": {
        "cost_dispersion": 32.07676315307617,
        "cost_distance_glasses": 1083.8838416805218,
        "cost_deviation": 1.2707440853118896,
        "cost_distorsion": 23.7741756439209,
        "cost_thickness": 3805.007568359375,
        "cost_beam_compression": 2.1748046875,
        "cost_non_linearity": 957.9181518554688,
        "cost_distance_total_intern_reflection": 13672.9013671875
    }
}