{
    "components non weights": {
        "cost_dispersion": 1.0,
        "cost_distance_glasses": 1.0,
        "cost_deviation": 1,
        "cost_distorsion": 1.0,
        "cost_thickness": 1.0,
        "cost_beam_compression": 1.0,
        "cost_non_linearity": 1.0,
        "cost_distance_total_intern_reflection": 1.0
    },
    "components with weights": {
        "cost_dispersion": 154.36819458007812,
        "cost_distance_glasses": 1561.6511582728717,
        "cost_deviation": 16.832447052001953,
        "cost_distorsion": 21.27241325378418,
        "cost_thickness": 4099.17333984375,
        "cost_beam_compression": 2.351543426513672,
        "cost_non_linearity": 944.7771606445312,
        "cost_distance_total_intern_reflection": 14090.15234375
    },
    "weighted components": {
        "cost_dispersion": 154.36819458007812,
        "cost_distance_glasses": 1561.6511582728717,
        "cost_deviation": 16.832447052001953,
        "cost_distorsion": 21.27241325378418,
        "cost_thickness": 4099.17333984375,
        "cost_beam_compression": 2.351543426513672,
        "cost_non_linearity": 944.7771606445312,
        "cost_distance_total_intern_reflection": 14090.15234375
    }
}{
    "components non weights": {
        "cost_dispersion": 1.0,
        "cost_distance_glasses": 1.0,
        "cost_deviation": 1,
        "cost_distorsion": 1.0,
        "cost_thickness": 1.0,
        "cost_beam_compression": 1.0,
        "cost_non_linearity": 1.0,
        "cost_distance_total_intern_reflection": 1.0
    },
    "components with weights": {
        "cost_dispersion": 154.36819458007812,
        "cost_distance_glasses": 1561.6511582728717,
        "cost_deviation": 16.832447052001953,
        "cost_distorsion": 21.27241325378418,
        "cost_thickness": 4099.17333984375,
        "cost_beam_compression": 2.351543426513672,
        "cost_non_linearity": 944.7771606445312,
        "cost_distance_total_intern_reflection": 14090.15234375
    },
    "weighted components": {
        "cost_dispersion": 154.36819458007812,
        "cost_distance_glasses": 1561.6511582728717,
        "cost_deviation": 16.832447052001953,
        "cost_distorsion": 21.27241325378418,
        "cost_thickness": 4099.17333984375,
        "cost_beam_compression": 2.351543426513672,
        "cost_non_linearity": 944.7771606445312,
        "cost_distance_total_intern_reflection": 14090.15234375
    }
}