{
    "components non weights": {
        "cost_dispersion": 1.0,
        "cost_distance_glasses": 1.0,
        "cost_deviation": 1,
        "cost_distorsion": 1.0,
        "cost_thickness": 1.0,
        "cost_beam_compression": 1.0,
        "cost_non_linearity": 1.0,
        "cost_distance_total_intern_reflection": 1.0
    },
    "components with weights": {
        "cost_dispersion": 29.383493423461914,
        "cost_distance_glasses": 675.0361659613349,
        "cost_deviation": 10.388509750366211,
        "cost_distorsion": 20.848526000976562,
        "cost_thickness": 3727.588134765625,
        "cost_beam_compression": 2.13112473487854,
        "cost_non_linearity": 958.326416015625,
        "cost_distance_total_intern_reflection": 13560.365234375
    },
    "weighted components": {
        "cost_dispersion": 29.383493423461914,
        "cost_distance_glasses": 675.0361659613349,
        "cost_deviation": 10.388509750366211,
        "cost_distorsion": 20.848526000976562,
        "cost_thickness": 3727.588134765625,
        "cost_beam_compression": 2.13112473487854,
        "cost_non_linearity": 958.326416015625,
        "cost_distance_total_intern_reflection": 13560.365234375
    }
}{
    "components non weights": {
        "cost_dispersion": 1.0,
        "cost_distance_glasses": 1.0,
        "cost_deviation": 1,
        "cost_distorsion": 1.0,
        "cost_thickness": 1.0,
        "cost_beam_compression": 1.0,
        "cost_non_linearity": 1.0,
        "cost_distance_total_intern_reflection": 1.0
    },
    "components with weights": {
        "cost_dispersion": 29.383493423461914,
        "cost_distance_glasses": 675.0361659613349,
        "cost_deviation": 10.388509750366211,
        "cost_distorsion": 20.848526000976562,
        "cost_thickness": 3727.588134765625,
        "cost_beam_compression": 2.13112473487854,
        "cost_non_linearity": 958.326416015625,
        "cost_distance_total_intern_reflection": 13560.365234375
    },
    "weighted components": {
        "cost_dispersion": 29.383493423461914,
        "cost_distance_glasses": 675.0361659613349,
        "cost_deviation": 10.388509750366211,
        "cost_distorsion": 20.848526000976562,
        "cost_thickness": 3727.588134765625,
        "cost_beam_compression": 2.13112473487854,
        "cost_non_linearity": 958.326416015625,
        "cost_distance_total_intern_reflection": 13560.365234375
    }
}