{
    "components non weights": {
        "cost_dispersion": 1.0,
        "cost_distance_glasses": 1.0,
        "cost_deviation": 1,
        "cost_distorsion": 1.0,
        "cost_thickness": 1.0,
        "cost_beam_compression": 1.0,
        "cost_non_linearity": 1.0,
        "cost_distance_total_intern_reflection": 1.0
    },
    "components with weights": {
        "cost_dispersion": 31.51988983154297,
        "cost_distance_glasses": 1021.0102261994649,
        "cost_deviation": 2.4104175567626953,
        "cost_distorsion": 22.121803283691406,
        "cost_thickness": 3794.70166015625,
        "cost_beam_compression": 2.1690101623535156,
        "cost_non_linearity": 957.9191284179688,
        "cost_distance_total_intern_reflection": 13639.4326171875
    },
    "weighted components": {
        "cost_dispersion": 31.51988983154297,
        "cost_distance_glasses": 1021.0102261994649,
        "cost_deviation": 2.4104175567626953,
        "cost_distorsion": 22.121803283691406,
        "cost_thickness": 3794.70166015625,
        "cost_beam_compression": 2.1690101623535156,
        "cost_non_linearity": 957.9191284179688,
        "cost_distance_total_intern_reflection": 13639.4326171875
    }
}{
    "components non weights": {
        "cost_dispersion": 1.0,
        "cost_distance_glasses": 1.0,
        "cost_deviation": 1,
        "cost_distorsion": 1.0,
        "cost_thickness": 1.0,
        "cost_beam_compression": 1.0,
        "cost_non_linearity": 1.0,
        "cost_distance_total_intern_reflection": 1.0
    },
    "components with weights": {
        "cost_dispersion": 31.51988983154297,
        "cost_distance_glasses": 1021.0102261994649,
        "cost_deviation": 2.4104175567626953,
        "cost_distorsion": 22.121803283691406,
        "cost_thickness": 3794.70166015625,
        "cost_beam_compression": 2.1690101623535156,
        "cost_non_linearity": 957.9191284179688,
        "cost_distance_total_intern_reflection": 13639.4326171875
    },
    "weighted components": {
        "cost_dispersion": 31.51988983154297,
        "cost_distance_glasses": 1021.0102261994649,
        "cost_deviation": 2.4104175567626953,
        "cost_distorsion": 22.121803283691406,
        "cost_thickness": 3794.70166015625,
        "cost_beam_compression": 2.1690101623535156,
        "cost_non_linearity": 957.9191284179688,
        "cost_distance_total_intern_reflection": 13639.4326171875
    }
}