{
    "components non weights": {
        "cost_dispersion": 1.0,
        "cost_distance_glasses": 1.0,
        "cost_deviation": 1,
        "cost_distorsion": 1.0,
        "cost_thickness": 1.0,
        "cost_beam_compression": 1.0,
        "cost_non_linearity": 1.0,
        "cost_distance_total_intern_reflection": 1.0
    },
    "components with weights": {
        "cost_dispersion": 35.3656120300293,
        "cost_distance_glasses": 772.6957702739708,
        "cost_deviation": 3.4340107440948486,
        "cost_distorsion": 22.474916458129883,
        "cost_thickness": 3738.567138671875,
        "cost_beam_compression": 2.1360743045806885,
        "cost_non_linearity": 957.56884765625,
        "cost_distance_total_intern_reflection": 13561.837890625
    },
    "weighted components": {
        "cost_dispersion": 35.3656120300293,
        "cost_distance_glasses": 772.6957702739708,
        "cost_deviation": 3.4340107440948486,
        "cost_distorsion": 22.474916458129883,
        "cost_thickness": 3738.567138671875,
        "cost_beam_compression": 2.1360743045806885,
        "cost_non_linearity": 957.56884765625,
        "cost_distance_total_intern_reflection": 13561.837890625
    }
}{
    "components non weights": {
        "cost_dispersion": 1.0,
        "cost_distance_glasses": 1.0,
        "cost_deviation": 1,
        "cost_distorsion": 1.0,
        "cost_thickness": 1.0,
        "cost_beam_compression": 1.0,
        "cost_non_linearity": 1.0,
        "cost_distance_total_intern_reflection": 1.0
    },
    "components with weights": {
        "cost_dispersion": 35.3656120300293,
        "cost_distance_glasses": 772.6957702739708,
        "cost_deviation": 3.4340107440948486,
        "cost_distorsion": 22.474916458129883,
        "cost_thickness": 3738.567138671875,
        "cost_beam_compression": 2.1360743045806885,
        "cost_non_linearity": 957.56884765625,
        "cost_distance_total_intern_reflection": 13561.837890625
    },
    "weighted components": {
        "cost_dispersion": 35.3656120300293,
        "cost_distance_glasses": 772.6957702739708,
        "cost_deviation": 3.4340107440948486,
        "cost_distorsion": 22.474916458129883,
        "cost_thickness": 3738.567138671875,
        "cost_beam_compression": 2.1360743045806885,
        "cost_non_linearity": 957.56884765625,
        "cost_distance_total_intern_reflection": 13561.837890625
    }
}