{
    "components non weights": {
        "cost_dispersion": 1.0,
        "cost_distance_glasses": 1.0,
        "cost_deviation": 1,
        "cost_distorsion": 1.0,
        "cost_thickness": 1.0,
        "cost_beam_compression": 1.0,
        "cost_non_linearity": 1.0,
        "cost_distance_total_intern_reflection": 1.0
    },
    "components with weights": {
        "cost_dispersion": 28.35640525817871,
        "cost_distance_glasses": 1154.2874499740046,
        "cost_deviation": 2.6400485038757324,
        "cost_distorsion": 21.245853424072266,
        "cost_thickness": 3816.675048828125,
        "cost_beam_compression": 2.182185649871826,
        "cost_non_linearity": 958.6664428710938,
        "cost_distance_total_intern_reflection": 13693.74609375
    },
    "weighted components": {
        "cost_dispersion": 28.35640525817871,
        "cost_distance_glasses": 1154.2874499740046,
        "cost_deviation": 2.6400485038757324,
        "cost_distorsion": 21.245853424072266,
        "cost_thickness": 3816.675048828125,
        "cost_beam_compression": 2.182185649871826,
        "cost_non_linearity": 958.6664428710938,
        "cost_distance_total_intern_reflection": 13693.74609375
    }
}{
    "components non weights": {
        "cost_dispersion": 1.0,
        "cost_distance_glasses": 1.0,
        "cost_deviation": 1,
        "cost_distorsion": 1.0,
        "cost_thickness": 1.0,
        "cost_beam_compression": 1.0,
        "cost_non_linearity": 1.0,
        "cost_distance_total_intern_reflection": 1.0
    },
    "components with weights": {
        "cost_dispersion": 28.35640525817871,
        "cost_distance_glasses": 1154.2874499740046,
        "cost_deviation": 2.6400485038757324,
        "cost_distorsion": 21.245853424072266,
        "cost_thickness": 3816.675048828125,
        "cost_beam_compression": 2.182185649871826,
        "cost_non_linearity": 958.6664428710938,
        "cost_distance_total_intern_reflection": 13693.74609375
    },
    "weighted components": {
        "cost_dispersion": 28.35640525817871,
        "cost_distance_glasses": 1154.2874499740046,
        "cost_deviation": 2.6400485038757324,
        "cost_distorsion": 21.245853424072266,
        "cost_thickness": 3816.675048828125,
        "cost_beam_compression": 2.182185649871826,
        "cost_non_linearity": 958.6664428710938,
        "cost_distance_total_intern_reflection": 13693.74609375
    }
}