{
    "components non weights": {
        "cost_dispersion": 1.0,
        "cost_distance_glasses": 1.0,
        "cost_deviation": 1,
        "cost_distorsion": 1.0,
        "cost_thickness": 1.0,
        "cost_beam_compression": 1.0,
        "cost_non_linearity": 1.0,
        "cost_distance_total_intern_reflection": 1.0
    },
    "components with weights": {
        "cost_dispersion": 36.36272430419922,
        "cost_distance_glasses": 749.6964564654218,
        "cost_deviation": 3.3374991416931152,
        "cost_distorsion": 22.02346420288086,
        "cost_thickness": 3733.698974609375,
        "cost_beam_compression": 2.1332688331604004,
        "cost_non_linearity": 957.2554321289062,
        "cost_distance_total_intern_reflection": 13545.7548828125
    },
    "weighted components": {
        "cost_dispersion": 36.36272430419922,
        "cost_distance_glasses": 749.6964564654218,
        "cost_deviation": 3.3374991416931152,
        "cost_distorsion": 22.02346420288086,
        "cost_thickness": 3733.698974609375,
        "cost_beam_compression": 2.1332688331604004,
        "cost_non_linearity": 957.2554321289062,
        "cost_distance_total_intern_reflection": 13545.7548828125
    }
}{
    "components non weights": {
        "cost_dispersion": 1.0,
        "cost_distance_glasses": 1.0,
        "cost_deviation": 1,
        "cost_distorsion": 1.0,
        "cost_thickness": 1.0,
        "cost_beam_compression": 1.0,
        "cost_non_linearity": 1.0,
        "cost_distance_total_intern_reflection": 1.0
    },
    "components with weights": {
        "cost_dispersion": 36.36272430419922,
        "cost_distance_glasses": 749.6964564654218,
        "cost_deviation": 3.3374991416931152,
        "cost_distorsion": 22.02346420288086,
        "cost_thickness": 3733.698974609375,
        "cost_beam_compression": 2.1332688331604004,
        "cost_non_linearity": 957.2554321289062,
        "cost_distance_total_intern_reflection": 13545.7548828125
    },
    "weighted components": {
        "cost_dispersion": 36.36272430419922,
        "cost_distance_glasses": 749.6964564654218,
        "cost_deviation": 3.3374991416931152,
        "cost_distorsion": 22.02346420288086,
        "cost_thickness": 3733.698974609375,
        "cost_beam_compression": 2.1332688331604004,
        "cost_non_linearity": 957.2554321289062,
        "cost_distance_total_intern_reflection": 13545.7548828125
    }
}