{
    "components non weights": {
        "cost_dispersion": 1.0,
        "cost_distance_glasses": 1.0,
        "cost_deviation": 1,
        "cost_distorsion": 1.0,
        "cost_thickness": 1.0,
        "cost_beam_compression": 1.0,
        "cost_non_linearity": 1.0,
        "cost_distance_total_intern_reflection": 1.0
    },
    "components with weights": {
        "cost_dispersion": 46.27304458618164,
        "cost_distance_glasses": 708.0682250388214,
        "cost_deviation": 0.11695145070552826,
        "cost_distorsion": 23.319034576416016,
        "cost_thickness": 3731.936767578125,
        "cost_beam_compression": 2.131345748901367,
        "cost_non_linearity": 955.830322265625,
        "cost_distance_total_intern_reflection": 13558.06640625
    },
    "weighted components": {
        "cost_dispersion": 46.27304458618164,
        "cost_distance_glasses": 708.0682250388214,
        "cost_deviation": 0.11695145070552826,
        "cost_distorsion": 23.319034576416016,
        "cost_thickness": 3731.936767578125,
        "cost_beam_compression": 2.131345748901367,
        "cost_non_linearity": 955.830322265625,
        "cost_distance_total_intern_reflection": 13558.06640625
    }
}{
    "components non weights": {
        "cost_dispersion": 1.0,
        "cost_distance_glasses": 1.0,
        "cost_deviation": 1,
        "cost_distorsion": 1.0,
        "cost_thickness": 1.0,
        "cost_beam_compression": 1.0,
        "cost_non_linearity": 1.0,
        "cost_distance_total_intern_reflection": 1.0
    },
    "components with weights": {
        "cost_dispersion": 46.27304458618164,
        "cost_distance_glasses": 708.0682250388214,
        "cost_deviation": 0.11695145070552826,
        "cost_distorsion": 23.319034576416016,
        "cost_thickness": 3731.936767578125,
        "cost_beam_compression": 2.131345748901367,
        "cost_non_linearity": 955.830322265625,
        "cost_distance_total_intern_reflection": 13558.06640625
    },
    "weighted components": {
        "cost_dispersion": 46.27304458618164,
        "cost_distance_glasses": 708.0682250388214,
        "cost_deviation": 0.11695145070552826,
        "cost_distorsion": 23.319034576416016,
        "cost_thickness": 3731.936767578125,
        "cost_beam_compression": 2.131345748901367,
        "cost_non_linearity": 955.830322265625,
        "cost_distance_total_intern_reflection": 13558.06640625
    }
}