{
    "components non weights": {
        "cost_dispersion": 1.0,
        "cost_distance_glasses": 1.0,
        "cost_deviation": 1,
        "cost_distorsion": 1.0,
        "cost_thickness": 1.0,
        "cost_beam_compression": 1.0,
        "cost_non_linearity": 1.0,
        "cost_distance_total_intern_reflection": 1.0
    },
    "components with weights": {
        "cost_dispersion": 42.500308990478516,
        "cost_distance_glasses": 769.5030176525559,
        "cost_deviation": 0.5026770830154419,
        "cost_distorsion": 23.657733917236328,
        "cost_thickness": 3738.23291015625,
        "cost_beam_compression": 2.1350502967834473,
        "cost_non_linearity": 956.4365234375,
        "cost_distance_total_intern_reflection": 13576.7373046875
    },
    "weighted components": {
        "cost_dispersion": 42.500308990478516,
        "cost_distance_glasses": 769.5030176525559,
        "cost_deviation": 0.5026770830154419,
        "cost_distorsion": 23.657733917236328,
        "cost_thickness": 3738.23291015625,
        "cost_beam_compression": 2.1350502967834473,
        "cost_non_linearity": 956.4365234375,
        "cost_distance_total_intern_reflection": 13576.7373046875
    }
}{
    "components non weights": {
        "cost_dispersion": 1.0,
        "cost_distance_glasses": 1.0,
        "cost_deviation": 1,
        "cost_distorsion": 1.0,
        "cost_thickness": 1.0,
        "cost_beam_compression": 1.0,
        "cost_non_linearity": 1.0,
        "cost_distance_total_intern_reflection": 1.0
    },
    "components with weights": {
        "cost_dispersion": 42.500308990478516,
        "cost_distance_glasses": 769.5030176525559,
        "cost_deviation": 0.5026770830154419,
        "cost_distorsion": 23.657733917236328,
        "cost_thickness": 3738.23291015625,
        "cost_beam_compression": 2.1350502967834473,
        "cost_non_linearity": 956.4365234375,
        "cost_distance_total_intern_reflection": 13576.7373046875
    },
    "weighted components": {
        "cost_dispersion": 42.500308990478516,
        "cost_distance_glasses": 769.5030176525559,
        "cost_deviation": 0.5026770830154419,
        "cost_distorsion": 23.657733917236328,
        "cost_thickness": 3738.23291015625,
        "cost_beam_compression": 2.1350502967834473,
        "cost_non_linearity": 956.4365234375,
        "cost_distance_total_intern_reflection": 13576.7373046875
    }
}