{
    "components non weights": {
        "cost_dispersion": 1.0,
        "cost_distance_glasses": 1.0,
        "cost_deviation": 1,
        "cost_distorsion": 1.0,
        "cost_thickness": 1.0,
        "cost_beam_compression": 1.0,
        "cost_non_linearity": 1.0,
        "cost_distance_total_intern_reflection": 1.0
    },
    "components with weights": {
        "cost_dispersion": 31.71413803100586,
        "cost_distance_glasses": 1056.3772539670308,
        "cost_deviation": 2.5019590854644775,
        "cost_distorsion": 22.388479232788086,
        "cost_thickness": 3790.75146484375,
        "cost_beam_compression": 2.1668004989624023,
        "cost_non_linearity": 957.801025390625,
        "cost_distance_total_intern_reflection": 13626.8544921875
    },
    "weighted components": {
        "cost_dispersion": 31.71413803100586,
        "cost_distance_glasses": 1056.3772539670308,
        "cost_deviation": 2.5019590854644775,
        "cost_distorsion": 22.388479232788086,
        "cost_thickness": 3790.75146484375,
        "cost_beam_compression": 2.1668004989624023,
        "cost_non_linearity": 957.801025390625,
        "cost_distance_total_intern_reflection": 13626.8544921875
    }
}{
    "components non weights": {
        "cost_dispersion": 1.0,
        "cost_distance_glasses": 1.0,
        "cost_deviation": 1,
        "cost_distorsion": 1.0,
        "cost_thickness": 1.0,
        "cost_beam_compression": 1.0,
        "cost_non_linearity": 1.0,
        "cost_distance_total_intern_reflection": 1.0
    },
    "components with weights": {
        "cost_dispersion": 31.71413803100586,
        "cost_distance_glasses": 1056.3772539670308,
        "cost_deviation": 2.5019590854644775,
        "cost_distorsion": 22.388479232788086,
        "cost_thickness": 3790.75146484375,
        "cost_beam_compression": 2.1668004989624023,
        "cost_non_linearity": 957.801025390625,
        "cost_distance_total_intern_reflection": 13626.8544921875
    },
    "weighted components": {
        "cost_dispersion": 31.71413803100586,
        "cost_distance_glasses": 1056.3772539670308,
        "cost_deviation": 2.5019590854644775,
        "cost_distorsion": 22.388479232788086,
        "cost_thickness": 3790.75146484375,
        "cost_beam_compression": 2.1668004989624023,
        "cost_non_linearity": 957.801025390625,
        "cost_distance_total_intern_reflection": 13626.8544921875
    }
}