{
    "components non weights": {
        "cost_dispersion": 1.0,
        "cost_distance_glasses": 1.0,
        "cost_deviation": 1,
        "cost_distorsion": 1.0,
        "cost_thickness": 1.0,
        "cost_beam_compression": 1.0,
        "cost_non_linearity": 1.0,
        "cost_distance_total_intern_reflection": 1.0
    },
    "components with weights": {
        "cost_dispersion": 162.7804718017578,
        "cost_distance_glasses": 1326.276066001516,
        "cost_deviation": 11.571134567260742,
        "cost_distorsion": 21.40614128112793,
        "cost_thickness": 4099.54833984375,
        "cost_beam_compression": 2.351832389831543,
        "cost_non_linearity": 944.2504272460938,
        "cost_distance_total_intern_reflection": 14091.3330078125
    },
    "weighted components": {
        "cost_dispersion": 162.7804718017578,
        "cost_distance_glasses": 1326.276066001516,
        "cost_deviation": 11.571134567260742,
        "cost_distorsion": 21.40614128112793,
        "cost_thickness": 4099.54833984375,
        "cost_beam_compression": 2.351832389831543,
        "cost_non_linearity": 944.2504272460938,
        "cost_distance_total_intern_reflection": 14091.3330078125
    }
}{
    "components non weights": {
        "cost_dispersion": 1.0,
        "cost_distance_glasses": 1.0,
        "cost_deviation": 1,
        "cost_distorsion": 1.0,
        "cost_thickness": 1.0,
        "cost_beam_compression": 1.0,
        "cost_non_linearity": 1.0,
        "cost_distance_total_intern_reflection": 1.0
    },
    "components with weights": {
        "cost_dispersion": 162.7804718017578,
        "cost_distance_glasses": 1326.276066001516,
        "cost_deviation": 11.571134567260742,
        "cost_distorsion": 21.40614128112793,
        "cost_thickness": 4099.54833984375,
        "cost_beam_compression": 2.351832389831543,
        "cost_non_linearity": 944.2504272460938,
        "cost_distance_total_intern_reflection": 14091.3330078125
    },
    "weighted components": {
        "cost_dispersion": 162.7804718017578,
        "cost_distance_glasses": 1326.276066001516,
        "cost_deviation": 11.571134567260742,
        "cost_distorsion": 21.40614128112793,
        "cost_thickness": 4099.54833984375,
        "cost_beam_compression": 2.351832389831543,
        "cost_non_linearity": 944.2504272460938,
        "cost_distance_total_intern_reflection": 14091.3330078125
    }
}