{
    "components non weights": {
        "cost_dispersion": 1.0,
        "cost_distance_glasses": 1.0,
        "cost_deviation": 1,
        "cost_distorsion": 1.0,
        "cost_thickness": 1.0,
        "cost_beam_compression": 1.0,
        "cost_non_linearity": 1.0,
        "cost_distance_total_intern_reflection": 1.0
    },
    "components with weights": {
        "cost_dispersion": 35.87778854370117,
        "cost_distance_glasses": 682.9343935508035,
        "cost_deviation": 4.75192403793335,
        "cost_distorsion": 21.36989974975586,
        "cost_thickness": 3727.79833984375,
        "cost_beam_compression": 2.1304006576538086,
        "cost_non_linearity": 957.401611328125,
        "cost_distance_total_intern_reflection": 13554.099609375
    },
    "weighted components": {
        "cost_dispersion": 35.87778854370117,
        "cost_distance_glasses": 682.9343935508035,
        "cost_deviation": 4.75192403793335,
        "cost_distorsion": 21.36989974975586,
        "cost_thickness": 3727.79833984375,
        "cost_beam_compression": 2.1304006576538086,
        "cost_non_linearity": 957.401611328125,
        "cost_distance_total_intern_reflection": 13554.099609375
    }
}{
    "components non weights": {
        "cost_dispersion": 1.0,
        "cost_distance_glasses": 1.0,
        "cost_deviation": 1,
        "cost_distorsion": 1.0,
        "cost_thickness": 1.0,
        "cost_beam_compression": 1.0,
        "cost_non_linearity": 1.0,
        "cost_distance_total_intern_reflection": 1.0
    },
    "components with weights": {
        "cost_dispersion": 35.87778854370117,
        "cost_distance_glasses": 682.9343935508035,
        "cost_deviation": 4.75192403793335,
        "cost_distorsion": 21.36989974975586,
        "cost_thickness": 3727.79833984375,
        "cost_beam_compression": 2.1304006576538086,
        "cost_non_linearity": 957.401611328125,
        "cost_distance_total_intern_reflection": 13554.099609375
    },
    "weighted components": {
        "cost_dispersion": 35.87778854370117,
        "cost_distance_glasses": 682.9343935508035,
        "cost_deviation": 4.75192403793335,
        "cost_distorsion": 21.36989974975586,
        "cost_thickness": 3727.79833984375,
        "cost_beam_compression": 2.1304006576538086,
        "cost_non_linearity": 957.401611328125,
        "cost_distance_total_intern_reflection": 13554.099609375
    }
}