{
    "components non weights": {
        "cost_dispersion": 1.0,
        "cost_distance_glasses": 1.0,
        "cost_deviation": 1,
        "cost_distorsion": 1.0,
        "cost_thickness": 1.0,
        "cost_beam_compression": 1.0,
        "cost_non_linearity": 1.0,
        "cost_distance_total_intern_reflection": 1.0
    },
    "components with weights": {
        "cost_dispersion": 406.20306396484375,
        "cost_distance_glasses": 447274.35937395925,
        "cost_deviation": 143.6260223388672,
        "cost_distorsion": 16.691373825073242,
        "cost_thickness": 4090.960693359375,
        "cost_beam_compression": 2.412531852722168,
        "cost_non_linearity": 1008.191650390625,
        "cost_distance_total_intern_reflection": 14550.462890625
    },
    "weighted components": {
        "cost_dispersion": 406.20306396484375,
        "cost_distance_glasses": 447274.35937395925,
        "cost_deviation": 143.6260223388672,
        "cost_distorsion": 16.691373825073242,
        "cost_thickness": 4090.960693359375,
        "cost_beam_compression": 2.412531852722168,
        "cost_non_linearity": 1008.191650390625,
        "cost_distance_total_intern_reflection": 14550.462890625
    }
}{
    "components non weights": {
        "cost_dispersion": 1.0,
        "cost_distance_glasses": 1.0,
        "cost_deviation": 1,
        "cost_distorsion": 1.0,
        "cost_thickness": 1.0,
        "cost_beam_compression": 1.0,
        "cost_non_linearity": 1.0,
        "cost_distance_total_intern_reflection": 1.0
    },
    "components with weights": {
        "cost_dispersion": 406.20306396484375,
        "cost_distance_glasses": 447274.35937395925,
        "cost_deviation": 143.6260223388672,
        "cost_distorsion": 16.691373825073242,
        "cost_thickness": 4090.960693359375,
        "cost_beam_compression": 2.412531852722168,
        "cost_non_linearity": 1008.191650390625,
        "cost_distance_total_intern_reflection": 14550.462890625
    },
    "weighted components": {
        "cost_dispersion": 406.20306396484375,
        "cost_distance_glasses": 447274.35937395925,
        "cost_deviation": 143.6260223388672,
        "cost_distorsion": 16.691373825073242,
        "cost_thickness": 4090.960693359375,
        "cost_beam_compression": 2.412531852722168,
        "cost_non_linearity": 1008.191650390625,
        "cost_distance_total_intern_reflection": 14550.462890625
    }
}