{
    "components non weights": {
        "cost_dispersion": 1.0,
        "cost_distance_glasses": 1.0,
        "cost_deviation": 1,
        "cost_distorsion": 1.0,
        "cost_thickness": 1.0,
        "cost_beam_compression": 1.0,
        "cost_non_linearity": 1.0,
        "cost_distance_total_intern_reflection": 1.0
    },
    "components with weights": {
        "cost_dispersion": 128.59481811523438,
        "cost_distance_glasses": 1537.9485095628354,
        "cost_deviation": 425.45806884765625,
        "cost_distorsion": 39.09634017944336,
        "cost_thickness": 3909.3525390625,
        "cost_beam_compression": 2.235480546951294,
        "cost_non_linearity": 947.3287353515625,
        "cost_distance_total_intern_reflection": 13947.8251953125
    },
    "weighted components": {
        "cost_dispersion": 128.59481811523438,
        "cost_distance_glasses": 1537.9485095628354,
        "cost_deviation": 425.45806884765625,
        "cost_distorsion": 39.09634017944336,
        "cost_thickness": 3909.3525390625,
        "cost_beam_compression": 2.235480546951294,
        "cost_non_linearity": 947.3287353515625,
        "cost_distance_total_intern_reflection": 13947.8251953125
    }
}{
    "components non weights": {
        "cost_dispersion": 1.0,
        "cost_distance_glasses": 1.0,
        "cost_deviation": 1,
        "cost_distorsion": 1.0,
        "cost_thickness": 1.0,
        "cost_beam_compression": 1.0,
        "cost_non_linearity": 1.0,
        "cost_distance_total_intern_reflection": 1.0
    },
    "components with weights": {
        "cost_dispersion": 128.59481811523438,
        "cost_distance_glasses": 1537.9485095628354,
        "cost_deviation": 425.45806884765625,
        "cost_distorsion": 39.09634017944336,
        "cost_thickness": 3909.3525390625,
        "cost_beam_compression": 2.235480546951294,
        "cost_non_linearity": 947.3287353515625,
        "cost_distance_total_intern_reflection": 13947.8251953125
    },
    "weighted components": {
        "cost_dispersion": 128.59481811523438,
        "cost_distance_glasses": 1537.9485095628354,
        "cost_deviation": 425.45806884765625,
        "cost_distorsion": 39.09634017944336,
        "cost_thickness": 3909.3525390625,
        "cost_beam_compression": 2.235480546951294,
        "cost_non_linearity": 947.3287353515625,
        "cost_distance_total_intern_reflection": 13947.8251953125
    }
}