{
    "components non weights": {
        "cost_dispersion": 1.0,
        "cost_distance_glasses": 1.0,
        "cost_deviation": 1,
        "cost_distorsion": 1.0,
        "cost_thickness": 1.0,
        "cost_beam_compression": 1.0,
        "cost_non_linearity": 1.0,
        "cost_distance_total_intern_reflection": 1.0
    },
    "components with weights": {
        "cost_dispersion": 31.017501831054688,
        "cost_distance_glasses": 931.7677062454702,
        "cost_deviation": 2.9416491985321045,
        "cost_distorsion": 22.1562557220459,
        "cost_thickness": 3789.02197265625,
        "cost_beam_compression": 2.1661412715911865,
        "cost_non_linearity": 958.1528930664062,
        "cost_distance_total_intern_reflection": 13627.9130859375
    },
    "weighted components": {
        "cost_dispersion": 31.017501831054688,
        "cost_distance_glasses": 931.7677062454702,
        "cost_deviation": 2.9416491985321045,
        "cost_distorsion": 22.1562557220459,
        "cost_thickness": 3789.02197265625,
        "cost_beam_compression": 2.1661412715911865,
        "cost_non_linearity": 958.1528930664062,
        "cost_distance_total_intern_reflection": 13627.9130859375
    }
}{
    "components non weights": {
        "cost_dispersion": 1.0,
        "cost_distance_glasses": 1.0,
        "cost_deviation": 1,
        "cost_distorsion": 1.0,
        "cost_thickness": 1.0,
        "cost_beam_compression": 1.0,
        "cost_non_linearity": 1.0,
        "cost_distance_total_intern_reflection": 1.0
    },
    "components with weights": {
        "cost_dispersion": 31.017501831054688,
        "cost_distance_glasses": 931.7677062454702,
        "cost_deviation": 2.9416491985321045,
        "cost_distorsion": 22.1562557220459,
        "cost_thickness": 3789.02197265625,
        "cost_beam_compression": 2.1661412715911865,
        "cost_non_linearity": 958.1528930664062,
        "cost_distance_total_intern_reflection": 13627.9130859375
    },
    "weighted components": {
        "cost_dispersion": 31.017501831054688,
        "cost_distance_glasses": 931.7677062454702,
        "cost_deviation": 2.9416491985321045,
        "cost_distorsion": 22.1562557220459,
        "cost_thickness": 3789.02197265625,
        "cost_beam_compression": 2.1661412715911865,
        "cost_non_linearity": 958.1528930664062,
        "cost_distance_total_intern_reflection": 13627.9130859375
    }
}