{
    "components non weights": {
        "cost_dispersion": 1.0,
        "cost_distance_glasses": 1.0,
        "cost_deviation": 1,
        "cost_distorsion": 1.0,
        "cost_thickness": 1.0,
        "cost_beam_compression": 1.0,
        "cost_non_linearity": 1.0,
        "cost_distance_total_intern_reflection": 1.0
    },
    "components with weights": {
        "cost_dispersion": 152.01878356933594,
        "cost_distance_glasses": 1485.9991533680584,
        "cost_deviation": 18.49408531188965,
        "cost_distorsion": 21.165491104125977,
        "cost_thickness": 4099.01953125,
        "cost_beam_compression": 2.3514819145202637,
        "cost_non_linearity": 945.0440673828125,
        "cost_distance_total_intern_reflection": 14090.548828125
    },
    "weighted components": {
        "cost_dispersion": 152.01878356933594,
        "cost_distance_glasses": 1485.9991533680584,
        "cost_deviation": 18.49408531188965,
        "cost_distorsion": 21.165491104125977,
        "cost_thickness": 4099.01953125,
        "cost_beam_compression": 2.3514819145202637,
        "cost_non_linearity": 945.0440673828125,
        "cost_distance_total_intern_reflection": 14090.548828125
    }
}{
    "components non weights": {
        "cost_dispersion": 1.0,
        "cost_distance_glasses": 1.0,
        "cost_deviation": 1,
        "cost_distorsion": 1.0,
        "cost_thickness": 1.0,
        "cost_beam_compression": 1.0,
        "cost_non_linearity": 1.0,
        "cost_distance_total_intern_reflection": 1.0
    },
    "components with weights": {
        "cost_dispersion": 152.01878356933594,
        "cost_distance_glasses": 1485.9991533680584,
        "cost_deviation": 18.49408531188965,
        "cost_distorsion": 21.165491104125977,
        "cost_thickness": 4099.01953125,
        "cost_beam_compression": 2.3514819145202637,
        "cost_non_linearity": 945.0440673828125,
        "cost_distance_total_intern_reflection": 14090.548828125
    },
    "weighted components": {
        "cost_dispersion": 152.01878356933594,
        "cost_distance_glasses": 1485.9991533680584,
        "cost_deviation": 18.49408531188965,
        "cost_distorsion": 21.165491104125977,
        "cost_thickness": 4099.01953125,
        "cost_beam_compression": 2.3514819145202637,
        "cost_non_linearity": 945.0440673828125,
        "cost_distance_total_intern_reflection": 14090.548828125
    }
}