{
    "components non weights": {
        "cost_dispersion": 1.0,
        "cost_distance_glasses": 1.0,
        "cost_deviation": 1,
        "cost_distorsion": 1.0,
        "cost_thickness": 1.0,
        "cost_beam_compression": 1.0,
        "cost_non_linearity": 1.0,
        "cost_distance_total_intern_reflection": 1.0
    },
    "components with weights": {
        "cost_dispersion": 31.62002944946289,
        "cost_distance_glasses": 1037.6623777353898,
        "cost_deviation": 2.523690700531006,
        "cost_distorsion": 22.3747501373291,
        "cost_thickness": 3790.777587890625,
        "cost_beam_compression": 2.1668152809143066,
        "cost_non_linearity": 958.0421752929688,
        "cost_distance_total_intern_reflection": 13626.875
    },
    "weighted components": {
        "cost_dispersion": 31.62002944946289,
        "cost_distance_glasses": 1037.6623777353898,
        "cost_deviation": 2.523690700531006,
        "cost_distorsion": 22.3747501373291,
        "cost_thickness": 3790.777587890625,
        "cost_beam_compression": 2.1668152809143066,
        "cost_non_linearity": 958.0421752929688,
        "cost_distance_total_intern_reflection": 13626.875
    }
}{
    "components non weights": {
        "cost_dispersion": 1.0,
        "cost_distance_glasses": 1.0,
        "cost_deviation": 1,
        "cost_distorsion": 1.0,
        "cost_thickness": 1.0,
        "cost_beam_compression": 1.0,
        "cost_non_linearity": 1.0,
        "cost_distance_total_intern_reflection": 1.0
    },
    "components with weights": {
        "cost_dispersion": 31.62002944946289,
        "cost_distance_glasses": 1037.6623777353898,
        "cost_deviation": 2.523690700531006,
        "cost_distorsion": 22.3747501373291,
        "cost_thickness": 3790.777587890625,
        "cost_beam_compression": 2.1668152809143066,
        "cost_non_linearity": 958.0421752929688,
        "cost_distance_total_intern_reflection": 13626.875
    },
    "weighted components": {
        "cost_dispersion": 31.62002944946289,
        "cost_distance_glasses": 1037.6623777353898,
        "cost_deviation": 2.523690700531006,
        "cost_distorsion": 22.3747501373291,
        "cost_thickness": 3790.777587890625,
        "cost_beam_compression": 2.1668152809143066,
        "cost_non_linearity": 958.0421752929688,
        "cost_distance_total_intern_reflection": 13626.875
    }
}