{
    "components non weights": {
        "cost_dispersion": 1.0,
        "cost_distance_glasses": 1.0,
        "cost_deviation": 1,
        "cost_distorsion": 1.0,
        "cost_thickness": 1.0,
        "cost_beam_compression": 1.0,
        "cost_non_linearity": 1.0,
        "cost_distance_total_intern_reflection": 1.0
    },
    "components with weights": {
        "cost_dispersion": 1811.659912109375,
        "cost_distance_glasses": 1656138.9219650617,
        "cost_deviation": 3709.13671875,
        "cost_distorsion": 8.63352108001709,
        "cost_thickness": 4181.45654296875,
        "cost_beam_compression": 2.465196132659912,
        "cost_non_linearity": 1052.7576904296875,
        "cost_distance_total_intern_reflection": 14461.6416015625
    },
    "weighted components": {
        "cost_dispersion": 1811.659912109375,
        "cost_distance_glasses": 1656138.9219650617,
        "cost_deviation": 3709.13671875,
        "cost_distorsion": 8.63352108001709,
        "cost_thickness": 4181.45654296875,
        "cost_beam_compression": 2.465196132659912,
        "cost_non_linearity": 1052.7576904296875,
        "cost_distance_total_intern_reflection": 14461.6416015625
    }
}{
    "components non weights": {
        "cost_dispersion": 1.0,
        "cost_distance_glasses": 1.0,
        "cost_deviation": 1,
        "cost_distorsion": 1.0,
        "cost_thickness": 1.0,
        "cost_beam_compression": 1.0,
        "cost_non_linearity": 1.0,
        "cost_distance_total_intern_reflection": 1.0
    },
    "components with weights": {
        "cost_dispersion": 1811.659912109375,
        "cost_distance_glasses": 1656138.9219650617,
        "cost_deviation": 3709.13671875,
        "cost_distorsion": 8.63352108001709,
        "cost_thickness": 4181.45654296875,
        "cost_beam_compression": 2.465196132659912,
        "cost_non_linearity": 1052.7576904296875,
        "cost_distance_total_intern_reflection": 14461.6416015625
    },
    "weighted components": {
        "cost_dispersion": 1811.659912109375,
        "cost_distance_glasses": 1656138.9219650617,
        "cost_deviation": 3709.13671875,
        "cost_distorsion": 8.63352108001709,
        "cost_thickness": 4181.45654296875,
        "cost_beam_compression": 2.465196132659912,
        "cost_non_linearity": 1052.7576904296875,
        "cost_distance_total_intern_reflection": 14461.6416015625
    }
}