{
    "components non weights": {
        "cost_dispersion": 1.0,
        "cost_distance_glasses": 1.0,
        "cost_deviation": 1,
        "cost_distorsion": 1.0,
        "cost_thickness": 1.0,
        "cost_beam_compression": 1.0,
        "cost_non_linearity": 1.0,
        "cost_distance_total_intern_reflection": 1.0
    },
    "components with weights": {
        "cost_dispersion": 154.9405059814453,
        "cost_distance_glasses": 1633.4759565952827,
        "cost_deviation": 25.852895736694336,
        "cost_distorsion": 20.89116859436035,
        "cost_thickness": 4091.2109375,
        "cost_beam_compression": 2.3464155197143555,
        "cost_non_linearity": 944.7781372070312,
        "cost_distance_total_intern_reflection": 14080.58203125
    },
    "weighted components": {
        "cost_dispersion": 154.9405059814453,
        "cost_distance_glasses": 1633.4759565952827,
        "cost_deviation": 25.852895736694336,
        "cost_distorsion": 20.89116859436035,
        "cost_thickness": 4091.2109375,
        "cost_beam_compression": 2.3464155197143555,
        "cost_non_linearity": 944.7781372070312,
        "cost_distance_total_intern_reflection": 14080.58203125
    }
}{
    "components non weights": {
        "cost_dispersion": 1.0,
        "cost_distance_glasses": 1.0,
        "cost_deviation": 1,
        "cost_distorsion": 1.0,
        "cost_thickness": 1.0,
        "cost_beam_compression": 1.0,
        "cost_non_linearity": 1.0,
        "cost_distance_total_intern_reflection": 1.0
    },
    "components with weights": {
        "cost_dispersion": 154.9405059814453,
        "cost_distance_glasses": 1633.4759565952827,
        "cost_deviation": 25.852895736694336,
        "cost_distorsion": 20.89116859436035,
        "cost_thickness": 4091.2109375,
        "cost_beam_compression": 2.3464155197143555,
        "cost_non_linearity": 944.7781372070312,
        "cost_distance_total_intern_reflection": 14080.58203125
    },
    "weighted components": {
        "cost_dispersion": 154.9405059814453,
        "cost_distance_glasses": 1633.4759565952827,
        "cost_deviation": 25.852895736694336,
        "cost_distorsion": 20.89116859436035,
        "cost_thickness": 4091.2109375,
        "cost_beam_compression": 2.3464155197143555,
        "cost_non_linearity": 944.7781372070312,
        "cost_distance_total_intern_reflection": 14080.58203125
    }
}