{
    "components non weights": {
        "cost_dispersion": 1.0,
        "cost_distance_glasses": 1.0,
        "cost_deviation": 1,
        "cost_distorsion": 1.0,
        "cost_thickness": 1.0,
        "cost_beam_compression": 1.0,
        "cost_non_linearity": 1.0,
        "cost_distance_total_intern_reflection": 1.0
    },
    "components with weights": {
        "cost_dispersion": 36.42900466918945,
        "cost_distance_glasses": 765.9446117111258,
        "cost_deviation": 3.305995464324951,
        "cost_distorsion": 22.03904151916504,
        "cost_thickness": 3733.56591796875,
        "cost_beam_compression": 2.1332311630249023,
        "cost_non_linearity": 957.118408203125,
        "cost_distance_total_intern_reflection": 13545.443359375
    },
    "weighted components": {
        "cost_dispersion": 36.42900466918945,
        "cost_distance_glasses": 765.9446117111258,
        "cost_deviation": 3.305995464324951,
        "cost_distorsion": 22.03904151916504,
        "cost_thickness": 3733.56591796875,
        "cost_beam_compression": 2.1332311630249023,
        "cost_non_linearity": 957.118408203125,
        "cost_distance_total_intern_reflection": 13545.443359375
    }
}{
    "components non weights": {
        "cost_dispersion": 1.0,
        "cost_distance_glasses": 1.0,
        "cost_deviation": 1,
        "cost_distorsion": 1.0,
        "cost_thickness": 1.0,
        "cost_beam_compression": 1.0,
        "cost_non_linearity": 1.0,
        "cost_distance_total_intern_reflection": 1.0
    },
    "components with weights": {
        "cost_dispersion": 36.42900466918945,
        "cost_distance_glasses": 765.9446117111258,
        "cost_deviation": 3.305995464324951,
        "cost_distorsion": 22.03904151916504,
        "cost_thickness": 3733.56591796875,
        "cost_beam_compression": 2.1332311630249023,
        "cost_non_linearity": 957.118408203125,
        "cost_distance_total_intern_reflection": 13545.443359375
    },
    "weighted components": {
        "cost_dispersion": 36.42900466918945,
        "cost_distance_glasses": 765.9446117111258,
        "cost_deviation": 3.305995464324951,
        "cost_distorsion": 22.03904151916504,
        "cost_thickness": 3733.56591796875,
        "cost_beam_compression": 2.1332311630249023,
        "cost_non_linearity": 957.118408203125,
        "cost_distance_total_intern_reflection": 13545.443359375
    }
}