{
    "components non weights": {
        "cost_dispersion": 1.0,
        "cost_distance_glasses": 1.0,
        "cost_deviation": 1,
        "cost_distorsion": 1.0,
        "cost_thickness": 1.0,
        "cost_beam_compression": 1.0,
        "cost_non_linearity": 1.0,
        "cost_distance_total_intern_reflection": 1.0
    },
    "components with weights": {
        "cost_dispersion": 35.869747161865234,
        "cost_distance_glasses": 749.5945177620939,
        "cost_deviation": 3.6368420124053955,
        "cost_distorsion": 22.027376174926758,
        "cost_thickness": 3733.61865234375,
        "cost_beam_compression": 2.1332902908325195,
        "cost_non_linearity": 957.330322265625,
        "cost_distance_total_intern_reflection": 13547.83203125
    },
    "weighted components": {
        "cost_dispersion": 35.869747161865234,
        "cost_distance_glasses": 749.5945177620939,
        "cost_deviation": 3.6368420124053955,
        "cost_distorsion": 22.027376174926758,
        "cost_thickness": 3733.61865234375,
        "cost_beam_compression": 2.1332902908325195,
        "cost_non_linearity": 957.330322265625,
        "cost_distance_total_intern_reflection": 13547.83203125
    }
}{
    "components non weights": {
        "cost_dispersion": 1.0,
        "cost_distance_glasses": 1.0,
        "cost_deviation": 1,
        "cost_distorsion": 1.0,
        "cost_thickness": 1.0,
        "cost_beam_compression": 1.0,
        "cost_non_linearity": 1.0,
        "cost_distance_total_intern_reflection": 1.0
    },
    "components with weights": {
        "cost_dispersion": 35.869747161865234,
        "cost_distance_glasses": 749.5945177620939,
        "cost_deviation": 3.6368420124053955,
        "cost_distorsion": 22.027376174926758,
        "cost_thickness": 3733.61865234375,
        "cost_beam_compression": 2.1332902908325195,
        "cost_non_linearity": 957.330322265625,
        "cost_distance_total_intern_reflection": 13547.83203125
    },
    "weighted components": {
        "cost_dispersion": 35.869747161865234,
        "cost_distance_glasses": 749.5945177620939,
        "cost_deviation": 3.6368420124053955,
        "cost_distorsion": 22.027376174926758,
        "cost_thickness": 3733.61865234375,
        "cost_beam_compression": 2.1332902908325195,
        "cost_non_linearity": 957.330322265625,
        "cost_distance_total_intern_reflection": 13547.83203125
    }
}