{
    "components non weights": {
        "cost_dispersion": 1.0,
        "cost_distance_glasses": 1.0,
        "cost_deviation": 1,
        "cost_distorsion": 1.0,
        "cost_thickness": 1.0,
        "cost_beam_compression": 1.0,
        "cost_non_linearity": 1.0,
        "cost_distance_total_intern_reflection": 1.0
    },
    "components with weights": {
        "cost_dispersion": 30.33599853515625,
        "cost_distance_glasses": 1046.245150551269,
        "cost_deviation": 2.9248054027557373,
        "cost_distorsion": 21.736780166625977,
        "cost_thickness": 3798.580078125,
        "cost_beam_compression": 2.171415090560913,
        "cost_non_linearity": 958.07275390625,
        "cost_distance_total_intern_reflection": 13655.8134765625
    },
    "weighted components": {
        "cost_dispersion": 30.33599853515625,
        "cost_distance_glasses": 1046.245150551269,
        "cost_deviation": 2.9248054027557373,
        "cost_distorsion": 21.736780166625977,
        "cost_thickness": 3798.580078125,
        "cost_beam_compression": 2.171415090560913,
        "cost_non_linearity": 958.07275390625,
        "cost_distance_total_intern_reflection": 13655.8134765625
    }
}{
    "components non weights": {
        "cost_dispersion": 1.0,
        "cost_distance_glasses": 1.0,
        "cost_deviation": 1,
        "cost_distorsion": 1.0,
        "cost_thickness": 1.0,
        "cost_beam_compression": 1.0,
        "cost_non_linearity": 1.0,
        "cost_distance_total_intern_reflection": 1.0
    },
    "components with weights": {
        "cost_dispersion": 30.33599853515625,
        "cost_distance_glasses": 1046.245150551269,
        "cost_deviation": 2.9248054027557373,
        "cost_distorsion": 21.736780166625977,
        "cost_thickness": 3798.580078125,
        "cost_beam_compression": 2.171415090560913,
        "cost_non_linearity": 958.07275390625,
        "cost_distance_total_intern_reflection": 13655.8134765625
    },
    "weighted components": {
        "cost_dispersion": 30.33599853515625,
        "cost_distance_glasses": 1046.245150551269,
        "cost_deviation": 2.9248054027557373,
        "cost_distorsion": 21.736780166625977,
        "cost_thickness": 3798.580078125,
        "cost_beam_compression": 2.171415090560913,
        "cost_non_linearity": 958.07275390625,
        "cost_distance_total_intern_reflection": 13655.8134765625
    }
}