{
    "components non weights": {
        "cost_dispersion": 1.0,
        "cost_distance_glasses": 1.0,
        "cost_deviation": 1,
        "cost_distorsion": 1.0,
        "cost_thickness": 1.0,
        "cost_beam_compression": 1.0,
        "cost_non_linearity": 1.0,
        "cost_distance_total_intern_reflection": 1.0
    },
    "components with weights": {
        "cost_dispersion": 178.01168823242188,
        "cost_distance_glasses": 1612.6025631737439,
        "cost_deviation": 26.153799057006836,
        "cost_distorsion": 21.01165008544922,
        "cost_thickness": 4078.738037109375,
        "cost_beam_compression": 2.338440418243408,
        "cost_non_linearity": 942.9739379882812,
        "cost_distance_total_intern_reflection": 14059.56640625
    },
    "weighted components": {
        "cost_dispersion": 178.01168823242188,
        "cost_distance_glasses": 1612.6025631737439,
        "cost_deviation": 26.153799057006836,
        "cost_distorsion": 21.01165008544922,
        "cost_thickness": 4078.738037109375,
        "cost_beam_compression": 2.338440418243408,
        "cost_non_linearity": 942.9739379882812,
        "cost_distance_total_intern_reflection": 14059.56640625
    }
}{
    "components non weights": {
        "cost_dispersion": 1.0,
        "cost_distance_glasses": 1.0,
        "cost_deviation": 1,
        "cost_distorsion": 1.0,
        "cost_thickness": 1.0,
        "cost_beam_compression": 1.0,
        "cost_non_linearity": 1.0,
        "cost_distance_total_intern_reflection": 1.0
    },
    "components with weights": {
        "cost_dispersion": 178.01168823242188,
        "cost_distance_glasses": 1612.6025631737439,
        "cost_deviation": 26.153799057006836,
        "cost_distorsion": 21.01165008544922,
        "cost_thickness": 4078.738037109375,
        "cost_beam_compression": 2.338440418243408,
        "cost_non_linearity": 942.9739379882812,
        "cost_distance_total_intern_reflection": 14059.56640625
    },
    "weighted components": {
        "cost_dispersion": 178.01168823242188,
        "cost_distance_glasses": 1612.6025631737439,
        "cost_deviation": 26.153799057006836,
        "cost_distorsion": 21.01165008544922,
        "cost_thickness": 4078.738037109375,
        "cost_beam_compression": 2.338440418243408,
        "cost_non_linearity": 942.9739379882812,
        "cost_distance_total_intern_reflection": 14059.56640625
    }
}