{
    "components non weights": {
        "cost_dispersion": 1.0,
        "cost_distance_glasses": 1.0,
        "cost_deviation": 1,
        "cost_distorsion": 1.0,
        "cost_thickness": 1.0,
        "cost_beam_compression": 1.0,
        "cost_non_linearity": 1.0,
        "cost_distance_total_intern_reflection": 1.0
    },
    "components with weights": {
        "cost_dispersion": 27.89031219482422,
        "cost_distance_glasses": 1522825.1251026774,
        "cost_deviation": 1262.7113037109375,
        "cost_distorsion": 36.869930267333984,
        "cost_thickness": 4157.89501953125,
        "cost_beam_compression": 2.43353009223938,
        "cost_non_linearity": 979.1199951171875,
        "cost_distance_total_intern_reflection": 14276.3154296875
    },
    "weighted components": {
        "cost_dispersion": 27.89031219482422,
        "cost_distance_glasses": 1522825.1251026774,
        "cost_deviation": 1262.7113037109375,
        "cost_distorsion": 36.869930267333984,
        "cost_thickness": 4157.89501953125,
        "cost_beam_compression": 2.43353009223938,
        "cost_non_linearity": 979.1199951171875,
        "cost_distance_total_intern_reflection": 14276.3154296875
    }
}{
    "components non weights": {
        "cost_dispersion": 1.0,
        "cost_distance_glasses": 1.0,
        "cost_deviation": 1,
        "cost_distorsion": 1.0,
        "cost_thickness": 1.0,
        "cost_beam_compression": 1.0,
        "cost_non_linearity": 1.0,
        "cost_distance_total_intern_reflection": 1.0
    },
    "components with weights": {
        "cost_dispersion": 27.89031219482422,
        "cost_distance_glasses": 1522825.1251026774,
        "cost_deviation": 1262.7113037109375,
        "cost_distorsion": 36.869930267333984,
        "cost_thickness": 4157.89501953125,
        "cost_beam_compression": 2.43353009223938,
        "cost_non_linearity": 979.1199951171875,
        "cost_distance_total_intern_reflection": 14276.3154296875
    },
    "weighted components": {
        "cost_dispersion": 27.89031219482422,
        "cost_distance_glasses": 1522825.1251026774,
        "cost_deviation": 1262.7113037109375,
        "cost_distorsion": 36.869930267333984,
        "cost_thickness": 4157.89501953125,
        "cost_beam_compression": 2.43353009223938,
        "cost_non_linearity": 979.1199951171875,
        "cost_distance_total_intern_reflection": 14276.3154296875
    }
}