{
    "components non weights": {
        "cost_dispersion": 1.0,
        "cost_distance_glasses": 1.0,
        "cost_deviation": 1,
        "cost_distorsion": 1.0,
        "cost_thickness": 1.0,
        "cost_beam_compression": 1.0,
        "cost_non_linearity": 1.0,
        "cost_distance_total_intern_reflection": 1.0
    },
    "components with weights": {
        "cost_dispersion": 231.48033142089844,
        "cost_distance_glasses": 1865.9285828334437,
        "cost_deviation": 43.662635803222656,
        "cost_distorsion": 20.17830467224121,
        "cost_thickness": 4045.87646484375,
        "cost_beam_compression": 2.3182148933410645,
        "cost_non_linearity": 939.7727661132812,
        "cost_distance_total_intern_reflection": 14019.6103515625
    },
    "weighted components": {
        "cost_dispersion": 231.48033142089844,
        "cost_distance_glasses": 1865.9285828334437,
        "cost_deviation": 43.662635803222656,
        "cost_distorsion": 20.17830467224121,
        "cost_thickness": 4045.87646484375,
        "cost_beam_compression": 2.3182148933410645,
        "cost_non_linearity": 939.7727661132812,
        "cost_distance_total_intern_reflection": 14019.6103515625
    }
}{
    "components non weights": {
        "cost_dispersion": 1.0,
        "cost_distance_glasses": 1.0,
        "cost_deviation": 1,
        "cost_distorsion": 1.0,
        "cost_thickness": 1.0,
        "cost_beam_compression": 1.0,
        "cost_non_linearity": 1.0,
        "cost_distance_total_intern_reflection": 1.0
    },
    "components with weights": {
        "cost_dispersion": 231.48033142089844,
        "cost_distance_glasses": 1865.9285828334437,
        "cost_deviation": 43.662635803222656,
        "cost_distorsion": 20.17830467224121,
        "cost_thickness": 4045.87646484375,
        "cost_beam_compression": 2.3182148933410645,
        "cost_non_linearity": 939.7727661132812,
        "cost_distance_total_intern_reflection": 14019.6103515625
    },
    "weighted components": {
        "cost_dispersion": 231.48033142089844,
        "cost_distance_glasses": 1865.9285828334437,
        "cost_deviation": 43.662635803222656,
        "cost_distorsion": 20.17830467224121,
        "cost_thickness": 4045.87646484375,
        "cost_beam_compression": 2.3182148933410645,
        "cost_non_linearity": 939.7727661132812,
        "cost_distance_total_intern_reflection": 14019.6103515625
    }
}