{
    "components non weights": {
        "cost_dispersion": 1.0,
        "cost_distance_glasses": 1.0,
        "cost_deviation": 1,
        "cost_distorsion": 1.0,
        "cost_thickness": 1.0,
        "cost_beam_compression": 1.0,
        "cost_non_linearity": 1.0,
        "cost_distance_total_intern_reflection": 1.0
    },
    "components with weights": {
        "cost_dispersion": 32.08852005004883,
        "cost_distance_glasses": 836.6540157769568,
        "cost_deviation": 4.165729999542236,
        "cost_distorsion": 21.470922470092773,
        "cost_thickness": 3765.47802734375,
        "cost_beam_compression": 2.1523423194885254,
        "cost_non_linearity": 957.9348754882812,
        "cost_distance_total_intern_reflection": 13607.7138671875
    },
    "weighted components": {
        "cost_dispersion": 32.08852005004883,
        "cost_distance_glasses": 836.6540157769568,
        "cost_deviation": 4.165729999542236,
        "cost_distorsion": 21.470922470092773,
        "cost_thickness": 3765.47802734375,
        "cost_beam_compression": 2.1523423194885254,
        "cost_non_linearity": 957.9348754882812,
        "cost_distance_total_intern_reflection": 13607.7138671875
    }
}{
    "components non weights": {
        "cost_dispersion": 1.0,
        "cost_distance_glasses": 1.0,
        "cost_deviation": 1,
        "cost_distorsion": 1.0,
        "cost_thickness": 1.0,
        "cost_beam_compression": 1.0,
        "cost_non_linearity": 1.0,
        "cost_distance_total_intern_reflection": 1.0
    },
    "components with weights": {
        "cost_dispersion": 32.08852005004883,
        "cost_distance_glasses": 836.6540157769568,
        "cost_deviation": 4.165729999542236,
        "cost_distorsion": 21.470922470092773,
        "cost_thickness": 3765.47802734375,
        "cost_beam_compression": 2.1523423194885254,
        "cost_non_linearity": 957.9348754882812,
        "cost_distance_total_intern_reflection": 13607.7138671875
    },
    "weighted components": {
        "cost_dispersion": 32.08852005004883,
        "cost_distance_glasses": 836.6540157769568,
        "cost_deviation": 4.165729999542236,
        "cost_distorsion": 21.470922470092773,
        "cost_thickness": 3765.47802734375,
        "cost_beam_compression": 2.1523423194885254,
        "cost_non_linearity": 957.9348754882812,
        "cost_distance_total_intern_reflection": 13607.7138671875
    }
}