{
    "components non weights": {
        "cost_dispersion": 1.0,
        "cost_distance_glasses": 1.0,
        "cost_deviation": 1,
        "cost_distorsion": 1.0,
        "cost_thickness": 1.0,
        "cost_beam_compression": 1.0,
        "cost_non_linearity": 1.0,
        "cost_distance_total_intern_reflection": 1.0
    },
    "components with weights": {
        "cost_dispersion": 695.9948120117188,
        "cost_distance_glasses": 2654.0489247391083,
        "cost_deviation": 1462.1915283203125,
        "cost_distorsion": 10.814776420593262,
        "cost_thickness": 3809.657958984375,
        "cost_beam_compression": 2.1977596282958984,
        "cost_non_linearity": 918.2887573242188,
        "cost_distance_total_intern_reflection": 14019.306640625
    },
    "weighted components": {
        "cost_dispersion": 695.9948120117188,
        "cost_distance_glasses": 2654.0489247391083,
        "cost_deviation": 1462.1915283203125,
        "cost_distorsion": 10.814776420593262,
        "cost_thickness": 3809.657958984375,
        "cost_beam_compression": 2.1977596282958984,
        "cost_non_linearity": 918.2887573242188,
        "cost_distance_total_intern_reflection": 14019.306640625
    }
}{
    "components non weights": {
        "cost_dispersion": 1.0,
        "cost_distance_glasses": 1.0,
        "cost_deviation": 1,
        "cost_distorsion": 1.0,
        "cost_thickness": 1.0,
        "cost_beam_compression": 1.0,
        "cost_non_linearity": 1.0,
        "cost_distance_total_intern_reflection": 1.0
    },
    "components with weights": {
        "cost_dispersion": 695.9948120117188,
        "cost_distance_glasses": 2654.0489247391083,
        "cost_deviation": 1462.1915283203125,
        "cost_distorsion": 10.814776420593262,
        "cost_thickness": 3809.657958984375,
        "cost_beam_compression": 2.1977596282958984,
        "cost_non_linearity": 918.2887573242188,
        "cost_distance_total_intern_reflection": 14019.306640625
    },
    "weighted components": {
        "cost_dispersion": 695.9948120117188,
        "cost_distance_glasses": 2654.0489247391083,
        "cost_deviation": 1462.1915283203125,
        "cost_distorsion": 10.814776420593262,
        "cost_thickness": 3809.657958984375,
        "cost_beam_compression": 2.1977596282958984,
        "cost_non_linearity": 918.2887573242188,
        "cost_distance_total_intern_reflection": 14019.306640625
    }
}