{
    "components non weights": {
        "cost_dispersion": 1.0,
        "cost_distance_glasses": 1.0,
        "cost_deviation": 1,
        "cost_distorsion": 1.0,
        "cost_thickness": 1.0,
        "cost_beam_compression": 1.0,
        "cost_non_linearity": 1.0,
        "cost_distance_total_intern_reflection": 1.0
    },
    "components with weights": {
        "cost_dispersion": 32.82288360595703,
        "cost_distance_glasses": 714.4928935430079,
        "cost_deviation": 6.122347831726074,
        "cost_distorsion": 21.37723159790039,
        "cost_thickness": 3732.07568359375,
        "cost_beam_compression": 2.1329987049102783,
        "cost_non_linearity": 957.8672485351562,
        "cost_distance_total_intern_reflection": 13556.8427734375
    },
    "weighted components": {
        "cost_dispersion": 32.82288360595703,
        "cost_distance_glasses": 714.4928935430079,
        "cost_deviation": 6.122347831726074,
        "cost_distorsion": 21.37723159790039,
        "cost_thickness": 3732.07568359375,
        "cost_beam_compression": 2.1329987049102783,
        "cost_non_linearity": 957.8672485351562,
        "cost_distance_total_intern_reflection": 13556.8427734375
    }
}{
    "components non weights": {
        "cost_dispersion": 1.0,
        "cost_distance_glasses": 1.0,
        "cost_deviation": 1,
        "cost_distorsion": 1.0,
        "cost_thickness": 1.0,
        "cost_beam_compression": 1.0,
        "cost_non_linearity": 1.0,
        "cost_distance_total_intern_reflection": 1.0
    },
    "components with weights": {
        "cost_dispersion": 32.82288360595703,
        "cost_distance_glasses": 714.4928935430079,
        "cost_deviation": 6.122347831726074,
        "cost_distorsion": 21.37723159790039,
        "cost_thickness": 3732.07568359375,
        "cost_beam_compression": 2.1329987049102783,
        "cost_non_linearity": 957.8672485351562,
        "cost_distance_total_intern_reflection": 13556.8427734375
    },
    "weighted components": {
        "cost_dispersion": 32.82288360595703,
        "cost_distance_glasses": 714.4928935430079,
        "cost_deviation": 6.122347831726074,
        "cost_distorsion": 21.37723159790039,
        "cost_thickness": 3732.07568359375,
        "cost_beam_compression": 2.1329987049102783,
        "cost_non_linearity": 957.8672485351562,
        "cost_distance_total_intern_reflection": 13556.8427734375
    }
}