{
    "components non weights": {
        "cost_dispersion": 1.0,
        "cost_distance_glasses": 1.0,
        "cost_deviation": 1,
        "cost_distorsion": 1.0,
        "cost_thickness": 1.0,
        "cost_beam_compression": 1.0,
        "cost_non_linearity": 1.0,
        "cost_distance_total_intern_reflection": 1.0
    },
    "components with weights": {
        "cost_dispersion": 2936.2587890625,
        "cost_distance_glasses": 8373.583406590902,
        "cost_deviation": 15881.8701171875,
        "cost_distorsion": 377.1319580078125,
        "cost_thickness": 4073.366455078125,
        "cost_beam_compression": 2.2919650077819824,
        "cost_non_linearity": 867.55126953125,
        "cost_distance_total_intern_reflection": 14947.5546875
    },
    "weighted components": {
        "cost_dispersion": 2936.2587890625,
        "cost_distance_glasses": 8373.583406590902,
        "cost_deviation": 15881.8701171875,
        "cost_distorsion": 377.1319580078125,
        "cost_thickness": 4073.366455078125,
        "cost_beam_compression": 2.2919650077819824,
        "cost_non_linearity": 867.55126953125,
        "cost_distance_total_intern_reflection": 14947.5546875
    }
}{
    "components non weights": {
        "cost_dispersion": 1.0,
        "cost_distance_glasses": 1.0,
        "cost_deviation": 1,
        "cost_distorsion": 1.0,
        "cost_thickness": 1.0,
        "cost_beam_compression": 1.0,
        "cost_non_linearity": 1.0,
        "cost_distance_total_intern_reflection": 1.0
    },
    "components with weights": {
        "cost_dispersion": 2936.2587890625,
        "cost_distance_glasses": 8373.583406590902,
        "cost_deviation": 15881.8701171875,
        "cost_distorsion": 377.1319580078125,
        "cost_thickness": 4073.366455078125,
        "cost_beam_compression": 2.2919650077819824,
        "cost_non_linearity": 867.55126953125,
        "cost_distance_total_intern_reflection": 14947.5546875
    },
    "weighted components": {
        "cost_dispersion": 2936.2587890625,
        "cost_distance_glasses": 8373.583406590902,
        "cost_deviation": 15881.8701171875,
        "cost_distorsion": 377.1319580078125,
        "cost_thickness": 4073.366455078125,
        "cost_beam_compression": 2.2919650077819824,
        "cost_non_linearity": 867.55126953125,
        "cost_distance_total_intern_reflection": 14947.5546875
    }
}