{
    "components non weights": {
        "cost_dispersion": 1.0,
        "cost_distance_glasses": 1.0,
        "cost_deviation": 1,
        "cost_distorsion": 1.0,
        "cost_thickness": 1.0,
        "cost_beam_compression": 1.0,
        "cost_non_linearity": 1.0,
        "cost_distance_total_intern_reflection": 1.0
    },
    "components with weights": {
        "cost_dispersion": 108.3218002319336,
        "cost_distance_glasses": 1289.50711096001,
        "cost_deviation": 14.98251724243164,
        "cost_distorsion": 21.84722328186035,
        "cost_thickness": 4134.2822265625,
        "cost_beam_compression": 2.374255657196045,
        "cost_non_linearity": 948.9953002929688,
        "cost_distance_total_intern_reflection": 14155.0869140625
    },
    "weighted components": {
        "cost_dispersion": 108.3218002319336,
        "cost_distance_glasses": 1289.50711096001,
        "cost_deviation": 14.98251724243164,
        "cost_distorsion": 21.84722328186035,
        "cost_thickness": 4134.2822265625,
        "cost_beam_compression": 2.374255657196045,
        "cost_non_linearity": 948.9953002929688,
        "cost_distance_total_intern_reflection": 14155.0869140625
    }
}{
    "components non weights": {
        "cost_dispersion": 1.0,
        "cost_distance_glasses": 1.0,
        "cost_deviation": 1,
        "cost_distorsion": 1.0,
        "cost_thickness": 1.0,
        "cost_beam_compression": 1.0,
        "cost_non_linearity": 1.0,
        "cost_distance_total_intern_reflection": 1.0
    },
    "components with weights": {
        "cost_dispersion": 108.3218002319336,
        "cost_distance_glasses": 1289.50711096001,
        "cost_deviation": 14.98251724243164,
        "cost_distorsion": 21.84722328186035,
        "cost_thickness": 4134.2822265625,
        "cost_beam_compression": 2.374255657196045,
        "cost_non_linearity": 948.9953002929688,
        "cost_distance_total_intern_reflection": 14155.0869140625
    },
    "weighted components": {
        "cost_dispersion": 108.3218002319336,
        "cost_distance_glasses": 1289.50711096001,
        "cost_deviation": 14.98251724243164,
        "cost_distorsion": 21.84722328186035,
        "cost_thickness": 4134.2822265625,
        "cost_beam_compression": 2.374255657196045,
        "cost_non_linearity": 948.9953002929688,
        "cost_distance_total_intern_reflection": 14155.0869140625
    }
}