{
    "components non weights": {
        "cost_dispersion": 1.0,
        "cost_distance_glasses": 1.0,
        "cost_deviation": 1,
        "cost_distorsion": 1.0,
        "cost_thickness": 1.0,
        "cost_beam_compression": 1.0,
        "cost_non_linearity": 1.0,
        "cost_distance_total_intern_reflection": 1.0
    },
    "components with weights": {
        "cost_dispersion": 31.83180046081543,
        "cost_distance_glasses": 718.6366306703753,
        "cost_deviation": 7.204640865325928,
        "cost_distorsion": 21.224857330322266,
        "cost_thickness": 3732.597412109375,
        "cost_beam_compression": 2.133450984954834,
        "cost_non_linearity": 958.0380859375,
        "cost_distance_total_intern_reflection": 13562.7353515625
    },
    "weighted components": {
        "cost_dispersion": 31.83180046081543,
        "cost_distance_glasses": 718.6366306703753,
        "cost_deviation": 7.204640865325928,
        "cost_distorsion": 21.224857330322266,
        "cost_thickness": 3732.597412109375,
        "cost_beam_compression": 2.133450984954834,
        "cost_non_linearity": 958.0380859375,
        "cost_distance_total_intern_reflection": 13562.7353515625
    }
}{
    "components non weights": {
        "cost_dispersion": 1.0,
        "cost_distance_glasses": 1.0,
        "cost_deviation": 1,
        "cost_distorsion": 1.0,
        "cost_thickness": 1.0,
        "cost_beam_compression": 1.0,
        "cost_non_linearity": 1.0,
        "cost_distance_total_intern_reflection": 1.0
    },
    "components with weights": {
        "cost_dispersion": 31.83180046081543,
        "cost_distance_glasses": 718.6366306703753,
        "cost_deviation": 7.204640865325928,
        "cost_distorsion": 21.224857330322266,
        "cost_thickness": 3732.597412109375,
        "cost_beam_compression": 2.133450984954834,
        "cost_non_linearity": 958.0380859375,
        "cost_distance_total_intern_reflection": 13562.7353515625
    },
    "weighted components": {
        "cost_dispersion": 31.83180046081543,
        "cost_distance_glasses": 718.6366306703753,
        "cost_deviation": 7.204640865325928,
        "cost_distorsion": 21.224857330322266,
        "cost_thickness": 3732.597412109375,
        "cost_beam_compression": 2.133450984954834,
        "cost_non_linearity": 958.0380859375,
        "cost_distance_total_intern_reflection": 13562.7353515625
    }
}