{
    "components non weights": {
        "cost_dispersion": 1.0,
        "cost_distance_glasses": 1.0,
        "cost_deviation": 1,
        "cost_distorsion": 1.0,
        "cost_thickness": 1.0,
        "cost_beam_compression": 1.0,
        "cost_non_linearity": 1.0,
        "cost_distance_total_intern_reflection": 1.0
    },
    "components with weights": {
        "cost_dispersion": 10.05382251739502,
        "cost_distance_glasses": 2594.6948497025933,
        "cost_deviation": 32.23729705810547,
        "cost_distorsion": 17.6959228515625,
        "cost_thickness": 3858.580078125,
        "cost_beam_compression": 2.209063768386841,
        "cost_non_linearity": 962.6596069335938,
        "cost_distance_total_intern_reflection": 13830.9111328125
    },
    "weighted components": {
        "cost_dispersion": 10.05382251739502,
        "cost_distance_glasses": 2594.6948497025933,
        "cost_deviation": 32.23729705810547,
        "cost_distorsion": 17.6959228515625,
        "cost_thickness": 3858.580078125,
        "cost_beam_compression": 2.209063768386841,
        "cost_non_linearity": 962.6596069335938,
        "cost_distance_total_intern_reflection": 13830.9111328125
    }
}{
    "components non weights": {
        "cost_dispersion": 1.0,
        "cost_distance_glasses": 1.0,
        "cost_deviation": 1,
        "cost_distorsion": 1.0,
        "cost_thickness": 1.0,
        "cost_beam_compression": 1.0,
        "cost_non_linearity": 1.0,
        "cost_distance_total_intern_reflection": 1.0
    },
    "components with weights": {
        "cost_dispersion": 10.05382251739502,
        "cost_distance_glasses": 2594.6948497025933,
        "cost_deviation": 32.23729705810547,
        "cost_distorsion": 17.6959228515625,
        "cost_thickness": 3858.580078125,
        "cost_beam_compression": 2.209063768386841,
        "cost_non_linearity": 962.6596069335938,
        "cost_distance_total_intern_reflection": 13830.9111328125
    },
    "weighted components": {
        "cost_dispersion": 10.05382251739502,
        "cost_distance_glasses": 2594.6948497025933,
        "cost_deviation": 32.23729705810547,
        "cost_distorsion": 17.6959228515625,
        "cost_thickness": 3858.580078125,
        "cost_beam_compression": 2.209063768386841,
        "cost_non_linearity": 962.6596069335938,
        "cost_distance_total_intern_reflection": 13830.9111328125
    }
}