{
    "components non weights": {
        "cost_dispersion": 1.0,
        "cost_distance_glasses": 1.0,
        "cost_deviation": 1,
        "cost_distorsion": 1.0,
        "cost_thickness": 1.0,
        "cost_beam_compression": 1.0,
        "cost_non_linearity": 1.0,
        "cost_distance_total_intern_reflection": 1.0
    },
    "components with weights": {
        "cost_dispersion": 36.29356384277344,
        "cost_distance_glasses": 769.5252810500751,
        "cost_deviation": 3.365870714187622,
        "cost_distorsion": 21.973554611206055,
        "cost_thickness": 3733.57763671875,
        "cost_beam_compression": 2.13323712348938,
        "cost_non_linearity": 957.1891479492188,
        "cost_distance_total_intern_reflection": 13545.4609375
    },
    "weighted components": {
        "cost_dispersion": 36.29356384277344,
        "cost_distance_glasses": 769.5252810500751,
        "cost_deviation": 3.365870714187622,
        "cost_distorsion": 21.973554611206055,
        "cost_thickness": 3733.57763671875,
        "cost_beam_compression": 2.13323712348938,
        "cost_non_linearity": 957.1891479492188,
        "cost_distance_total_intern_reflection": 13545.4609375
    }
}{
    "components non weights": {
        "cost_dispersion": 1.0,
        "cost_distance_glasses": 1.0,
        "cost_deviation": 1,
        "cost_distorsion": 1.0,
        "cost_thickness": 1.0,
        "cost_beam_compression": 1.0,
        "cost_non_linearity": 1.0,
        "cost_distance_total_intern_reflection": 1.0
    },
    "components with weights": {
        "cost_dispersion": 36.29356384277344,
        "cost_distance_glasses": 769.5252810500751,
        "cost_deviation": 3.365870714187622,
        "cost_distorsion": 21.973554611206055,
        "cost_thickness": 3733.57763671875,
        "cost_beam_compression": 2.13323712348938,
        "cost_non_linearity": 957.1891479492188,
        "cost_distance_total_intern_reflection": 13545.4609375
    },
    "weighted components": {
        "cost_dispersion": 36.29356384277344,
        "cost_distance_glasses": 769.5252810500751,
        "cost_deviation": 3.365870714187622,
        "cost_distorsion": 21.973554611206055,
        "cost_thickness": 3733.57763671875,
        "cost_beam_compression": 2.13323712348938,
        "cost_non_linearity": 957.1891479492188,
        "cost_distance_total_intern_reflection": 13545.4609375
    }
}