{
    "components non weights": {
        "cost_dispersion": 1.0,
        "cost_distance_glasses": 1.0,
        "cost_deviation": 1,
        "cost_distorsion": 1.0,
        "cost_thickness": 1.0,
        "cost_beam_compression": 1.0,
        "cost_non_linearity": 1.0,
        "cost_distance_total_intern_reflection": 1.0
    },
    "components with weights": {
        "cost_dispersion": 22.01158332824707,
        "cost_distance_glasses": 820.5067234979609,
        "cost_deviation": 17.30772590637207,
        "cost_distorsion": 19.241418838500977,
        "cost_thickness": 3757.97509765625,
        "cost_beam_compression": 2.1495330333709717,
        "cost_non_linearity": 959.7456665039062,
        "cost_distance_total_intern_reflection": 13640.7861328125
    },
    "weighted components": {
        "cost_dispersion": 22.01158332824707,
        "cost_distance_glasses": 820.5067234979609,
        "cost_deviation": 17.30772590637207,
        "cost_distorsion": 19.241418838500977,
        "cost_thickness": 3757.97509765625,
        "cost_beam_compression": 2.1495330333709717,
        "cost_non_linearity": 959.7456665039062,
        "cost_distance_total_intern_reflection": 13640.7861328125
    }
}{
    "components non weights": {
        "cost_dispersion": 1.0,
        "cost_distance_glasses": 1.0,
        "cost_deviation": 1,
        "cost_distorsion": 1.0,
        "cost_thickness": 1.0,
        "cost_beam_compression": 1.0,
        "cost_non_linearity": 1.0,
        "cost_distance_total_intern_reflection": 1.0
    },
    "components with weights": {
        "cost_dispersion": 22.01158332824707,
        "cost_distance_glasses": 820.5067234979609,
        "cost_deviation": 17.30772590637207,
        "cost_distorsion": 19.241418838500977,
        "cost_thickness": 3757.97509765625,
        "cost_beam_compression": 2.1495330333709717,
        "cost_non_linearity": 959.7456665039062,
        "cost_distance_total_intern_reflection": 13640.7861328125
    },
    "weighted components": {
        "cost_dispersion": 22.01158332824707,
        "cost_distance_glasses": 820.5067234979609,
        "cost_deviation": 17.30772590637207,
        "cost_distorsion": 19.241418838500977,
        "cost_thickness": 3757.97509765625,
        "cost_beam_compression": 2.1495330333709717,
        "cost_non_linearity": 959.7456665039062,
        "cost_distance_total_intern_reflection": 13640.7861328125
    }
}