{
    "components non weights": {
        "cost_dispersion": 1.0,
        "cost_distance_glasses": 1.0,
        "cost_deviation": 1,
        "cost_distorsion": 1.0,
        "cost_thickness": 1.0,
        "cost_beam_compression": 1.0,
        "cost_non_linearity": 1.0,
        "cost_distance_total_intern_reflection": 1.0
    },
    "components with weights": {
        "cost_dispersion": 32.990943908691406,
        "cost_distance_glasses": 1027.7379556850085,
        "cost_deviation": 1.5167917013168335,
        "cost_distorsion": 23.13433837890625,
        "cost_thickness": 3796.028076171875,
        "cost_beam_compression": 2.1695523262023926,
        "cost_non_linearity": 957.904541015625,
        "cost_distance_total_intern_reflection": 13648.3427734375
    },
    "weighted components": {
        "cost_dispersion": 32.990943908691406,
        "cost_distance_glasses": 1027.7379556850085,
        "cost_deviation": 1.5167917013168335,
        "cost_distorsion": 23.13433837890625,
        "cost_thickness": 3796.028076171875,
        "cost_beam_compression": 2.1695523262023926,
        "cost_non_linearity": 957.904541015625,
        "cost_distance_total_intern_reflection": 13648.3427734375
    }
}{
    "components non weights": {
        "cost_dispersion": 1.0,
        "cost_distance_glasses": 1.0,
        "cost_deviation": 1,
        "cost_distorsion": 1.0,
        "cost_thickness": 1.0,
        "cost_beam_compression": 1.0,
        "cost_non_linearity": 1.0,
        "cost_distance_total_intern_reflection": 1.0
    },
    "components with weights": {
        "cost_dispersion": 32.990943908691406,
        "cost_distance_glasses": 1027.7379556850085,
        "cost_deviation": 1.5167917013168335,
        "cost_distorsion": 23.13433837890625,
        "cost_thickness": 3796.028076171875,
        "cost_beam_compression": 2.1695523262023926,
        "cost_non_linearity": 957.904541015625,
        "cost_distance_total_intern_reflection": 13648.3427734375
    },
    "weighted components": {
        "cost_dispersion": 32.990943908691406,
        "cost_distance_glasses": 1027.7379556850085,
        "cost_deviation": 1.5167917013168335,
        "cost_distorsion": 23.13433837890625,
        "cost_thickness": 3796.028076171875,
        "cost_beam_compression": 2.1695523262023926,
        "cost_non_linearity": 957.904541015625,
        "cost_distance_total_intern_reflection": 13648.3427734375
    }
}