{
    "components non weights": {
        "cost_dispersion": 1.0,
        "cost_distance_glasses": 1.0,
        "cost_deviation": 1,
        "cost_distorsion": 1.0,
        "cost_thickness": 1.0,
        "cost_beam_compression": 1.0,
        "cost_non_linearity": 1.0,
        "cost_distance_total_intern_reflection": 1.0
    },
    "components with weights": {
        "cost_dispersion": 36.44226837158203,
        "cost_distance_glasses": 767.6097737545359,
        "cost_deviation": 3.370793342590332,
        "cost_distorsion": 22.129962921142578,
        "cost_thickness": 3733.583984375,
        "cost_beam_compression": 2.133237838745117,
        "cost_non_linearity": 957.2208251953125,
        "cost_distance_total_intern_reflection": 13545.3173828125
    },
    "weighted components": {
        "cost_dispersion": 36.44226837158203,
        "cost_distance_glasses": 767.6097737545359,
        "cost_deviation": 3.370793342590332,
        "cost_distorsion": 22.129962921142578,
        "cost_thickness": 3733.583984375,
        "cost_beam_compression": 2.133237838745117,
        "cost_non_linearity": 957.2208251953125,
        "cost_distance_total_intern_reflection": 13545.3173828125
    }
}{
    "components non weights": {
        "cost_dispersion": 1.0,
        "cost_distance_glasses": 1.0,
        "cost_deviation": 1,
        "cost_distorsion": 1.0,
        "cost_thickness": 1.0,
        "cost_beam_compression": 1.0,
        "cost_non_linearity": 1.0,
        "cost_distance_total_intern_reflection": 1.0
    },
    "components with weights": {
        "cost_dispersion": 36.44226837158203,
        "cost_distance_glasses": 767.6097737545359,
        "cost_deviation": 3.370793342590332,
        "cost_distorsion": 22.129962921142578,
        "cost_thickness": 3733.583984375,
        "cost_beam_compression": 2.133237838745117,
        "cost_non_linearity": 957.2208251953125,
        "cost_distance_total_intern_reflection": 13545.3173828125
    },
    "weighted components": {
        "cost_dispersion": 36.44226837158203,
        "cost_distance_glasses": 767.6097737545359,
        "cost_deviation": 3.370793342590332,
        "cost_distorsion": 22.129962921142578,
        "cost_thickness": 3733.583984375,
        "cost_beam_compression": 2.133237838745117,
        "cost_non_linearity": 957.2208251953125,
        "cost_distance_total_intern_reflection": 13545.3173828125
    }
}