{
    "components non weights": {
        "cost_dispersion": 1.0,
        "cost_distance_glasses": 1.0,
        "cost_deviation": 1,
        "cost_distorsion": 1.0,
        "cost_thickness": 1.0,
        "cost_beam_compression": 1.0,
        "cost_non_linearity": 1.0,
        "cost_distance_total_intern_reflection": 1.0
    },
    "components with weights": {
        "cost_dispersion": 29.40467071533203,
        "cost_distance_glasses": 1037.1716857293163,
        "cost_deviation": 3.6022555828094482,
        "cost_distorsion": 21.610702514648438,
        "cost_thickness": 3797.030517578125,
        "cost_beam_compression": 2.1706409454345703,
        "cost_non_linearity": 958.4492797851562,
        "cost_distance_total_intern_reflection": 13651.53515625
    },
    "weighted components": {
        "cost_dispersion": 29.40467071533203,
        "cost_distance_glasses": 1037.1716857293163,
        "cost_deviation": 3.6022555828094482,
        "cost_distorsion": 21.610702514648438,
        "cost_thickness": 3797.030517578125,
        "cost_beam_compression": 2.1706409454345703,
        "cost_non_linearity": 958.4492797851562,
        "cost_distance_total_intern_reflection": 13651.53515625
    }
}{
    "components non weights": {
        "cost_dispersion": 1.0,
        "cost_distance_glasses": 1.0,
        "cost_deviation": 1,
        "cost_distorsion": 1.0,
        "cost_thickness": 1.0,
        "cost_beam_compression": 1.0,
        "cost_non_linearity": 1.0,
        "cost_distance_total_intern_reflection": 1.0
    },
    "components with weights": {
        "cost_dispersion": 29.40467071533203,
        "cost_distance_glasses": 1037.1716857293163,
        "cost_deviation": 3.6022555828094482,
        "cost_distorsion": 21.610702514648438,
        "cost_thickness": 3797.030517578125,
        "cost_beam_compression": 2.1706409454345703,
        "cost_non_linearity": 958.4492797851562,
        "cost_distance_total_intern_reflection": 13651.53515625
    },
    "weighted components": {
        "cost_dispersion": 29.40467071533203,
        "cost_distance_glasses": 1037.1716857293163,
        "cost_deviation": 3.6022555828094482,
        "cost_distorsion": 21.610702514648438,
        "cost_thickness": 3797.030517578125,
        "cost_beam_compression": 2.1706409454345703,
        "cost_non_linearity": 958.4492797851562,
        "cost_distance_total_intern_reflection": 13651.53515625
    }
}