{
    "components non weights": {
        "cost_dispersion": 1.0,
        "cost_distance_glasses": 1.0,
        "cost_deviation": 1,
        "cost_distorsion": 1.0,
        "cost_thickness": 1.0,
        "cost_beam_compression": 1.0,
        "cost_non_linearity": 1.0,
        "cost_distance_total_intern_reflection": 1.0
    },
    "components with weights": {
        "cost_dispersion": 31.236801147460938,
        "cost_distance_glasses": 1214.6793179871777,
        "cost_deviation": 1.4857537746429443,
        "cost_distorsion": 21.221345901489258,
        "cost_thickness": 3842.925537109375,
        "cost_beam_compression": 2.1987926959991455,
        "cost_non_linearity": 958.0001220703125,
        "cost_distance_total_intern_reflection": 13737.201171875
    },
    "weighted components": {
        "cost_dispersion": 31.236801147460938,
        "cost_distance_glasses": 1214.6793179871777,
        "cost_deviation": 1.4857537746429443,
        "cost_distorsion": 21.221345901489258,
        "cost_thickness": 3842.925537109375,
        "cost_beam_compression": 2.1987926959991455,
        "cost_non_linearity": 958.0001220703125,
        "cost_distance_total_intern_reflection": 13737.201171875
    }
}{
    "components non weights": {
        "cost_dispersion": 1.0,
        "cost_distance_glasses": 1.0,
        "cost_deviation": 1,
        "cost_distorsion": 1.0,
        "cost_thickness": 1.0,
        "cost_beam_compression": 1.0,
        "cost_non_linearity": 1.0,
        "cost_distance_total_intern_reflection": 1.0
    },
    "components with weights": {
        "cost_dispersion": 31.236801147460938,
        "cost_distance_glasses": 1214.6793179871777,
        "cost_deviation": 1.4857537746429443,
        "cost_distorsion": 21.221345901489258,
        "cost_thickness": 3842.925537109375,
        "cost_beam_compression": 2.1987926959991455,
        "cost_non_linearity": 958.0001220703125,
        "cost_distance_total_intern_reflection": 13737.201171875
    },
    "weighted components": {
        "cost_dispersion": 31.236801147460938,
        "cost_distance_glasses": 1214.6793179871777,
        "cost_deviation": 1.4857537746429443,
        "cost_distorsion": 21.221345901489258,
        "cost_thickness": 3842.925537109375,
        "cost_beam_compression": 2.1987926959991455,
        "cost_non_linearity": 958.0001220703125,
        "cost_distance_total_intern_reflection": 13737.201171875
    }
}