{
    "components non weights": {
        "cost_dispersion": 1.0,
        "cost_distance_glasses": 1.0,
        "cost_deviation": 1,
        "cost_distorsion": 1.0,
        "cost_thickness": 1.0,
        "cost_beam_compression": 1.0,
        "cost_non_linearity": 1.0,
        "cost_distance_total_intern_reflection": 1.0
    },
    "components with weights": {
        "cost_dispersion": 36.152503967285156,
        "cost_distance_glasses": 751.0597734301317,
        "cost_deviation": 3.4766671657562256,
        "cost_distorsion": 22.05752182006836,
        "cost_thickness": 3733.847412109375,
        "cost_beam_compression": 2.1333675384521484,
        "cost_non_linearity": 957.4132690429688,
        "cost_distance_total_intern_reflection": 13545.6494140625
    },
    "weighted components": {
        "cost_dispersion": 36.152503967285156,
        "cost_distance_glasses": 751.0597734301317,
        "cost_deviation": 3.4766671657562256,
        "cost_distorsion": 22.05752182006836,
        "cost_thickness": 3733.847412109375,
        "cost_beam_compression": 2.1333675384521484,
        "cost_non_linearity": 957.4132690429688,
        "cost_distance_total_intern_reflection": 13545.6494140625
    }
}{
    "components non weights": {
        "cost_dispersion": 1.0,
        "cost_distance_glasses": 1.0,
        "cost_deviation": 1,
        "cost_distorsion": 1.0,
        "cost_thickness": 1.0,
        "cost_beam_compression": 1.0,
        "cost_non_linearity": 1.0,
        "cost_distance_total_intern_reflection": 1.0
    },
    "components with weights": {
        "cost_dispersion": 36.152503967285156,
        "cost_distance_glasses": 751.0597734301317,
        "cost_deviation": 3.4766671657562256,
        "cost_distorsion": 22.05752182006836,
        "cost_thickness": 3733.847412109375,
        "cost_beam_compression": 2.1333675384521484,
        "cost_non_linearity": 957.4132690429688,
        "cost_distance_total_intern_reflection": 13545.6494140625
    },
    "weighted components": {
        "cost_dispersion": 36.152503967285156,
        "cost_distance_glasses": 751.0597734301317,
        "cost_deviation": 3.4766671657562256,
        "cost_distorsion": 22.05752182006836,
        "cost_thickness": 3733.847412109375,
        "cost_beam_compression": 2.1333675384521484,
        "cost_non_linearity": 957.4132690429688,
        "cost_distance_total_intern_reflection": 13545.6494140625
    }
}