{
    "components non weights": {
        "cost_dispersion": 1.0,
        "cost_distance_glasses": 1.0,
        "cost_deviation": 1,
        "cost_distorsion": 1.0,
        "cost_thickness": 1.0,
        "cost_beam_compression": 1.0,
        "cost_non_linearity": 1.0,
        "cost_distance_total_intern_reflection": 1.0
    },
    "components with weights": {
        "cost_dispersion": 124.27133178710938,
        "cost_distance_glasses": 1214.3685385886126,
        "cost_deviation": 18.352094650268555,
        "cost_distorsion": 20.713186264038086,
        "cost_thickness": 4121.4296875,
        "cost_beam_compression": 2.3665432929992676,
        "cost_non_linearity": 947.2091674804688,
        "cost_distance_total_intern_reflection": 14137.892578125
    },
    "weighted components": {
        "cost_dispersion": 124.27133178710938,
        "cost_distance_glasses": 1214.3685385886126,
        "cost_deviation": 18.352094650268555,
        "cost_distorsion": 20.713186264038086,
        "cost_thickness": 4121.4296875,
        "cost_beam_compression": 2.3665432929992676,
        "cost_non_linearity": 947.2091674804688,
        "cost_distance_total_intern_reflection": 14137.892578125
    }
}{
    "components non weights": {
        "cost_dispersion": 1.0,
        "cost_distance_glasses": 1.0,
        "cost_deviation": 1,
        "cost_distorsion": 1.0,
        "cost_thickness": 1.0,
        "cost_beam_compression": 1.0,
        "cost_non_linearity": 1.0,
        "cost_distance_total_intern_reflection": 1.0
    },
    "components with weights": {
        "cost_dispersion": 124.27133178710938,
        "cost_distance_glasses": 1214.3685385886126,
        "cost_deviation": 18.352094650268555,
        "cost_distorsion": 20.713186264038086,
        "cost_thickness": 4121.4296875,
        "cost_beam_compression": 2.3665432929992676,
        "cost_non_linearity": 947.2091674804688,
        "cost_distance_total_intern_reflection": 14137.892578125
    },
    "weighted components": {
        "cost_dispersion": 124.27133178710938,
        "cost_distance_glasses": 1214.3685385886126,
        "cost_deviation": 18.352094650268555,
        "cost_distorsion": 20.713186264038086,
        "cost_thickness": 4121.4296875,
        "cost_beam_compression": 2.3665432929992676,
        "cost_non_linearity": 947.2091674804688,
        "cost_distance_total_intern_reflection": 14137.892578125
    }
}