{
    "components non weights": {
        "cost_dispersion": 1.0,
        "cost_distance_glasses": 1.0,
        "cost_deviation": 1,
        "cost_distorsion": 1.0,
        "cost_thickness": 1.0,
        "cost_beam_compression": 1.0,
        "cost_non_linearity": 1.0,
        "cost_distance_total_intern_reflection": 1.0
    },
    "components with weights": {
        "cost_dispersion": 46.710018157958984,
        "cost_distance_glasses": 670.0210132002484,
        "cost_deviation": 0.13273881375789642,
        "cost_distorsion": 23.47916603088379,
        "cost_thickness": 3728.5712890625,
        "cost_beam_compression": 2.1295948028564453,
        "cost_non_linearity": 955.8282470703125,
        "cost_distance_total_intern_reflection": 13557.626953125
    },
    "weighted components": {
        "cost_dispersion": 46.710018157958984,
        "cost_distance_glasses": 670.0210132002484,
        "cost_deviation": 0.13273881375789642,
        "cost_distorsion": 23.47916603088379,
        "cost_thickness": 3728.5712890625,
        "cost_beam_compression": 2.1295948028564453,
        "cost_non_linearity": 955.8282470703125,
        "cost_distance_total_intern_reflection": 13557.626953125
    }
}{
    "components non weights": {
        "cost_dispersion": 1.0,
        "cost_distance_glasses": 1.0,
        "cost_deviation": 1,
        "cost_distorsion": 1.0,
        "cost_thickness": 1.0,
        "cost_beam_compression": 1.0,
        "cost_non_linearity": 1.0,
        "cost_distance_total_intern_reflection": 1.0
    },
    "components with weights": {
        "cost_dispersion": 46.710018157958984,
        "cost_distance_glasses": 670.0210132002484,
        "cost_deviation": 0.13273881375789642,
        "cost_distorsion": 23.47916603088379,
        "cost_thickness": 3728.5712890625,
        "cost_beam_compression": 2.1295948028564453,
        "cost_non_linearity": 955.8282470703125,
        "cost_distance_total_intern_reflection": 13557.626953125
    },
    "weighted components": {
        "cost_dispersion": 46.710018157958984,
        "cost_distance_glasses": 670.0210132002484,
        "cost_deviation": 0.13273881375789642,
        "cost_distorsion": 23.47916603088379,
        "cost_thickness": 3728.5712890625,
        "cost_beam_compression": 2.1295948028564453,
        "cost_non_linearity": 955.8282470703125,
        "cost_distance_total_intern_reflection": 13557.626953125
    }
}