{
    "components non weights": {
        "cost_dispersion": 1.0,
        "cost_distance_glasses": 1.0,
        "cost_deviation": 1,
        "cost_distorsion": 1.0,
        "cost_thickness": 1.0,
        "cost_beam_compression": 1.0,
        "cost_non_linearity": 1.0,
        "cost_distance_total_intern_reflection": 1.0
    },
    "components with weights": {
        "cost_dispersion": 531.1246948242188,
        "cost_distance_glasses": 2355.4127507450416,
        "cost_deviation": 70.4562759399414,
        "cost_distorsion": 20.992515563964844,
        "cost_thickness": 3957.136962890625,
        "cost_beam_compression": 2.263544797897339,
        "cost_non_linearity": 924.8933715820312,
        "cost_distance_total_intern_reflection": 13910.1533203125
    },
    "weighted components": {
        "cost_dispersion": 531.1246948242188,
        "cost_distance_glasses": 2355.4127507450416,
        "cost_deviation": 70.4562759399414,
        "cost_distorsion": 20.992515563964844,
        "cost_thickness": 3957.136962890625,
        "cost_beam_compression": 2.263544797897339,
        "cost_non_linearity": 924.8933715820312,
        "cost_distance_total_intern_reflection": 13910.1533203125
    }
}{
    "components non weights": {
        "cost_dispersion": 1.0,
        "cost_distance_glasses": 1.0,
        "cost_deviation": 1,
        "cost_distorsion": 1.0,
        "cost_thickness": 1.0,
        "cost_beam_compression": 1.0,
        "cost_non_linearity": 1.0,
        "cost_distance_total_intern_reflection": 1.0
    },
    "components with weights": {
        "cost_dispersion": 531.1246948242188,
        "cost_distance_glasses": 2355.4127507450416,
        "cost_deviation": 70.4562759399414,
        "cost_distorsion": 20.992515563964844,
        "cost_thickness": 3957.136962890625,
        "cost_beam_compression": 2.263544797897339,
        "cost_non_linearity": 924.8933715820312,
        "cost_distance_total_intern_reflection": 13910.1533203125
    },
    "weighted components": {
        "cost_dispersion": 531.1246948242188,
        "cost_distance_glasses": 2355.4127507450416,
        "cost_deviation": 70.4562759399414,
        "cost_distorsion": 20.992515563964844,
        "cost_thickness": 3957.136962890625,
        "cost_beam_compression": 2.263544797897339,
        "cost_non_linearity": 924.8933715820312,
        "cost_distance_total_intern_reflection": 13910.1533203125
    }
}