{
    "components non weights": {
        "cost_dispersion": 1.0,
        "cost_distance_glasses": 1.0,
        "cost_deviation": 1,
        "cost_distorsion": 1.0,
        "cost_thickness": 1.0,
        "cost_beam_compression": 1.0,
        "cost_non_linearity": 1.0,
        "cost_distance_total_intern_reflection": 1.0
    },
    "components with weights": {
        "cost_dispersion": 28.37590980529785,
        "cost_distance_glasses": 1277.080332771635,
        "cost_deviation": 1.5440741777420044,
        "cost_distorsion": 22.911453247070312,
        "cost_thickness": 3825.343505859375,
        "cost_beam_compression": 2.186889171600342,
        "cost_non_linearity": 958.6268310546875,
        "cost_distance_total_intern_reflection": 13681.7138671875
    },
    "weighted components": {
        "cost_dispersion": 28.37590980529785,
        "cost_distance_glasses": 1277.080332771635,
        "cost_deviation": 1.5440741777420044,
        "cost_distorsion": 22.911453247070312,
        "cost_thickness": 3825.343505859375,
        "cost_beam_compression": 2.186889171600342,
        "cost_non_linearity": 958.6268310546875,
        "cost_distance_total_intern_reflection": 13681.7138671875
    }
}{
    "components non weights": {
        "cost_dispersion": 1.0,
        "cost_distance_glasses": 1.0,
        "cost_deviation": 1,
        "cost_distorsion": 1.0,
        "cost_thickness": 1.0,
        "cost_beam_compression": 1.0,
        "cost_non_linearity": 1.0,
        "cost_distance_total_intern_reflection": 1.0
    },
    "components with weights": {
        "cost_dispersion": 28.37590980529785,
        "cost_distance_glasses": 1277.080332771635,
        "cost_deviation": 1.5440741777420044,
        "cost_distorsion": 22.911453247070312,
        "cost_thickness": 3825.343505859375,
        "cost_beam_compression": 2.186889171600342,
        "cost_non_linearity": 958.6268310546875,
        "cost_distance_total_intern_reflection": 13681.7138671875
    },
    "weighted components": {
        "cost_dispersion": 28.37590980529785,
        "cost_distance_glasses": 1277.080332771635,
        "cost_deviation": 1.5440741777420044,
        "cost_distorsion": 22.911453247070312,
        "cost_thickness": 3825.343505859375,
        "cost_beam_compression": 2.186889171600342,
        "cost_non_linearity": 958.6268310546875,
        "cost_distance_total_intern_reflection": 13681.7138671875
    }
}