{
    "components non weights": {
        "cost_dispersion": 1.0,
        "cost_distance_glasses": 1.0,
        "cost_deviation": 1,
        "cost_distorsion": 1.0,
        "cost_thickness": 1.0,
        "cost_beam_compression": 1.0,
        "cost_non_linearity": 1.0,
        "cost_distance_total_intern_reflection": 1.0
    },
    "components with weights": {
        "cost_dispersion": 166.6910400390625,
        "cost_distance_glasses": 1640.520516009343,
        "cost_deviation": 26.963176727294922,
        "cost_distorsion": 20.82840347290039,
        "cost_thickness": 4083.780029296875,
        "cost_beam_compression": 2.3417181968688965,
        "cost_non_linearity": 944.03076171875,
        "cost_distance_total_intern_reflection": 14069.716796875
    },
    "weighted components": {
        "cost_dispersion": 166.6910400390625,
        "cost_distance_glasses": 1640.520516009343,
        "cost_deviation": 26.963176727294922,
        "cost_distorsion": 20.82840347290039,
        "cost_thickness": 4083.780029296875,
        "cost_beam_compression": 2.3417181968688965,
        "cost_non_linearity": 944.03076171875,
        "cost_distance_total_intern_reflection": 14069.716796875
    }
}{
    "components non weights": {
        "cost_dispersion": 1.0,
        "cost_distance_glasses": 1.0,
        "cost_deviation": 1,
        "cost_distorsion": 1.0,
        "cost_thickness": 1.0,
        "cost_beam_compression": 1.0,
        "cost_non_linearity": 1.0,
        "cost_distance_total_intern_reflection": 1.0
    },
    "components with weights": {
        "cost_dispersion": 166.6910400390625,
        "cost_distance_glasses": 1640.520516009343,
        "cost_deviation": 26.963176727294922,
        "cost_distorsion": 20.82840347290039,
        "cost_thickness": 4083.780029296875,
        "cost_beam_compression": 2.3417181968688965,
        "cost_non_linearity": 944.03076171875,
        "cost_distance_total_intern_reflection": 14069.716796875
    },
    "weighted components": {
        "cost_dispersion": 166.6910400390625,
        "cost_distance_glasses": 1640.520516009343,
        "cost_deviation": 26.963176727294922,
        "cost_distorsion": 20.82840347290039,
        "cost_thickness": 4083.780029296875,
        "cost_beam_compression": 2.3417181968688965,
        "cost_non_linearity": 944.03076171875,
        "cost_distance_total_intern_reflection": 14069.716796875
    }
}