{
    "components non weights": {
        "cost_dispersion": 1.0,
        "cost_distance_glasses": 1.0,
        "cost_deviation": 1,
        "cost_distorsion": 1.0,
        "cost_thickness": 1.0,
        "cost_beam_compression": 1.0,
        "cost_non_linearity": 1.0,
        "cost_distance_total_intern_reflection": 1.0
    },
    "components with weights": {
        "cost_dispersion": 34.858558654785156,
        "cost_distance_glasses": 720.5492485911666,
        "cost_deviation": 4.389457702636719,
        "cost_distorsion": 21.785783767700195,
        "cost_thickness": 3733.28564453125,
        "cost_beam_compression": 2.133382558822632,
        "cost_non_linearity": 957.3873901367188,
        "cost_distance_total_intern_reflection": 13551.07421875
    },
    "weighted components": {
        "cost_dispersion": 34.858558654785156,
        "cost_distance_glasses": 720.5492485911666,
        "cost_deviation": 4.389457702636719,
        "cost_distorsion": 21.785783767700195,
        "cost_thickness": 3733.28564453125,
        "cost_beam_compression": 2.133382558822632,
        "cost_non_linearity": 957.3873901367188,
        "cost_distance_total_intern_reflection": 13551.07421875
    }
}{
    "components non weights": {
        "cost_dispersion": 1.0,
        "cost_distance_glasses": 1.0,
        "cost_deviation": 1,
        "cost_distorsion": 1.0,
        "cost_thickness": 1.0,
        "cost_beam_compression": 1.0,
        "cost_non_linearity": 1.0,
        "cost_distance_total_intern_reflection": 1.0
    },
    "components with weights": {
        "cost_dispersion": 34.858558654785156,
        "cost_distance_glasses": 720.5492485911666,
        "cost_deviation": 4.389457702636719,
        "cost_distorsion": 21.785783767700195,
        "cost_thickness": 3733.28564453125,
        "cost_beam_compression": 2.133382558822632,
        "cost_non_linearity": 957.3873901367188,
        "cost_distance_total_intern_reflection": 13551.07421875
    },
    "weighted components": {
        "cost_dispersion": 34.858558654785156,
        "cost_distance_glasses": 720.5492485911666,
        "cost_deviation": 4.389457702636719,
        "cost_distorsion": 21.785783767700195,
        "cost_thickness": 3733.28564453125,
        "cost_beam_compression": 2.133382558822632,
        "cost_non_linearity": 957.3873901367188,
        "cost_distance_total_intern_reflection": 13551.07421875
    }
}