{
    "components non weights": {
        "cost_dispersion": 1.0,
        "cost_distance_glasses": 1.0,
        "cost_deviation": 1,
        "cost_distorsion": 1.0,
        "cost_thickness": 1.0,
        "cost_beam_compression": 1.0,
        "cost_non_linearity": 1.0,
        "cost_distance_total_intern_reflection": 1.0
    },
    "components with weights": {
        "cost_dispersion": 20.879945755004883,
        "cost_distance_glasses": 796.0760323579418,
        "cost_deviation": 21.512300491333008,
        "cost_distorsion": 19.159513473510742,
        "cost_thickness": 3746.423828125,
        "cost_beam_compression": 2.142948627471924,
        "cost_non_linearity": 959.9381103515625,
        "cost_distance_total_intern_reflection": 13623.857421875
    },
    "weighted components": {
        "cost_dispersion": 20.879945755004883,
        "cost_distance_glasses": 796.0760323579418,
        "cost_deviation": 21.512300491333008,
        "cost_distorsion": 19.159513473510742,
        "cost_thickness": 3746.423828125,
        "cost_beam_compression": 2.142948627471924,
        "cost_non_linearity": 959.9381103515625,
        "cost_distance_total_intern_reflection": 13623.857421875
    }
}{
    "components non weights": {
        "cost_dispersion": 1.0,
        "cost_distance_glasses": 1.0,
        "cost_deviation": 1,
        "cost_distorsion": 1.0,
        "cost_thickness": 1.0,
        "cost_beam_compression": 1.0,
        "cost_non_linearity": 1.0,
        "cost_distance_total_intern_reflection": 1.0
    },
    "components with weights": {
        "cost_dispersion": 20.879945755004883,
        "cost_distance_glasses": 796.0760323579418,
        "cost_deviation": 21.512300491333008,
        "cost_distorsion": 19.159513473510742,
        "cost_thickness": 3746.423828125,
        "cost_beam_compression": 2.142948627471924,
        "cost_non_linearity": 959.9381103515625,
        "cost_distance_total_intern_reflection": 13623.857421875
    },
    "weighted components": {
        "cost_dispersion": 20.879945755004883,
        "cost_distance_glasses": 796.0760323579418,
        "cost_deviation": 21.512300491333008,
        "cost_distorsion": 19.159513473510742,
        "cost_thickness": 3746.423828125,
        "cost_beam_compression": 2.142948627471924,
        "cost_non_linearity": 959.9381103515625,
        "cost_distance_total_intern_reflection": 13623.857421875
    }
}