{
    "components non weights": {
        "cost_dispersion": 1.0,
        "cost_distance_glasses": 1.0,
        "cost_deviation": 1,
        "cost_distorsion": 1.0,
        "cost_thickness": 1.0,
        "cost_beam_compression": 1.0,
        "cost_non_linearity": 1.0,
        "cost_distance_total_intern_reflection": 1.0
    },
    "components with weights": {
        "cost_dispersion": 31.495908737182617,
        "cost_distance_glasses": 1010.304213424048,
        "cost_deviation": 2.5755598545074463,
        "cost_distorsion": 22.42511749267578,
        "cost_thickness": 3790.865234375,
        "cost_beam_compression": 2.166869640350342,
        "cost_non_linearity": 958.1655883789062,
        "cost_distance_total_intern_reflection": 13627.431640625
    },
    "weighted components": {
        "cost_dispersion": 31.495908737182617,
        "cost_distance_glasses": 1010.304213424048,
        "cost_deviation": 2.5755598545074463,
        "cost_distorsion": 22.42511749267578,
        "cost_thickness": 3790.865234375,
        "cost_beam_compression": 2.166869640350342,
        "cost_non_linearity": 958.1655883789062,
        "cost_distance_total_intern_reflection": 13627.431640625
    }
}{
    "components non weights": {
        "cost_dispersion": 1.0,
        "cost_distance_glasses": 1.0,
        "cost_deviation": 1,
        "cost_distorsion": 1.0,
        "cost_thickness": 1.0,
        "cost_beam_compression": 1.0,
        "cost_non_linearity": 1.0,
        "cost_distance_total_intern_reflection": 1.0
    },
    "components with weights": {
        "cost_dispersion": 31.495908737182617,
        "cost_distance_glasses": 1010.304213424048,
        "cost_deviation": 2.5755598545074463,
        "cost_distorsion": 22.42511749267578,
        "cost_thickness": 3790.865234375,
        "cost_beam_compression": 2.166869640350342,
        "cost_non_linearity": 958.1655883789062,
        "cost_distance_total_intern_reflection": 13627.431640625
    },
    "weighted components": {
        "cost_dispersion": 31.495908737182617,
        "cost_distance_glasses": 1010.304213424048,
        "cost_deviation": 2.5755598545074463,
        "cost_distorsion": 22.42511749267578,
        "cost_thickness": 3790.865234375,
        "cost_beam_compression": 2.166869640350342,
        "cost_non_linearity": 958.1655883789062,
        "cost_distance_total_intern_reflection": 13627.431640625
    }
}