{
    "components non weights": {
        "cost_dispersion": 1.0,
        "cost_distance_glasses": 1.0,
        "cost_deviation": 1,
        "cost_distorsion": 1.0,
        "cost_thickness": 1.0,
        "cost_beam_compression": 1.0,
        "cost_non_linearity": 1.0,
        "cost_distance_total_intern_reflection": 1.0
    },
    "components with weights": {
        "cost_dispersion": 136.47499084472656,
        "cost_distance_glasses": 1279.7297664962134,
        "cost_deviation": 18.421106338500977,
        "cost_distorsion": 21.345094680786133,
        "cost_thickness": 4111.66748046875,
        "cost_beam_compression": 2.3604023456573486,
        "cost_non_linearity": 946.2086791992188,
        "cost_distance_total_intern_reflection": 14116.8583984375
    },
    "weighted components": {
        "cost_dispersion": 136.47499084472656,
        "cost_distance_glasses": 1279.7297664962134,
        "cost_deviation": 18.421106338500977,
        "cost_distorsion": 21.345094680786133,
        "cost_thickness": 4111.66748046875,
        "cost_beam_compression": 2.3604023456573486,
        "cost_non_linearity": 946.2086791992188,
        "cost_distance_total_intern_reflection": 14116.8583984375
    }
}{
    "components non weights": {
        "cost_dispersion": 1.0,
        "cost_distance_glasses": 1.0,
        "cost_deviation": 1,
        "cost_distorsion": 1.0,
        "cost_thickness": 1.0,
        "cost_beam_compression": 1.0,
        "cost_non_linearity": 1.0,
        "cost_distance_total_intern_reflection": 1.0
    },
    "components with weights": {
        "cost_dispersion": 136.47499084472656,
        "cost_distance_glasses": 1279.7297664962134,
        "cost_deviation": 18.421106338500977,
        "cost_distorsion": 21.345094680786133,
        "cost_thickness": 4111.66748046875,
        "cost_beam_compression": 2.3604023456573486,
        "cost_non_linearity": 946.2086791992188,
        "cost_distance_total_intern_reflection": 14116.8583984375
    },
    "weighted components": {
        "cost_dispersion": 136.47499084472656,
        "cost_distance_glasses": 1279.7297664962134,
        "cost_deviation": 18.421106338500977,
        "cost_distorsion": 21.345094680786133,
        "cost_thickness": 4111.66748046875,
        "cost_beam_compression": 2.3604023456573486,
        "cost_non_linearity": 946.2086791992188,
        "cost_distance_total_intern_reflection": 14116.8583984375
    }
}