{
    "components non weights": {
        "cost_dispersion": 1.0,
        "cost_distance_glasses": 1.0,
        "cost_deviation": 1,
        "cost_distorsion": 1.0,
        "cost_thickness": 1.0,
        "cost_beam_compression": 1.0,
        "cost_non_linearity": 1.0,
        "cost_distance_total_intern_reflection": 1.0
    },
    "components with weights": {
        "cost_dispersion": 35.34383773803711,
        "cost_distance_glasses": 756.5758956896291,
        "cost_deviation": 3.841987133026123,
        "cost_distorsion": 22.360708236694336,
        "cost_thickness": 3734.5166015625,
        "cost_beam_compression": 2.1338038444519043,
        "cost_non_linearity": 957.6176147460938,
        "cost_distance_total_intern_reflection": 13553.3408203125
    },
    "weighted components": {
        "cost_dispersion": 35.34383773803711,
        "cost_distance_glasses": 756.5758956896291,
        "cost_deviation": 3.841987133026123,
        "cost_distorsion": 22.360708236694336,
        "cost_thickness": 3734.5166015625,
        "cost_beam_compression": 2.1338038444519043,
        "cost_non_linearity": 957.6176147460938,
        "cost_distance_total_intern_reflection": 13553.3408203125
    }
}{
    "components non weights": {
        "cost_dispersion": 1.0,
        "cost_distance_glasses": 1.0,
        "cost_deviation": 1,
        "cost_distorsion": 1.0,
        "cost_thickness": 1.0,
        "cost_beam_compression": 1.0,
        "cost_non_linearity": 1.0,
        "cost_distance_total_intern_reflection": 1.0
    },
    "components with weights": {
        "cost_dispersion": 35.34383773803711,
        "cost_distance_glasses": 756.5758956896291,
        "cost_deviation": 3.841987133026123,
        "cost_distorsion": 22.360708236694336,
        "cost_thickness": 3734.5166015625,
        "cost_beam_compression": 2.1338038444519043,
        "cost_non_linearity": 957.6176147460938,
        "cost_distance_total_intern_reflection": 13553.3408203125
    },
    "weighted components": {
        "cost_dispersion": 35.34383773803711,
        "cost_distance_glasses": 756.5758956896291,
        "cost_deviation": 3.841987133026123,
        "cost_distorsion": 22.360708236694336,
        "cost_thickness": 3734.5166015625,
        "cost_beam_compression": 2.1338038444519043,
        "cost_non_linearity": 957.6176147460938,
        "cost_distance_total_intern_reflection": 13553.3408203125
    }
}