{
    "components non weights": {
        "cost_dispersion": 1.0,
        "cost_distance_glasses": 1.0,
        "cost_deviation": 1,
        "cost_distorsion": 1.0,
        "cost_thickness": 1.0,
        "cost_beam_compression": 1.0,
        "cost_non_linearity": 1.0,
        "cost_distance_total_intern_reflection": 1.0
    },
    "components with weights": {
        "cost_dispersion": 53.984466552734375,
        "cost_distance_glasses": 672.6153911338423,
        "cost_deviation": 0.3703494369983673,
        "cost_distorsion": 23.772293090820312,
        "cost_thickness": 3728.671630859375,
        "cost_beam_compression": 2.1289010047912598,
        "cost_non_linearity": 954.882080078125,
        "cost_distance_total_intern_reflection": 13556.443359375
    },
    "weighted components": {
        "cost_dispersion": 53.984466552734375,
        "cost_distance_glasses": 672.6153911338423,
        "cost_deviation": 0.3703494369983673,
        "cost_distorsion": 23.772293090820312,
        "cost_thickness": 3728.671630859375,
        "cost_beam_compression": 2.1289010047912598,
        "cost_non_linearity": 954.882080078125,
        "cost_distance_total_intern_reflection": 13556.443359375
    }
}{
    "components non weights": {
        "cost_dispersion": 1.0,
        "cost_distance_glasses": 1.0,
        "cost_deviation": 1,
        "cost_distorsion": 1.0,
        "cost_thickness": 1.0,
        "cost_beam_compression": 1.0,
        "cost_non_linearity": 1.0,
        "cost_distance_total_intern_reflection": 1.0
    },
    "components with weights": {
        "cost_dispersion": 53.984466552734375,
        "cost_distance_glasses": 672.6153911338423,
        "cost_deviation": 0.3703494369983673,
        "cost_distorsion": 23.772293090820312,
        "cost_thickness": 3728.671630859375,
        "cost_beam_compression": 2.1289010047912598,
        "cost_non_linearity": 954.882080078125,
        "cost_distance_total_intern_reflection": 13556.443359375
    },
    "weighted components": {
        "cost_dispersion": 53.984466552734375,
        "cost_distance_glasses": 672.6153911338423,
        "cost_deviation": 0.3703494369983673,
        "cost_distorsion": 23.772293090820312,
        "cost_thickness": 3728.671630859375,
        "cost_beam_compression": 2.1289010047912598,
        "cost_non_linearity": 954.882080078125,
        "cost_distance_total_intern_reflection": 13556.443359375
    }
}