{
    "components non weights": {
        "cost_dispersion": 1.0,
        "cost_distance_glasses": 1.0,
        "cost_deviation": 1,
        "cost_distorsion": 1.0,
        "cost_thickness": 1.0,
        "cost_beam_compression": 1.0,
        "cost_non_linearity": 1.0,
        "cost_distance_total_intern_reflection": 1.0
    },
    "components with weights": {
        "cost_dispersion": 89.43544006347656,
        "cost_distance_glasses": 1553.0691332318072,
        "cost_deviation": 172.84352111816406,
        "cost_distorsion": 39.21643829345703,
        "cost_thickness": 3882.104736328125,
        "cost_beam_compression": 2.2196900844573975,
        "cost_non_linearity": 950.8988037109375,
        "cost_distance_total_intern_reflection": 13959.533203125
    },
    "weighted components": {
        "cost_dispersion": 89.43544006347656,
        "cost_distance_glasses": 1553.0691332318072,
        "cost_deviation": 172.84352111816406,
        "cost_distorsion": 39.21643829345703,
        "cost_thickness": 3882.104736328125,
        "cost_beam_compression": 2.2196900844573975,
        "cost_non_linearity": 950.8988037109375,
        "cost_distance_total_intern_reflection": 13959.533203125
    }
}{
    "components non weights": {
        "cost_dispersion": 1.0,
        "cost_distance_glasses": 1.0,
        "cost_deviation": 1,
        "cost_distorsion": 1.0,
        "cost_thickness": 1.0,
        "cost_beam_compression": 1.0,
        "cost_non_linearity": 1.0,
        "cost_distance_total_intern_reflection": 1.0
    },
    "components with weights": {
        "cost_dispersion": 89.43544006347656,
        "cost_distance_glasses": 1553.0691332318072,
        "cost_deviation": 172.84352111816406,
        "cost_distorsion": 39.21643829345703,
        "cost_thickness": 3882.104736328125,
        "cost_beam_compression": 2.2196900844573975,
        "cost_non_linearity": 950.8988037109375,
        "cost_distance_total_intern_reflection": 13959.533203125
    },
    "weighted components": {
        "cost_dispersion": 89.43544006347656,
        "cost_distance_glasses": 1553.0691332318072,
        "cost_deviation": 172.84352111816406,
        "cost_distorsion": 39.21643829345703,
        "cost_thickness": 3882.104736328125,
        "cost_beam_compression": 2.2196900844573975,
        "cost_non_linearity": 950.8988037109375,
        "cost_distance_total_intern_reflection": 13959.533203125
    }
}