{
    "components non weights": {
        "cost_dispersion": 1.0,
        "cost_distance_glasses": 1.0,
        "cost_deviation": 1,
        "cost_distorsion": 1.0,
        "cost_thickness": 1.0,
        "cost_beam_compression": 1.0,
        "cost_non_linearity": 1.0,
        "cost_distance_total_intern_reflection": 1.0
    },
    "components with weights": {
        "cost_dispersion": 40.9759407043457,
        "cost_distance_glasses": 762.3802071826499,
        "cost_deviation": 1.129439353942871,
        "cost_distorsion": 22.507038116455078,
        "cost_thickness": 3735.83544921875,
        "cost_beam_compression": 2.1338796615600586,
        "cost_non_linearity": 956.4086303710938,
        "cost_distance_total_intern_reflection": 13550.4970703125
    },
    "weighted components": {
        "cost_dispersion": 40.9759407043457,
        "cost_distance_glasses": 762.3802071826499,
        "cost_deviation": 1.129439353942871,
        "cost_distorsion": 22.507038116455078,
        "cost_thickness": 3735.83544921875,
        "cost_beam_compression": 2.1338796615600586,
        "cost_non_linearity": 956.4086303710938,
        "cost_distance_total_intern_reflection": 13550.4970703125
    }
}{
    "components non weights": {
        "cost_dispersion": 1.0,
        "cost_distance_glasses": 1.0,
        "cost_deviation": 1,
        "cost_distorsion": 1.0,
        "cost_thickness": 1.0,
        "cost_beam_compression": 1.0,
        "cost_non_linearity": 1.0,
        "cost_distance_total_intern_reflection": 1.0
    },
    "components with weights": {
        "cost_dispersion": 40.9759407043457,
        "cost_distance_glasses": 762.3802071826499,
        "cost_deviation": 1.129439353942871,
        "cost_distorsion": 22.507038116455078,
        "cost_thickness": 3735.83544921875,
        "cost_beam_compression": 2.1338796615600586,
        "cost_non_linearity": 956.4086303710938,
        "cost_distance_total_intern_reflection": 13550.4970703125
    },
    "weighted components": {
        "cost_dispersion": 40.9759407043457,
        "cost_distance_glasses": 762.3802071826499,
        "cost_deviation": 1.129439353942871,
        "cost_distorsion": 22.507038116455078,
        "cost_thickness": 3735.83544921875,
        "cost_beam_compression": 2.1338796615600586,
        "cost_non_linearity": 956.4086303710938,
        "cost_distance_total_intern_reflection": 13550.4970703125
    }
}