{
    "components non weights": {
        "cost_dispersion": 1.0,
        "cost_distance_glasses": 1.0,
        "cost_deviation": 1,
        "cost_distorsion": 1.0,
        "cost_thickness": 1.0,
        "cost_beam_compression": 1.0,
        "cost_non_linearity": 1.0,
        "cost_distance_total_intern_reflection": 1.0
    },
    "components with weights": {
        "cost_dispersion": 34.385223388671875,
        "cost_distance_glasses": 898.5398070393293,
        "cost_deviation": 1.4618749618530273,
        "cost_distorsion": 22.892614364624023,
        "cost_thickness": 3782.5849609375,
        "cost_beam_compression": 2.1619582176208496,
        "cost_non_linearity": 957.7122802734375,
        "cost_distance_total_intern_reflection": 13624.8447265625
    },
    "weighted components": {
        "cost_dispersion": 34.385223388671875,
        "cost_distance_glasses": 898.5398070393293,
        "cost_deviation": 1.4618749618530273,
        "cost_distorsion": 22.892614364624023,
        "cost_thickness": 3782.5849609375,
        "cost_beam_compression": 2.1619582176208496,
        "cost_non_linearity": 957.7122802734375,
        "cost_distance_total_intern_reflection": 13624.8447265625
    }
}{
    "components non weights": {
        "cost_dispersion": 1.0,
        "cost_distance_glasses": 1.0,
        "cost_deviation": 1,
        "cost_distorsion": 1.0,
        "cost_thickness": 1.0,
        "cost_beam_compression": 1.0,
        "cost_non_linearity": 1.0,
        "cost_distance_total_intern_reflection": 1.0
    },
    "components with weights": {
        "cost_dispersion": 34.385223388671875,
        "cost_distance_glasses": 898.5398070393293,
        "cost_deviation": 1.4618749618530273,
        "cost_distorsion": 22.892614364624023,
        "cost_thickness": 3782.5849609375,
        "cost_beam_compression": 2.1619582176208496,
        "cost_non_linearity": 957.7122802734375,
        "cost_distance_total_intern_reflection": 13624.8447265625
    },
    "weighted components": {
        "cost_dispersion": 34.385223388671875,
        "cost_distance_glasses": 898.5398070393293,
        "cost_deviation": 1.4618749618530273,
        "cost_distorsion": 22.892614364624023,
        "cost_thickness": 3782.5849609375,
        "cost_beam_compression": 2.1619582176208496,
        "cost_non_linearity": 957.7122802734375,
        "cost_distance_total_intern_reflection": 13624.8447265625
    }
}