{
    "components non weights": {
        "cost_dispersion": 1.0,
        "cost_distance_glasses": 1.0,
        "cost_deviation": 1,
        "cost_distorsion": 1.0,
        "cost_thickness": 1.0,
        "cost_beam_compression": 1.0,
        "cost_non_linearity": 1.0,
        "cost_distance_total_intern_reflection": 1.0
    },
    "components with weights": {
        "cost_dispersion": 32.42963409423828,
        "cost_distance_glasses": 1015.1222956275792,
        "cost_deviation": 1.8238292932510376,
        "cost_distorsion": 22.844026565551758,
        "cost_thickness": 3793.907958984375,
        "cost_beam_compression": 2.168400287628174,
        "cost_non_linearity": 957.908203125,
        "cost_distance_total_intern_reflection": 13640.3369140625
    },
    "weighted components": {
        "cost_dispersion": 32.42963409423828,
        "cost_distance_glasses": 1015.1222956275792,
        "cost_deviation": 1.8238292932510376,
        "cost_distorsion": 22.844026565551758,
        "cost_thickness": 3793.907958984375,
        "cost_beam_compression": 2.168400287628174,
        "cost_non_linearity": 957.908203125,
        "cost_distance_total_intern_reflection": 13640.3369140625
    }
}{
    "components non weights": {
        "cost_dispersion": 1.0,
        "cost_distance_glasses": 1.0,
        "cost_deviation": 1,
        "cost_distorsion": 1.0,
        "cost_thickness": 1.0,
        "cost_beam_compression": 1.0,
        "cost_non_linearity": 1.0,
        "cost_distance_total_intern_reflection": 1.0
    },
    "components with weights": {
        "cost_dispersion": 32.42963409423828,
        "cost_distance_glasses": 1015.1222956275792,
        "cost_deviation": 1.8238292932510376,
        "cost_distorsion": 22.844026565551758,
        "cost_thickness": 3793.907958984375,
        "cost_beam_compression": 2.168400287628174,
        "cost_non_linearity": 957.908203125,
        "cost_distance_total_intern_reflection": 13640.3369140625
    },
    "weighted components": {
        "cost_dispersion": 32.42963409423828,
        "cost_distance_glasses": 1015.1222956275792,
        "cost_deviation": 1.8238292932510376,
        "cost_distorsion": 22.844026565551758,
        "cost_thickness": 3793.907958984375,
        "cost_beam_compression": 2.168400287628174,
        "cost_non_linearity": 957.908203125,
        "cost_distance_total_intern_reflection": 13640.3369140625
    }
}