{
    "components non weights": {
        "cost_dispersion": 1.0,
        "cost_distance_glasses": 1.0,
        "cost_deviation": 1,
        "cost_distorsion": 1.0,
        "cost_thickness": 1.0,
        "cost_beam_compression": 1.0,
        "cost_non_linearity": 1.0,
        "cost_distance_total_intern_reflection": 1.0
    },
    "components with weights": {
        "cost_dispersion": 32.994449615478516,
        "cost_distance_glasses": 923.373573216803,
        "cost_deviation": 1.819806694984436,
        "cost_distorsion": 22.858217239379883,
        "cost_thickness": 3786.6611328125,
        "cost_beam_compression": 2.1644794940948486,
        "cost_non_linearity": 957.6709594726562,
        "cost_distance_total_intern_reflection": 13631.5029296875
    },
    "weighted components": {
        "cost_dispersion": 32.994449615478516,
        "cost_distance_glasses": 923.373573216803,
        "cost_deviation": 1.819806694984436,
        "cost_distorsion": 22.858217239379883,
        "cost_thickness": 3786.6611328125,
        "cost_beam_compression": 2.1644794940948486,
        "cost_non_linearity": 957.6709594726562,
        "cost_distance_total_intern_reflection": 13631.5029296875
    }
}{
    "components non weights": {
        "cost_dispersion": 1.0,
        "cost_distance_glasses": 1.0,
        "cost_deviation": 1,
        "cost_distorsion": 1.0,
        "cost_thickness": 1.0,
        "cost_beam_compression": 1.0,
        "cost_non_linearity": 1.0,
        "cost_distance_total_intern_reflection": 1.0
    },
    "components with weights": {
        "cost_dispersion": 32.994449615478516,
        "cost_distance_glasses": 923.373573216803,
        "cost_deviation": 1.819806694984436,
        "cost_distorsion": 22.858217239379883,
        "cost_thickness": 3786.6611328125,
        "cost_beam_compression": 2.1644794940948486,
        "cost_non_linearity": 957.6709594726562,
        "cost_distance_total_intern_reflection": 13631.5029296875
    },
    "weighted components": {
        "cost_dispersion": 32.994449615478516,
        "cost_distance_glasses": 923.373573216803,
        "cost_deviation": 1.819806694984436,
        "cost_distorsion": 22.858217239379883,
        "cost_thickness": 3786.6611328125,
        "cost_beam_compression": 2.1644794940948486,
        "cost_non_linearity": 957.6709594726562,
        "cost_distance_total_intern_reflection": 13631.5029296875
    }
}