{
    "components non weights": {
        "cost_dispersion": 1.0,
        "cost_distance_glasses": 1.0,
        "cost_deviation": 1,
        "cost_distorsion": 1.0,
        "cost_thickness": 1.0,
        "cost_beam_compression": 1.0,
        "cost_non_linearity": 1.0,
        "cost_distance_total_intern_reflection": 1.0
    },
    "components with weights": {
        "cost_dispersion": 218.3338165283203,
        "cost_distance_glasses": 1732.4009079189082,
        "cost_deviation": 31.401798248291016,
        "cost_distorsion": 21.055377960205078,
        "cost_thickness": 4056.478759765625,
        "cost_beam_compression": 2.324540138244629,
        "cost_non_linearity": 940.3831787109375,
        "cost_distance_total_intern_reflection": 14034.037109375
    },
    "weighted components": {
        "cost_dispersion": 218.3338165283203,
        "cost_distance_glasses": 1732.4009079189082,
        "cost_deviation": 31.401798248291016,
        "cost_distorsion": 21.055377960205078,
        "cost_thickness": 4056.478759765625,
        "cost_beam_compression": 2.324540138244629,
        "cost_non_linearity": 940.3831787109375,
        "cost_distance_total_intern_reflection": 14034.037109375
    }
}{
    "components non weights": {
        "cost_dispersion": 1.0,
        "cost_distance_glasses": 1.0,
        "cost_deviation": 1,
        "cost_distorsion": 1.0,
        "cost_thickness": 1.0,
        "cost_beam_compression": 1.0,
        "cost_non_linearity": 1.0,
        "cost_distance_total_intern_reflection": 1.0
    },
    "components with weights": {
        "cost_dispersion": 218.3338165283203,
        "cost_distance_glasses": 1732.4009079189082,
        "cost_deviation": 31.401798248291016,
        "cost_distorsion": 21.055377960205078,
        "cost_thickness": 4056.478759765625,
        "cost_beam_compression": 2.324540138244629,
        "cost_non_linearity": 940.3831787109375,
        "cost_distance_total_intern_reflection": 14034.037109375
    },
    "weighted components": {
        "cost_dispersion": 218.3338165283203,
        "cost_distance_glasses": 1732.4009079189082,
        "cost_deviation": 31.401798248291016,
        "cost_distorsion": 21.055377960205078,
        "cost_thickness": 4056.478759765625,
        "cost_beam_compression": 2.324540138244629,
        "cost_non_linearity": 940.3831787109375,
        "cost_distance_total_intern_reflection": 14034.037109375
    }
}