{
    "components non weights": {
        "cost_dispersion": 1.0,
        "cost_distance_glasses": 1.0,
        "cost_deviation": 1,
        "cost_distorsion": 1.0,
        "cost_thickness": 1.0,
        "cost_beam_compression": 1.0,
        "cost_non_linearity": 1.0,
        "cost_distance_total_intern_reflection": 1.0
    },
    "components with weights": {
        "cost_dispersion": 46.821876525878906,
        "cost_distance_glasses": 786.7497477616666,
        "cost_deviation": 0.01770692504942417,
        "cost_distorsion": 22.821651458740234,
        "cost_thickness": 3744.821044921875,
        "cost_beam_compression": 2.1384949684143066,
        "cost_non_linearity": 955.6814575195312,
        "cost_distance_total_intern_reflection": 13560.6953125
    },
    "weighted components": {
        "cost_dispersion": 46.821876525878906,
        "cost_distance_glasses": 786.7497477616666,
        "cost_deviation": 0.01770692504942417,
        "cost_distorsion": 22.821651458740234,
        "cost_thickness": 3744.821044921875,
        "cost_beam_compression": 2.1384949684143066,
        "cost_non_linearity": 955.6814575195312,
        "cost_distance_total_intern_reflection": 13560.6953125
    }
}{
    "components non weights": {
        "cost_dispersion": 1.0,
        "cost_distance_glasses": 1.0,
        "cost_deviation": 1,
        "cost_distorsion": 1.0,
        "cost_thickness": 1.0,
        "cost_beam_compression": 1.0,
        "cost_non_linearity": 1.0,
        "cost_distance_total_intern_reflection": 1.0
    },
    "components with weights": {
        "cost_dispersion": 46.821876525878906,
        "cost_distance_glasses": 786.7497477616666,
        "cost_deviation": 0.01770692504942417,
        "cost_distorsion": 22.821651458740234,
        "cost_thickness": 3744.821044921875,
        "cost_beam_compression": 2.1384949684143066,
        "cost_non_linearity": 955.6814575195312,
        "cost_distance_total_intern_reflection": 13560.6953125
    },
    "weighted components": {
        "cost_dispersion": 46.821876525878906,
        "cost_distance_glasses": 786.7497477616666,
        "cost_deviation": 0.01770692504942417,
        "cost_distorsion": 22.821651458740234,
        "cost_thickness": 3744.821044921875,
        "cost_beam_compression": 2.1384949684143066,
        "cost_non_linearity": 955.6814575195312,
        "cost_distance_total_intern_reflection": 13560.6953125
    }
}