{
    "components non weights": {
        "cost_dispersion": 1.0,
        "cost_distance_glasses": 1.0,
        "cost_deviation": 1,
        "cost_distorsion": 1.0,
        "cost_thickness": 1.0,
        "cost_beam_compression": 1.0,
        "cost_non_linearity": 1.0,
        "cost_distance_total_intern_reflection": 1.0
    },
    "components with weights": {
        "cost_dispersion": 33.91441345214844,
        "cost_distance_glasses": 672.5471713398542,
        "cost_deviation": 5.8496623039245605,
        "cost_distorsion": 21.51095962524414,
        "cost_thickness": 3727.867919921875,
        "cost_beam_compression": 2.1306891441345215,
        "cost_non_linearity": 957.6744384765625,
        "cost_distance_total_intern_reflection": 13548.0380859375
    },
    "weighted components": {
        "cost_dispersion": 33.91441345214844,
        "cost_distance_glasses": 672.5471713398542,
        "cost_deviation": 5.8496623039245605,
        "cost_distorsion": 21.51095962524414,
        "cost_thickness": 3727.867919921875,
        "cost_beam_compression": 2.1306891441345215,
        "cost_non_linearity": 957.6744384765625,
        "cost_distance_total_intern_reflection": 13548.0380859375
    }
}{
    "components non weights": {
        "cost_dispersion": 1.0,
        "cost_distance_glasses": 1.0,
        "cost_deviation": 1,
        "cost_distorsion": 1.0,
        "cost_thickness": 1.0,
        "cost_beam_compression": 1.0,
        "cost_non_linearity": 1.0,
        "cost_distance_total_intern_reflection": 1.0
    },
    "components with weights": {
        "cost_dispersion": 33.91441345214844,
        "cost_distance_glasses": 672.5471713398542,
        "cost_deviation": 5.8496623039245605,
        "cost_distorsion": 21.51095962524414,
        "cost_thickness": 3727.867919921875,
        "cost_beam_compression": 2.1306891441345215,
        "cost_non_linearity": 957.6744384765625,
        "cost_distance_total_intern_reflection": 13548.0380859375
    },
    "weighted components": {
        "cost_dispersion": 33.91441345214844,
        "cost_distance_glasses": 672.5471713398542,
        "cost_deviation": 5.8496623039245605,
        "cost_distorsion": 21.51095962524414,
        "cost_thickness": 3727.867919921875,
        "cost_beam_compression": 2.1306891441345215,
        "cost_non_linearity": 957.6744384765625,
        "cost_distance_total_intern_reflection": 13548.0380859375
    }
}