{
    "components non weights": {
        "cost_dispersion": 1.0,
        "cost_distance_glasses": 1.0,
        "cost_deviation": 1,
        "cost_distorsion": 1.0,
        "cost_thickness": 1.0,
        "cost_beam_compression": 1.0,
        "cost_non_linearity": 1.0,
        "cost_distance_total_intern_reflection": 1.0
    },
    "components with weights": {
        "cost_dispersion": 36.275917053222656,
        "cost_distance_glasses": 749.714944362608,
        "cost_deviation": 3.4081032276153564,
        "cost_distorsion": 21.97808837890625,
        "cost_thickness": 3733.615478515625,
        "cost_beam_compression": 2.1332497596740723,
        "cost_non_linearity": 957.3722534179688,
        "cost_distance_total_intern_reflection": 13545.7392578125
    },
    "weighted components": {
        "cost_dispersion": 36.275917053222656,
        "cost_distance_glasses": 749.714944362608,
        "cost_deviation": 3.4081032276153564,
        "cost_distorsion": 21.97808837890625,
        "cost_thickness": 3733.615478515625,
        "cost_beam_compression": 2.1332497596740723,
        "cost_non_linearity": 957.3722534179688,
        "cost_distance_total_intern_reflection": 13545.7392578125
    }
}{
    "components non weights": {
        "cost_dispersion": 1.0,
        "cost_distance_glasses": 1.0,
        "cost_deviation": 1,
        "cost_distorsion": 1.0,
        "cost_thickness": 1.0,
        "cost_beam_compression": 1.0,
        "cost_non_linearity": 1.0,
        "cost_distance_total_intern_reflection": 1.0
    },
    "components with weights": {
        "cost_dispersion": 36.275917053222656,
        "cost_distance_glasses": 749.714944362608,
        "cost_deviation": 3.4081032276153564,
        "cost_distorsion": 21.97808837890625,
        "cost_thickness": 3733.615478515625,
        "cost_beam_compression": 2.1332497596740723,
        "cost_non_linearity": 957.3722534179688,
        "cost_distance_total_intern_reflection": 13545.7392578125
    },
    "weighted components": {
        "cost_dispersion": 36.275917053222656,
        "cost_distance_glasses": 749.714944362608,
        "cost_deviation": 3.4081032276153564,
        "cost_distorsion": 21.97808837890625,
        "cost_thickness": 3733.615478515625,
        "cost_beam_compression": 2.1332497596740723,
        "cost_non_linearity": 957.3722534179688,
        "cost_distance_total_intern_reflection": 13545.7392578125
    }
}