{
    "components non weights": {
        "cost_dispersion": 1.0,
        "cost_distance_glasses": 1.0,
        "cost_deviation": 1,
        "cost_distorsion": 1.0,
        "cost_thickness": 1.0,
        "cost_beam_compression": 1.0,
        "cost_non_linearity": 1.0,
        "cost_distance_total_intern_reflection": 1.0
    },
    "components with weights": {
        "cost_dispersion": 36.710994720458984,
        "cost_distance_glasses": 677.1327581918738,
        "cost_deviation": 3.524620532989502,
        "cost_distorsion": 22.25820541381836,
        "cost_thickness": 3728.10205078125,
        "cost_beam_compression": 2.1303915977478027,
        "cost_non_linearity": 957.3604125976562,
        "cost_distance_total_intern_reflection": 13546.083984375
    },
    "weighted components": {
        "cost_dispersion": 36.710994720458984,
        "cost_distance_glasses": 677.1327581918738,
        "cost_deviation": 3.524620532989502,
        "cost_distorsion": 22.25820541381836,
        "cost_thickness": 3728.10205078125,
        "cost_beam_compression": 2.1303915977478027,
        "cost_non_linearity": 957.3604125976562,
        "cost_distance_total_intern_reflection": 13546.083984375
    }
}{
    "components non weights": {
        "cost_dispersion": 1.0,
        "cost_distance_glasses": 1.0,
        "cost_deviation": 1,
        "cost_distorsion": 1.0,
        "cost_thickness": 1.0,
        "cost_beam_compression": 1.0,
        "cost_non_linearity": 1.0,
        "cost_distance_total_intern_reflection": 1.0
    },
    "components with weights": {
        "cost_dispersion": 36.710994720458984,
        "cost_distance_glasses": 677.1327581918738,
        "cost_deviation": 3.524620532989502,
        "cost_distorsion": 22.25820541381836,
        "cost_thickness": 3728.10205078125,
        "cost_beam_compression": 2.1303915977478027,
        "cost_non_linearity": 957.3604125976562,
        "cost_distance_total_intern_reflection": 13546.083984375
    },
    "weighted components": {
        "cost_dispersion": 36.710994720458984,
        "cost_distance_glasses": 677.1327581918738,
        "cost_deviation": 3.524620532989502,
        "cost_distorsion": 22.25820541381836,
        "cost_thickness": 3728.10205078125,
        "cost_beam_compression": 2.1303915977478027,
        "cost_non_linearity": 957.3604125976562,
        "cost_distance_total_intern_reflection": 13546.083984375
    }
}