{
    "components non weights": {
        "cost_dispersion": 1.0,
        "cost_distance_glasses": 1.0,
        "cost_deviation": 1,
        "cost_distorsion": 1.0,
        "cost_thickness": 1.0,
        "cost_beam_compression": 1.0,
        "cost_non_linearity": 1.0,
        "cost_distance_total_intern_reflection": 1.0
    },
    "components with weights": {
        "cost_dispersion": 36.523372650146484,
        "cost_distance_glasses": 753.9233168319405,
        "cost_deviation": 3.339132785797119,
        "cost_distorsion": 22.137414932250977,
        "cost_thickness": 3733.594482421875,
        "cost_beam_compression": 2.1332340240478516,
        "cost_non_linearity": 957.2107543945312,
        "cost_distance_total_intern_reflection": 13545.5234375
    },
    "weighted components": {
        "cost_dispersion": 36.523372650146484,
        "cost_distance_glasses": 753.9233168319405,
        "cost_deviation": 3.339132785797119,
        "cost_distorsion": 22.137414932250977,
        "cost_thickness": 3733.594482421875,
        "cost_beam_compression": 2.1332340240478516,
        "cost_non_linearity": 957.2107543945312,
        "cost_distance_total_intern_reflection": 13545.5234375
    }
}{
    "components non weights": {
        "cost_dispersion": 1.0,
        "cost_distance_glasses": 1.0,
        "cost_deviation": 1,
        "cost_distorsion": 1.0,
        "cost_thickness": 1.0,
        "cost_beam_compression": 1.0,
        "cost_non_linearity": 1.0,
        "cost_distance_total_intern_reflection": 1.0
    },
    "components with weights": {
        "cost_dispersion": 36.523372650146484,
        "cost_distance_glasses": 753.9233168319405,
        "cost_deviation": 3.339132785797119,
        "cost_distorsion": 22.137414932250977,
        "cost_thickness": 3733.594482421875,
        "cost_beam_compression": 2.1332340240478516,
        "cost_non_linearity": 957.2107543945312,
        "cost_distance_total_intern_reflection": 13545.5234375
    },
    "weighted components": {
        "cost_dispersion": 36.523372650146484,
        "cost_distance_glasses": 753.9233168319405,
        "cost_deviation": 3.339132785797119,
        "cost_distorsion": 22.137414932250977,
        "cost_thickness": 3733.594482421875,
        "cost_beam_compression": 2.1332340240478516,
        "cost_non_linearity": 957.2107543945312,
        "cost_distance_total_intern_reflection": 13545.5234375
    }
}