{
    "components non weights": {
        "cost_dispersion": 1.0,
        "cost_distance_glasses": 1.0,
        "cost_deviation": 1,
        "cost_distorsion": 1.0,
        "cost_thickness": 1.0,
        "cost_beam_compression": 1.0,
        "cost_non_linearity": 1.0,
        "cost_distance_total_intern_reflection": 1.0
    },
    "components with weights": {
        "cost_dispersion": 40.576839447021484,
        "cost_distance_glasses": 684.1568923087076,
        "cost_deviation": 1.9060359001159668,
        "cost_distorsion": 21.702028274536133,
        "cost_thickness": 3728.131591796875,
        "cost_beam_compression": 2.12998628616333,
        "cost_non_linearity": 956.6640014648438,
        "cost_distance_total_intern_reflection": 13546.9580078125
    },
    "weighted components": {
        "cost_dispersion": 40.576839447021484,
        "cost_distance_glasses": 684.1568923087076,
        "cost_deviation": 1.9060359001159668,
        "cost_distorsion": 21.702028274536133,
        "cost_thickness": 3728.131591796875,
        "cost_beam_compression": 2.12998628616333,
        "cost_non_linearity": 956.6640014648438,
        "cost_distance_total_intern_reflection": 13546.9580078125
    }
}{
    "components non weights": {
        "cost_dispersion": 1.0,
        "cost_distance_glasses": 1.0,
        "cost_deviation": 1,
        "cost_distorsion": 1.0,
        "cost_thickness": 1.0,
        "cost_beam_compression": 1.0,
        "cost_non_linearity": 1.0,
        "cost_distance_total_intern_reflection": 1.0
    },
    "components with weights": {
        "cost_dispersion": 40.576839447021484,
        "cost_distance_glasses": 684.1568923087076,
        "cost_deviation": 1.9060359001159668,
        "cost_distorsion": 21.702028274536133,
        "cost_thickness": 3728.131591796875,
        "cost_beam_compression": 2.12998628616333,
        "cost_non_linearity": 956.6640014648438,
        "cost_distance_total_intern_reflection": 13546.9580078125
    },
    "weighted components": {
        "cost_dispersion": 40.576839447021484,
        "cost_distance_glasses": 684.1568923087076,
        "cost_deviation": 1.9060359001159668,
        "cost_distorsion": 21.702028274536133,
        "cost_thickness": 3728.131591796875,
        "cost_beam_compression": 2.12998628616333,
        "cost_non_linearity": 956.6640014648438,
        "cost_distance_total_intern_reflection": 13546.9580078125
    }
}