{
    "components non weights": {
        "cost_dispersion": 1.0,
        "cost_distance_glasses": 1.0,
        "cost_deviation": 1,
        "cost_distorsion": 1.0,
        "cost_thickness": 1.0,
        "cost_beam_compression": 1.0,
        "cost_non_linearity": 1.0,
        "cost_distance_total_intern_reflection": 1.0
    },
    "components with weights": {
        "cost_dispersion": 24.10004425048828,
        "cost_distance_glasses": 1177.6920000693613,
        "cost_deviation": 4.926965713500977,
        "cost_distorsion": 22.076955795288086,
        "cost_thickness": 3820.730224609375,
        "cost_beam_compression": 2.1850199699401855,
        "cost_non_linearity": 959.4478149414062,
        "cost_distance_total_intern_reflection": 13674.9853515625
    },
    "weighted components": {
        "cost_dispersion": 24.10004425048828,
        "cost_distance_glasses": 1177.6920000693613,
        "cost_deviation": 4.926965713500977,
        "cost_distorsion": 22.076955795288086,
        "cost_thickness": 3820.730224609375,
        "cost_beam_compression": 2.1850199699401855,
        "cost_non_linearity": 959.4478149414062,
        "cost_distance_total_intern_reflection": 13674.9853515625
    }
}{
    "components non weights": {
        "cost_dispersion": 1.0,
        "cost_distance_glasses": 1.0,
        "cost_deviation": 1,
        "cost_distorsion": 1.0,
        "cost_thickness": 1.0,
        "cost_beam_compression": 1.0,
        "cost_non_linearity": 1.0,
        "cost_distance_total_intern_reflection": 1.0
    },
    "components with weights": {
        "cost_dispersion": 24.10004425048828,
        "cost_distance_glasses": 1177.6920000693613,
        "cost_deviation": 4.926965713500977,
        "cost_distorsion": 22.076955795288086,
        "cost_thickness": 3820.730224609375,
        "cost_beam_compression": 2.1850199699401855,
        "cost_non_linearity": 959.4478149414062,
        "cost_distance_total_intern_reflection": 13674.9853515625
    },
    "weighted components": {
        "cost_dispersion": 24.10004425048828,
        "cost_distance_glasses": 1177.6920000693613,
        "cost_deviation": 4.926965713500977,
        "cost_distorsion": 22.076955795288086,
        "cost_thickness": 3820.730224609375,
        "cost_beam_compression": 2.1850199699401855,
        "cost_non_linearity": 959.4478149414062,
        "cost_distance_total_intern_reflection": 13674.9853515625
    }
}