{
    "components non weights": {
        "cost_dispersion": 1.0,
        "cost_distance_glasses": 1.0,
        "cost_deviation": 1,
        "cost_distorsion": 1.0,
        "cost_thickness": 1.0,
        "cost_beam_compression": 1.0,
        "cost_non_linearity": 1.0,
        "cost_distance_total_intern_reflection": 1.0
    },
    "components with weights": {
        "cost_dispersion": 31.64886474609375,
        "cost_distance_glasses": 946.5539174074277,
        "cost_deviation": 2.6057798862457275,
        "cost_distorsion": 22.38619041442871,
        "cost_thickness": 3789.607177734375,
        "cost_beam_compression": 2.166383743286133,
        "cost_non_linearity": 958.1961669921875,
        "cost_distance_total_intern_reflection": 13626.9130859375
    },
    "weighted components": {
        "cost_dispersion": 31.64886474609375,
        "cost_distance_glasses": 946.5539174074277,
        "cost_deviation": 2.6057798862457275,
        "cost_distorsion": 22.38619041442871,
        "cost_thickness": 3789.607177734375,
        "cost_beam_compression": 2.166383743286133,
        "cost_non_linearity": 958.1961669921875,
        "cost_distance_total_intern_reflection": 13626.9130859375
    }
}{
    "components non weights": {
        "cost_dispersion": 1.0,
        "cost_distance_glasses": 1.0,
        "cost_deviation": 1,
        "cost_distorsion": 1.0,
        "cost_thickness": 1.0,
        "cost_beam_compression": 1.0,
        "cost_non_linearity": 1.0,
        "cost_distance_total_intern_reflection": 1.0
    },
    "components with weights": {
        "cost_dispersion": 31.64886474609375,
        "cost_distance_glasses": 946.5539174074277,
        "cost_deviation": 2.6057798862457275,
        "cost_distorsion": 22.38619041442871,
        "cost_thickness": 3789.607177734375,
        "cost_beam_compression": 2.166383743286133,
        "cost_non_linearity": 958.1961669921875,
        "cost_distance_total_intern_reflection": 13626.9130859375
    },
    "weighted components": {
        "cost_dispersion": 31.64886474609375,
        "cost_distance_glasses": 946.5539174074277,
        "cost_deviation": 2.6057798862457275,
        "cost_distorsion": 22.38619041442871,
        "cost_thickness": 3789.607177734375,
        "cost_beam_compression": 2.166383743286133,
        "cost_non_linearity": 958.1961669921875,
        "cost_distance_total_intern_reflection": 13626.9130859375
    }
}