{
    "components non weights": {
        "cost_dispersion": 1.0,
        "cost_distance_glasses": 1.0,
        "cost_deviation": 1,
        "cost_distorsion": 1.0,
        "cost_thickness": 1.0,
        "cost_beam_compression": 1.0,
        "cost_non_linearity": 1.0,
        "cost_distance_total_intern_reflection": 1.0
    },
    "components with weights": {
        "cost_dispersion": 31.04062271118164,
        "cost_distance_glasses": 1003.6666678788456,
        "cost_deviation": 2.9186925888061523,
        "cost_distorsion": 22.224613189697266,
        "cost_thickness": 3791.134765625,
        "cost_beam_compression": 2.1670870780944824,
        "cost_non_linearity": 958.2079467773438,
        "cost_distance_total_intern_reflection": 13631.8349609375
    },
    "weighted components": {
        "cost_dispersion": 31.04062271118164,
        "cost_distance_glasses": 1003.6666678788456,
        "cost_deviation": 2.9186925888061523,
        "cost_distorsion": 22.224613189697266,
        "cost_thickness": 3791.134765625,
        "cost_beam_compression": 2.1670870780944824,
        "cost_non_linearity": 958.2079467773438,
        "cost_distance_total_intern_reflection": 13631.8349609375
    }
}{
    "components non weights": {
        "cost_dispersion": 1.0,
        "cost_distance_glasses": 1.0,
        "cost_deviation": 1,
        "cost_distorsion": 1.0,
        "cost_thickness": 1.0,
        "cost_beam_compression": 1.0,
        "cost_non_linearity": 1.0,
        "cost_distance_total_intern_reflection": 1.0
    },
    "components with weights": {
        "cost_dispersion": 31.04062271118164,
        "cost_distance_glasses": 1003.6666678788456,
        "cost_deviation": 2.9186925888061523,
        "cost_distorsion": 22.224613189697266,
        "cost_thickness": 3791.134765625,
        "cost_beam_compression": 2.1670870780944824,
        "cost_non_linearity": 958.2079467773438,
        "cost_distance_total_intern_reflection": 13631.8349609375
    },
    "weighted components": {
        "cost_dispersion": 31.04062271118164,
        "cost_distance_glasses": 1003.6666678788456,
        "cost_deviation": 2.9186925888061523,
        "cost_distorsion": 22.224613189697266,
        "cost_thickness": 3791.134765625,
        "cost_beam_compression": 2.1670870780944824,
        "cost_non_linearity": 958.2079467773438,
        "cost_distance_total_intern_reflection": 13631.8349609375
    }
}