{
    "components non weights": {
        "cost_dispersion": 1.0,
        "cost_distance_glasses": 1.0,
        "cost_deviation": 1,
        "cost_distorsion": 1.0,
        "cost_thickness": 1.0,
        "cost_beam_compression": 1.0,
        "cost_non_linearity": 1.0,
        "cost_distance_total_intern_reflection": 1.0
    },
    "components with weights": {
        "cost_dispersion": 44.086551666259766,
        "cost_distance_glasses": 794.28502711736,
        "cost_deviation": 0.043707460165023804,
        "cost_distorsion": 25.20401382446289,
        "cost_thickness": 3749.819091796875,
        "cost_beam_compression": 2.1416842937469482,
        "cost_non_linearity": 956.1942749023438,
        "cost_distance_total_intern_reflection": 13622.8447265625
    },
    "weighted components": {
        "cost_dispersion": 44.086551666259766,
        "cost_distance_glasses": 794.28502711736,
        "cost_deviation": 0.043707460165023804,
        "cost_distorsion": 25.20401382446289,
        "cost_thickness": 3749.819091796875,
        "cost_beam_compression": 2.1416842937469482,
        "cost_non_linearity": 956.1942749023438,
        "cost_distance_total_intern_reflection": 13622.8447265625
    }
}{
    "components non weights": {
        "cost_dispersion": 1.0,
        "cost_distance_glasses": 1.0,
        "cost_deviation": 1,
        "cost_distorsion": 1.0,
        "cost_thickness": 1.0,
        "cost_beam_compression": 1.0,
        "cost_non_linearity": 1.0,
        "cost_distance_total_intern_reflection": 1.0
    },
    "components with weights": {
        "cost_dispersion": 44.086551666259766,
        "cost_distance_glasses": 794.28502711736,
        "cost_deviation": 0.043707460165023804,
        "cost_distorsion": 25.20401382446289,
        "cost_thickness": 3749.819091796875,
        "cost_beam_compression": 2.1416842937469482,
        "cost_non_linearity": 956.1942749023438,
        "cost_distance_total_intern_reflection": 13622.8447265625
    },
    "weighted components": {
        "cost_dispersion": 44.086551666259766,
        "cost_distance_glasses": 794.28502711736,
        "cost_deviation": 0.043707460165023804,
        "cost_distorsion": 25.20401382446289,
        "cost_thickness": 3749.819091796875,
        "cost_beam_compression": 2.1416842937469482,
        "cost_non_linearity": 956.1942749023438,
        "cost_distance_total_intern_reflection": 13622.8447265625
    }
}