{
    "components non weights": {
        "cost_dispersion": 1.0,
        "cost_distance_glasses": 1.0,
        "cost_deviation": 1,
        "cost_distorsion": 1.0,
        "cost_thickness": 1.0,
        "cost_beam_compression": 1.0,
        "cost_non_linearity": 1.0,
        "cost_distance_total_intern_reflection": 1.0
    },
    "components with weights": {
        "cost_dispersion": 40.137142181396484,
        "cost_distance_glasses": 1053.8075025272683,
        "cost_deviation": 0.0211081150919199,
        "cost_distorsion": 25.240812301635742,
        "cost_thickness": 3801.123291015625,
        "cost_beam_compression": 2.1716089248657227,
        "cost_non_linearity": 956.547119140625,
        "cost_distance_total_intern_reflection": 13687.4267578125
    },
    "weighted components": {
        "cost_dispersion": 40.137142181396484,
        "cost_distance_glasses": 1053.8075025272683,
        "cost_deviation": 0.0211081150919199,
        "cost_distorsion": 25.240812301635742,
        "cost_thickness": 3801.123291015625,
        "cost_beam_compression": 2.1716089248657227,
        "cost_non_linearity": 956.547119140625,
        "cost_distance_total_intern_reflection": 13687.4267578125
    }
}{
    "components non weights": {
        "cost_dispersion": 1.0,
        "cost_distance_glasses": 1.0,
        "cost_deviation": 1,
        "cost_distorsion": 1.0,
        "cost_thickness": 1.0,
        "cost_beam_compression": 1.0,
        "cost_non_linearity": 1.0,
        "cost_distance_total_intern_reflection": 1.0
    },
    "components with weights": {
        "cost_dispersion": 40.137142181396484,
        "cost_distance_glasses": 1053.8075025272683,
        "cost_deviation": 0.0211081150919199,
        "cost_distorsion": 25.240812301635742,
        "cost_thickness": 3801.123291015625,
        "cost_beam_compression": 2.1716089248657227,
        "cost_non_linearity": 956.547119140625,
        "cost_distance_total_intern_reflection": 13687.4267578125
    },
    "weighted components": {
        "cost_dispersion": 40.137142181396484,
        "cost_distance_glasses": 1053.8075025272683,
        "cost_deviation": 0.0211081150919199,
        "cost_distorsion": 25.240812301635742,
        "cost_thickness": 3801.123291015625,
        "cost_beam_compression": 2.1716089248657227,
        "cost_non_linearity": 956.547119140625,
        "cost_distance_total_intern_reflection": 13687.4267578125
    }
}