{
    "components non weights": {
        "cost_dispersion": 1.0,
        "cost_distance_glasses": 1.0,
        "cost_deviation": 1,
        "cost_distorsion": 1.0,
        "cost_thickness": 1.0,
        "cost_beam_compression": 1.0,
        "cost_non_linearity": 1.0,
        "cost_distance_total_intern_reflection": 1.0
    },
    "components with weights": {
        "cost_dispersion": 28.884063720703125,
        "cost_distance_glasses": 692.176809552497,
        "cost_deviation": 11.11148738861084,
        "cost_distorsion": 20.650039672851562,
        "cost_thickness": 3727.90087890625,
        "cost_beam_compression": 2.1312828063964844,
        "cost_non_linearity": 958.4874267578125,
        "cost_distance_total_intern_reflection": 13564.466796875
    },
    "weighted components": {
        "cost_dispersion": 28.884063720703125,
        "cost_distance_glasses": 692.176809552497,
        "cost_deviation": 11.11148738861084,
        "cost_distorsion": 20.650039672851562,
        "cost_thickness": 3727.90087890625,
        "cost_beam_compression": 2.1312828063964844,
        "cost_non_linearity": 958.4874267578125,
        "cost_distance_total_intern_reflection": 13564.466796875
    }
}{
    "components non weights": {
        "cost_dispersion": 1.0,
        "cost_distance_glasses": 1.0,
        "cost_deviation": 1,
        "cost_distorsion": 1.0,
        "cost_thickness": 1.0,
        "cost_beam_compression": 1.0,
        "cost_non_linearity": 1.0,
        "cost_distance_total_intern_reflection": 1.0
    },
    "components with weights": {
        "cost_dispersion": 28.884063720703125,
        "cost_distance_glasses": 692.176809552497,
        "cost_deviation": 11.11148738861084,
        "cost_distorsion": 20.650039672851562,
        "cost_thickness": 3727.90087890625,
        "cost_beam_compression": 2.1312828063964844,
        "cost_non_linearity": 958.4874267578125,
        "cost_distance_total_intern_reflection": 13564.466796875
    },
    "weighted components": {
        "cost_dispersion": 28.884063720703125,
        "cost_distance_glasses": 692.176809552497,
        "cost_deviation": 11.11148738861084,
        "cost_distorsion": 20.650039672851562,
        "cost_thickness": 3727.90087890625,
        "cost_beam_compression": 2.1312828063964844,
        "cost_non_linearity": 958.4874267578125,
        "cost_distance_total_intern_reflection": 13564.466796875
    }
}