{
    "components non weights": {
        "cost_dispersion": 1.0,
        "cost_distance_glasses": 1.0,
        "cost_deviation": 1,
        "cost_distorsion": 1.0,
        "cost_thickness": 1.0,
        "cost_beam_compression": 1.0,
        "cost_non_linearity": 1.0,
        "cost_distance_total_intern_reflection": 1.0
    },
    "components with weights": {
        "cost_dispersion": 35.994873046875,
        "cost_distance_glasses": 750.41101956959,
        "cost_deviation": 3.597731828689575,
        "cost_distorsion": 22.06629753112793,
        "cost_thickness": 3733.744140625,
        "cost_beam_compression": 2.133338451385498,
        "cost_non_linearity": 957.43017578125,
        "cost_distance_total_intern_reflection": 13546.8349609375
    },
    "weighted components": {
        "cost_dispersion": 35.994873046875,
        "cost_distance_glasses": 750.41101956959,
        "cost_deviation": 3.597731828689575,
        "cost_distorsion": 22.06629753112793,
        "cost_thickness": 3733.744140625,
        "cost_beam_compression": 2.133338451385498,
        "cost_non_linearity": 957.43017578125,
        "cost_distance_total_intern_reflection": 13546.8349609375
    }
}{
    "components non weights": {
        "cost_dispersion": 1.0,
        "cost_distance_glasses": 1.0,
        "cost_deviation": 1,
        "cost_distorsion": 1.0,
        "cost_thickness": 1.0,
        "cost_beam_compression": 1.0,
        "cost_non_linearity": 1.0,
        "cost_distance_total_intern_reflection": 1.0
    },
    "components with weights": {
        "cost_dispersion": 35.994873046875,
        "cost_distance_glasses": 750.41101956959,
        "cost_deviation": 3.597731828689575,
        "cost_distorsion": 22.06629753112793,
        "cost_thickness": 3733.744140625,
        "cost_beam_compression": 2.133338451385498,
        "cost_non_linearity": 957.43017578125,
        "cost_distance_total_intern_reflection": 13546.8349609375
    },
    "weighted components": {
        "cost_dispersion": 35.994873046875,
        "cost_distance_glasses": 750.41101956959,
        "cost_deviation": 3.597731828689575,
        "cost_distorsion": 22.06629753112793,
        "cost_thickness": 3733.744140625,
        "cost_beam_compression": 2.133338451385498,
        "cost_non_linearity": 957.43017578125,
        "cost_distance_total_intern_reflection": 13546.8349609375
    }
}