{
    "components non weights": {
        "cost_dispersion": 1.0,
        "cost_distance_glasses": 1.0,
        "cost_deviation": 1,
        "cost_distorsion": 1.0,
        "cost_thickness": 1.0,
        "cost_beam_compression": 1.0,
        "cost_non_linearity": 1.0,
        "cost_distance_total_intern_reflection": 1.0
    },
    "components with weights": {
        "cost_dispersion": 32.16670608520508,
        "cost_distance_glasses": 844.3452364853551,
        "cost_deviation": 4.240269660949707,
        "cost_distorsion": 20.693681716918945,
        "cost_thickness": 3767.61962890625,
        "cost_beam_compression": 2.153675079345703,
        "cost_non_linearity": 957.9776611328125,
        "cost_distance_total_intern_reflection": 13629.6689453125
    },
    "weighted components": {
        "cost_dispersion": 32.16670608520508,
        "cost_distance_glasses": 844.3452364853551,
        "cost_deviation": 4.240269660949707,
        "cost_distorsion": 20.693681716918945,
        "cost_thickness": 3767.61962890625,
        "cost_beam_compression": 2.153675079345703,
        "cost_non_linearity": 957.9776611328125,
        "cost_distance_total_intern_reflection": 13629.6689453125
    }
}{
    "components non weights": {
        "cost_dispersion": 1.0,
        "cost_distance_glasses": 1.0,
        "cost_deviation": 1,
        "cost_distorsion": 1.0,
        "cost_thickness": 1.0,
        "cost_beam_compression": 1.0,
        "cost_non_linearity": 1.0,
        "cost_distance_total_intern_reflection": 1.0
    },
    "components with weights": {
        "cost_dispersion": 32.16670608520508,
        "cost_distance_glasses": 844.3452364853551,
        "cost_deviation": 4.240269660949707,
        "cost_distorsion": 20.693681716918945,
        "cost_thickness": 3767.61962890625,
        "cost_beam_compression": 2.153675079345703,
        "cost_non_linearity": 957.9776611328125,
        "cost_distance_total_intern_reflection": 13629.6689453125
    },
    "weighted components": {
        "cost_dispersion": 32.16670608520508,
        "cost_distance_glasses": 844.3452364853551,
        "cost_deviation": 4.240269660949707,
        "cost_distorsion": 20.693681716918945,
        "cost_thickness": 3767.61962890625,
        "cost_beam_compression": 2.153675079345703,
        "cost_non_linearity": 957.9776611328125,
        "cost_distance_total_intern_reflection": 13629.6689453125
    }
}