{
    "components non weights": {
        "cost_dispersion": 1.0,
        "cost_distance_glasses": 1.0,
        "cost_deviation": 1,
        "cost_distorsion": 1.0,
        "cost_thickness": 1.0,
        "cost_beam_compression": 1.0,
        "cost_non_linearity": 1.0,
        "cost_distance_total_intern_reflection": 1.0
    },
    "components with weights": {
        "cost_dispersion": 31.264780044555664,
        "cost_distance_glasses": 716.1133850517366,
        "cost_deviation": 7.732324123382568,
        "cost_distorsion": 20.917007446289062,
        "cost_thickness": 3732.165283203125,
        "cost_beam_compression": 2.1332848072052,
        "cost_non_linearity": 958.0315551757812,
        "cost_distance_total_intern_reflection": 13566.2158203125
    },
    "weighted components": {
        "cost_dispersion": 31.264780044555664,
        "cost_distance_glasses": 716.1133850517366,
        "cost_deviation": 7.732324123382568,
        "cost_distorsion": 20.917007446289062,
        "cost_thickness": 3732.165283203125,
        "cost_beam_compression": 2.1332848072052,
        "cost_non_linearity": 958.0315551757812,
        "cost_distance_total_intern_reflection": 13566.2158203125
    }
}{
    "components non weights": {
        "cost_dispersion": 1.0,
        "cost_distance_glasses": 1.0,
        "cost_deviation": 1,
        "cost_distorsion": 1.0,
        "cost_thickness": 1.0,
        "cost_beam_compression": 1.0,
        "cost_non_linearity": 1.0,
        "cost_distance_total_intern_reflection": 1.0
    },
    "components with weights": {
        "cost_dispersion": 31.264780044555664,
        "cost_distance_glasses": 716.1133850517366,
        "cost_deviation": 7.732324123382568,
        "cost_distorsion": 20.917007446289062,
        "cost_thickness": 3732.165283203125,
        "cost_beam_compression": 2.1332848072052,
        "cost_non_linearity": 958.0315551757812,
        "cost_distance_total_intern_reflection": 13566.2158203125
    },
    "weighted components": {
        "cost_dispersion": 31.264780044555664,
        "cost_distance_glasses": 716.1133850517366,
        "cost_deviation": 7.732324123382568,
        "cost_distorsion": 20.917007446289062,
        "cost_thickness": 3732.165283203125,
        "cost_beam_compression": 2.1332848072052,
        "cost_non_linearity": 958.0315551757812,
        "cost_distance_total_intern_reflection": 13566.2158203125
    }
}