{
    "components non weights": {
        "cost_dispersion": 1.0,
        "cost_distance_glasses": 1.0,
        "cost_deviation": 1,
        "cost_distorsion": 1.0,
        "cost_thickness": 1.0,
        "cost_beam_compression": 1.0,
        "cost_non_linearity": 1.0,
        "cost_distance_total_intern_reflection": 1.0
    },
    "components with weights": {
        "cost_dispersion": 36.484283447265625,
        "cost_distance_glasses": 737.1663215966867,
        "cost_deviation": 3.341311454772949,
        "cost_distorsion": 22.116939544677734,
        "cost_thickness": 3733.492431640625,
        "cost_beam_compression": 2.1332569122314453,
        "cost_non_linearity": 957.212646484375,
        "cost_distance_total_intern_reflection": 13545.9326171875
    },
    "weighted components": {
        "cost_dispersion": 36.484283447265625,
        "cost_distance_glasses": 737.1663215966867,
        "cost_deviation": 3.341311454772949,
        "cost_distorsion": 22.116939544677734,
        "cost_thickness": 3733.492431640625,
        "cost_beam_compression": 2.1332569122314453,
        "cost_non_linearity": 957.212646484375,
        "cost_distance_total_intern_reflection": 13545.9326171875
    }
}{
    "components non weights": {
        "cost_dispersion": 1.0,
        "cost_distance_glasses": 1.0,
        "cost_deviation": 1,
        "cost_distorsion": 1.0,
        "cost_thickness": 1.0,
        "cost_beam_compression": 1.0,
        "cost_non_linearity": 1.0,
        "cost_distance_total_intern_reflection": 1.0
    },
    "components with weights": {
        "cost_dispersion": 36.484283447265625,
        "cost_distance_glasses": 737.1663215966867,
        "cost_deviation": 3.341311454772949,
        "cost_distorsion": 22.116939544677734,
        "cost_thickness": 3733.492431640625,
        "cost_beam_compression": 2.1332569122314453,
        "cost_non_linearity": 957.212646484375,
        "cost_distance_total_intern_reflection": 13545.9326171875
    },
    "weighted components": {
        "cost_dispersion": 36.484283447265625,
        "cost_distance_glasses": 737.1663215966867,
        "cost_deviation": 3.341311454772949,
        "cost_distorsion": 22.116939544677734,
        "cost_thickness": 3733.492431640625,
        "cost_beam_compression": 2.1332569122314453,
        "cost_non_linearity": 957.212646484375,
        "cost_distance_total_intern_reflection": 13545.9326171875
    }
}