{
    "components non weights": {
        "cost_dispersion": 1.0,
        "cost_distance_glasses": 1.0,
        "cost_deviation": 1,
        "cost_distorsion": 1.0,
        "cost_thickness": 1.0,
        "cost_beam_compression": 1.0,
        "cost_non_linearity": 1.0,
        "cost_distance_total_intern_reflection": 1.0
    },
    "components with weights": {
        "cost_dispersion": 65.09546661376953,
        "cost_distance_glasses": 1334.229205765754,
        "cost_deviation": 7.9896745681762695,
        "cost_distorsion": 22.901996612548828,
        "cost_thickness": 4167.96484375,
        "cost_beam_compression": 2.3944215774536133,
        "cost_non_linearity": 953.3370361328125,
        "cost_distance_total_intern_reflection": 14222.75390625
    },
    "weighted components": {
        "cost_dispersion": 65.09546661376953,
        "cost_distance_glasses": 1334.229205765754,
        "cost_deviation": 7.9896745681762695,
        "cost_distorsion": 22.901996612548828,
        "cost_thickness": 4167.96484375,
        "cost_beam_compression": 2.3944215774536133,
        "cost_non_linearity": 953.3370361328125,
        "cost_distance_total_intern_reflection": 14222.75390625
    }
}{
    "components non weights": {
        "cost_dispersion": 1.0,
        "cost_distance_glasses": 1.0,
        "cost_deviation": 1,
        "cost_distorsion": 1.0,
        "cost_thickness": 1.0,
        "cost_beam_compression": 1.0,
        "cost_non_linearity": 1.0,
        "cost_distance_total_intern_reflection": 1.0
    },
    "components with weights": {
        "cost_dispersion": 65.09546661376953,
        "cost_distance_glasses": 1334.229205765754,
        "cost_deviation": 7.9896745681762695,
        "cost_distorsion": 22.901996612548828,
        "cost_thickness": 4167.96484375,
        "cost_beam_compression": 2.3944215774536133,
        "cost_non_linearity": 953.3370361328125,
        "cost_distance_total_intern_reflection": 14222.75390625
    },
    "weighted components": {
        "cost_dispersion": 65.09546661376953,
        "cost_distance_glasses": 1334.229205765754,
        "cost_deviation": 7.9896745681762695,
        "cost_distorsion": 22.901996612548828,
        "cost_thickness": 4167.96484375,
        "cost_beam_compression": 2.3944215774536133,
        "cost_non_linearity": 953.3370361328125,
        "cost_distance_total_intern_reflection": 14222.75390625
    }
}