{
    "components non weights": {
        "cost_dispersion": 1.0,
        "cost_distance_glasses": 1.0,
        "cost_deviation": 1,
        "cost_distorsion": 1.0,
        "cost_thickness": 1.0,
        "cost_beam_compression": 1.0,
        "cost_non_linearity": 1.0,
        "cost_distance_total_intern_reflection": 1.0
    },
    "components with weights": {
        "cost_dispersion": 30.682565689086914,
        "cost_distance_glasses": 1003.1825871890808,
        "cost_deviation": 3.0791852474212646,
        "cost_distorsion": 22.035123825073242,
        "cost_thickness": 3791.397705078125,
        "cost_beam_compression": 2.167266607284546,
        "cost_non_linearity": 958.2438354492188,
        "cost_distance_total_intern_reflection": 13634.1806640625
    },
    "weighted components": {
        "cost_dispersion": 30.682565689086914,
        "cost_distance_glasses": 1003.1825871890808,
        "cost_deviation": 3.0791852474212646,
        "cost_distorsion": 22.035123825073242,
        "cost_thickness": 3791.397705078125,
        "cost_beam_compression": 2.167266607284546,
        "cost_non_linearity": 958.2438354492188,
        "cost_distance_total_intern_reflection": 13634.1806640625
    }
}{
    "components non weights": {
        "cost_dispersion": 1.0,
        "cost_distance_glasses": 1.0,
        "cost_deviation": 1,
        "cost_distorsion": 1.0,
        "cost_thickness": 1.0,
        "cost_beam_compression": 1.0,
        "cost_non_linearity": 1.0,
        "cost_distance_total_intern_reflection": 1.0
    },
    "components with weights": {
        "cost_dispersion": 30.682565689086914,
        "cost_distance_glasses": 1003.1825871890808,
        "cost_deviation": 3.0791852474212646,
        "cost_distorsion": 22.035123825073242,
        "cost_thickness": 3791.397705078125,
        "cost_beam_compression": 2.167266607284546,
        "cost_non_linearity": 958.2438354492188,
        "cost_distance_total_intern_reflection": 13634.1806640625
    },
    "weighted components": {
        "cost_dispersion": 30.682565689086914,
        "cost_distance_glasses": 1003.1825871890808,
        "cost_deviation": 3.0791852474212646,
        "cost_distorsion": 22.035123825073242,
        "cost_thickness": 3791.397705078125,
        "cost_beam_compression": 2.167266607284546,
        "cost_non_linearity": 958.2438354492188,
        "cost_distance_total_intern_reflection": 13634.1806640625
    }
}