{
    "components non weights": {
        "cost_dispersion": 1.0,
        "cost_distance_glasses": 1.0,
        "cost_deviation": 1,
        "cost_distorsion": 1.0,
        "cost_thickness": 1.0,
        "cost_beam_compression": 1.0,
        "cost_non_linearity": 1.0,
        "cost_distance_total_intern_reflection": 1.0
    },
    "components with weights": {
        "cost_dispersion": 51.54090118408203,
        "cost_distance_glasses": 827.2075401186639,
        "cost_deviation": 1.1168057918548584,
        "cost_distorsion": 25.0162296295166,
        "cost_thickness": 3764.20703125,
        "cost_beam_compression": 2.1493053436279297,
        "cost_non_linearity": 954.944091796875,
        "cost_distance_total_intern_reflection": 13626.8017578125
    },
    "weighted components": {
        "cost_dispersion": 51.54090118408203,
        "cost_distance_glasses": 827.2075401186639,
        "cost_deviation": 1.1168057918548584,
        "cost_distorsion": 25.0162296295166,
        "cost_thickness": 3764.20703125,
        "cost_beam_compression": 2.1493053436279297,
        "cost_non_linearity": 954.944091796875,
        "cost_distance_total_intern_reflection": 13626.8017578125
    }
}{
    "components non weights": {
        "cost_dispersion": 1.0,
        "cost_distance_glasses": 1.0,
        "cost_deviation": 1,
        "cost_distorsion": 1.0,
        "cost_thickness": 1.0,
        "cost_beam_compression": 1.0,
        "cost_non_linearity": 1.0,
        "cost_distance_total_intern_reflection": 1.0
    },
    "components with weights": {
        "cost_dispersion": 51.54090118408203,
        "cost_distance_glasses": 827.2075401186639,
        "cost_deviation": 1.1168057918548584,
        "cost_distorsion": 25.0162296295166,
        "cost_thickness": 3764.20703125,
        "cost_beam_compression": 2.1493053436279297,
        "cost_non_linearity": 954.944091796875,
        "cost_distance_total_intern_reflection": 13626.8017578125
    },
    "weighted components": {
        "cost_dispersion": 51.54090118408203,
        "cost_distance_glasses": 827.2075401186639,
        "cost_deviation": 1.1168057918548584,
        "cost_distorsion": 25.0162296295166,
        "cost_thickness": 3764.20703125,
        "cost_beam_compression": 2.1493053436279297,
        "cost_non_linearity": 954.944091796875,
        "cost_distance_total_intern_reflection": 13626.8017578125
    }
}