{
    "components non weights": {
        "cost_dispersion": 1.0,
        "cost_distance_glasses": 1.0,
        "cost_deviation": 1,
        "cost_distorsion": 1.0,
        "cost_thickness": 1.0,
        "cost_beam_compression": 1.0,
        "cost_non_linearity": 1.0,
        "cost_distance_total_intern_reflection": 1.0
    },
    "components with weights": {
        "cost_dispersion": 43.12490463256836,
        "cost_distance_glasses": 776.0311035993935,
        "cost_deviation": 0.42209792137145996,
        "cost_distorsion": 23.56163215637207,
        "cost_thickness": 3740.489990234375,
        "cost_beam_compression": 2.1363301277160645,
        "cost_non_linearity": 956.2947387695312,
        "cost_distance_total_intern_reflection": 13576.25390625
    },
    "weighted components": {
        "cost_dispersion": 43.12490463256836,
        "cost_distance_glasses": 776.0311035993935,
        "cost_deviation": 0.42209792137145996,
        "cost_distorsion": 23.56163215637207,
        "cost_thickness": 3740.489990234375,
        "cost_beam_compression": 2.1363301277160645,
        "cost_non_linearity": 956.2947387695312,
        "cost_distance_total_intern_reflection": 13576.25390625
    }
}{
    "components non weights": {
        "cost_dispersion": 1.0,
        "cost_distance_glasses": 1.0,
        "cost_deviation": 1,
        "cost_distorsion": 1.0,
        "cost_thickness": 1.0,
        "cost_beam_compression": 1.0,
        "cost_non_linearity": 1.0,
        "cost_distance_total_intern_reflection": 1.0
    },
    "components with weights": {
        "cost_dispersion": 43.12490463256836,
        "cost_distance_glasses": 776.0311035993935,
        "cost_deviation": 0.42209792137145996,
        "cost_distorsion": 23.56163215637207,
        "cost_thickness": 3740.489990234375,
        "cost_beam_compression": 2.1363301277160645,
        "cost_non_linearity": 956.2947387695312,
        "cost_distance_total_intern_reflection": 13576.25390625
    },
    "weighted components": {
        "cost_dispersion": 43.12490463256836,
        "cost_distance_glasses": 776.0311035993935,
        "cost_deviation": 0.42209792137145996,
        "cost_distorsion": 23.56163215637207,
        "cost_thickness": 3740.489990234375,
        "cost_beam_compression": 2.1363301277160645,
        "cost_non_linearity": 956.2947387695312,
        "cost_distance_total_intern_reflection": 13576.25390625
    }
}