{
    "components non weights": {
        "cost_dispersion": 1.0,
        "cost_distance_glasses": 1.0,
        "cost_deviation": 1,
        "cost_distorsion": 1.0,
        "cost_thickness": 1.0,
        "cost_beam_compression": 1.0,
        "cost_non_linearity": 1.0,
        "cost_distance_total_intern_reflection": 1.0
    },
    "components with weights": {
        "cost_dispersion": 28.641834259033203,
        "cost_distance_glasses": 783.5464494762659,
        "cost_deviation": 9.460229873657227,
        "cost_distorsion": 20.947660446166992,
        "cost_thickness": 3741.719970703125,
        "cost_beam_compression": 2.1388702392578125,
        "cost_non_linearity": 958.4049682617188,
        "cost_distance_total_intern_reflection": 13579.92578125
    },
    "weighted components": {
        "cost_dispersion": 28.641834259033203,
        "cost_distance_glasses": 783.5464494762659,
        "cost_deviation": 9.460229873657227,
        "cost_distorsion": 20.947660446166992,
        "cost_thickness": 3741.719970703125,
        "cost_beam_compression": 2.1388702392578125,
        "cost_non_linearity": 958.4049682617188,
        "cost_distance_total_intern_reflection": 13579.92578125
    }
}{
    "components non weights": {
        "cost_dispersion": 1.0,
        "cost_distance_glasses": 1.0,
        "cost_deviation": 1,
        "cost_distorsion": 1.0,
        "cost_thickness": 1.0,
        "cost_beam_compression": 1.0,
        "cost_non_linearity": 1.0,
        "cost_distance_total_intern_reflection": 1.0
    },
    "components with weights": {
        "cost_dispersion": 28.641834259033203,
        "cost_distance_glasses": 783.5464494762659,
        "cost_deviation": 9.460229873657227,
        "cost_distorsion": 20.947660446166992,
        "cost_thickness": 3741.719970703125,
        "cost_beam_compression": 2.1388702392578125,
        "cost_non_linearity": 958.4049682617188,
        "cost_distance_total_intern_reflection": 13579.92578125
    },
    "weighted components": {
        "cost_dispersion": 28.641834259033203,
        "cost_distance_glasses": 783.5464494762659,
        "cost_deviation": 9.460229873657227,
        "cost_distorsion": 20.947660446166992,
        "cost_thickness": 3741.719970703125,
        "cost_beam_compression": 2.1388702392578125,
        "cost_non_linearity": 958.4049682617188,
        "cost_distance_total_intern_reflection": 13579.92578125
    }
}