{
    "components non weights": {
        "cost_dispersion": 1.0,
        "cost_distance_glasses": 1.0,
        "cost_deviation": 1,
        "cost_distorsion": 1.0,
        "cost_thickness": 1.0,
        "cost_beam_compression": 1.0,
        "cost_non_linearity": 1.0,
        "cost_distance_total_intern_reflection": 1.0
    },
    "components with weights": {
        "cost_dispersion": 617.16943359375,
        "cost_distance_glasses": 2137.3219461661433,
        "cost_deviation": 129.41661071777344,
        "cost_distorsion": 19.579816818237305,
        "cost_thickness": 3928.0107421875,
        "cost_beam_compression": 2.2483019828796387,
        "cost_non_linearity": 921.511474609375,
        "cost_distance_total_intern_reflection": 13864.333984375
    },
    "weighted components": {
        "cost_dispersion": 617.16943359375,
        "cost_distance_glasses": 2137.3219461661433,
        "cost_deviation": 129.41661071777344,
        "cost_distorsion": 19.579816818237305,
        "cost_thickness": 3928.0107421875,
        "cost_beam_compression": 2.2483019828796387,
        "cost_non_linearity": 921.511474609375,
        "cost_distance_total_intern_reflection": 13864.333984375
    }
}{
    "components non weights": {
        "cost_dispersion": 1.0,
        "cost_distance_glasses": 1.0,
        "cost_deviation": 1,
        "cost_distorsion": 1.0,
        "cost_thickness": 1.0,
        "cost_beam_compression": 1.0,
        "cost_non_linearity": 1.0,
        "cost_distance_total_intern_reflection": 1.0
    },
    "components with weights": {
        "cost_dispersion": 617.16943359375,
        "cost_distance_glasses": 2137.3219461661433,
        "cost_deviation": 129.41661071777344,
        "cost_distorsion": 19.579816818237305,
        "cost_thickness": 3928.0107421875,
        "cost_beam_compression": 2.2483019828796387,
        "cost_non_linearity": 921.511474609375,
        "cost_distance_total_intern_reflection": 13864.333984375
    },
    "weighted components": {
        "cost_dispersion": 617.16943359375,
        "cost_distance_glasses": 2137.3219461661433,
        "cost_deviation": 129.41661071777344,
        "cost_distorsion": 19.579816818237305,
        "cost_thickness": 3928.0107421875,
        "cost_beam_compression": 2.2483019828796387,
        "cost_non_linearity": 921.511474609375,
        "cost_distance_total_intern_reflection": 13864.333984375
    }
}