{
    "components non weights": {
        "cost_dispersion": 1.0,
        "cost_distance_glasses": 1.0,
        "cost_deviation": 1,
        "cost_distorsion": 1.0,
        "cost_thickness": 1.0,
        "cost_beam_compression": 1.0,
        "cost_non_linearity": 1.0,
        "cost_distance_total_intern_reflection": 1.0
    },
    "components with weights": {
        "cost_dispersion": 81.37616729736328,
        "cost_distance_glasses": 1215.388552115499,
        "cost_deviation": 10.83310604095459,
        "cost_distorsion": 21.52415657043457,
        "cost_thickness": 4155.30908203125,
        "cost_beam_compression": 2.3869128227233887,
        "cost_non_linearity": 951.4036254882812,
        "cost_distance_total_intern_reflection": 14177.1513671875
    },
    "weighted components": {
        "cost_dispersion": 81.37616729736328,
        "cost_distance_glasses": 1215.388552115499,
        "cost_deviation": 10.83310604095459,
        "cost_distorsion": 21.52415657043457,
        "cost_thickness": 4155.30908203125,
        "cost_beam_compression": 2.3869128227233887,
        "cost_non_linearity": 951.4036254882812,
        "cost_distance_total_intern_reflection": 14177.1513671875
    }
}{
    "components non weights": {
        "cost_dispersion": 1.0,
        "cost_distance_glasses": 1.0,
        "cost_deviation": 1,
        "cost_distorsion": 1.0,
        "cost_thickness": 1.0,
        "cost_beam_compression": 1.0,
        "cost_non_linearity": 1.0,
        "cost_distance_total_intern_reflection": 1.0
    },
    "components with weights": {
        "cost_dispersion": 81.37616729736328,
        "cost_distance_glasses": 1215.388552115499,
        "cost_deviation": 10.83310604095459,
        "cost_distorsion": 21.52415657043457,
        "cost_thickness": 4155.30908203125,
        "cost_beam_compression": 2.3869128227233887,
        "cost_non_linearity": 951.4036254882812,
        "cost_distance_total_intern_reflection": 14177.1513671875
    },
    "weighted components": {
        "cost_dispersion": 81.37616729736328,
        "cost_distance_glasses": 1215.388552115499,
        "cost_deviation": 10.83310604095459,
        "cost_distorsion": 21.52415657043457,
        "cost_thickness": 4155.30908203125,
        "cost_beam_compression": 2.3869128227233887,
        "cost_non_linearity": 951.4036254882812,
        "cost_distance_total_intern_reflection": 14177.1513671875
    }
}