{
    "components non weights": {
        "cost_dispersion": 1.0,
        "cost_distance_glasses": 1.0,
        "cost_deviation": 1,
        "cost_distorsion": 1.0,
        "cost_thickness": 1.0,
        "cost_beam_compression": 1.0,
        "cost_non_linearity": 1.0,
        "cost_distance_total_intern_reflection": 1.0
    },
    "components with weights": {
        "cost_dispersion": 31.605615615844727,
        "cost_distance_glasses": 711.843744185932,
        "cost_deviation": 7.5584540367126465,
        "cost_distorsion": 20.910375595092773,
        "cost_thickness": 3731.425048828125,
        "cost_beam_compression": 2.132842540740967,
        "cost_non_linearity": 957.9815063476562,
        "cost_distance_total_intern_reflection": 13567.1708984375
    },
    "weighted components": {
        "cost_dispersion": 31.605615615844727,
        "cost_distance_glasses": 711.843744185932,
        "cost_deviation": 7.5584540367126465,
        "cost_distorsion": 20.910375595092773,
        "cost_thickness": 3731.425048828125,
        "cost_beam_compression": 2.132842540740967,
        "cost_non_linearity": 957.9815063476562,
        "cost_distance_total_intern_reflection": 13567.1708984375
    }
}{
    "components non weights": {
        "cost_dispersion": 1.0,
        "cost_distance_glasses": 1.0,
        "cost_deviation": 1,
        "cost_distorsion": 1.0,
        "cost_thickness": 1.0,
        "cost_beam_compression": 1.0,
        "cost_non_linearity": 1.0,
        "cost_distance_total_intern_reflection": 1.0
    },
    "components with weights": {
        "cost_dispersion": 31.605615615844727,
        "cost_distance_glasses": 711.843744185932,
        "cost_deviation": 7.5584540367126465,
        "cost_distorsion": 20.910375595092773,
        "cost_thickness": 3731.425048828125,
        "cost_beam_compression": 2.132842540740967,
        "cost_non_linearity": 957.9815063476562,
        "cost_distance_total_intern_reflection": 13567.1708984375
    },
    "weighted components": {
        "cost_dispersion": 31.605615615844727,
        "cost_distance_glasses": 711.843744185932,
        "cost_deviation": 7.5584540367126465,
        "cost_distorsion": 20.910375595092773,
        "cost_thickness": 3731.425048828125,
        "cost_beam_compression": 2.132842540740967,
        "cost_non_linearity": 957.9815063476562,
        "cost_distance_total_intern_reflection": 13567.1708984375
    }
}