{
    "components non weights": {
        "cost_dispersion": 1.0,
        "cost_distance_glasses": 1.0,
        "cost_deviation": 1,
        "cost_distorsion": 1.0,
        "cost_thickness": 1.0,
        "cost_beam_compression": 1.0,
        "cost_non_linearity": 1.0,
        "cost_distance_total_intern_reflection": 1.0
    },
    "components with weights": {
        "cost_dispersion": 39.83686828613281,
        "cost_distance_glasses": 700.2128512831675,
        "cost_deviation": 2.2062578201293945,
        "cost_distorsion": 21.860027313232422,
        "cost_thickness": 3729.522705078125,
        "cost_beam_compression": 2.130791664123535,
        "cost_non_linearity": 956.77978515625,
        "cost_distance_total_intern_reflection": 13546.3349609375
    },
    "weighted components": {
        "cost_dispersion": 39.83686828613281,
        "cost_distance_glasses": 700.2128512831675,
        "cost_deviation": 2.2062578201293945,
        "cost_distorsion": 21.860027313232422,
        "cost_thickness": 3729.522705078125,
        "cost_beam_compression": 2.130791664123535,
        "cost_non_linearity": 956.77978515625,
        "cost_distance_total_intern_reflection": 13546.3349609375
    }
}{
    "components non weights": {
        "cost_dispersion": 1.0,
        "cost_distance_glasses": 1.0,
        "cost_deviation": 1,
        "cost_distorsion": 1.0,
        "cost_thickness": 1.0,
        "cost_beam_compression": 1.0,
        "cost_non_linearity": 1.0,
        "cost_distance_total_intern_reflection": 1.0
    },
    "components with weights": {
        "cost_dispersion": 39.83686828613281,
        "cost_distance_glasses": 700.2128512831675,
        "cost_deviation": 2.2062578201293945,
        "cost_distorsion": 21.860027313232422,
        "cost_thickness": 3729.522705078125,
        "cost_beam_compression": 2.130791664123535,
        "cost_non_linearity": 956.77978515625,
        "cost_distance_total_intern_reflection": 13546.3349609375
    },
    "weighted components": {
        "cost_dispersion": 39.83686828613281,
        "cost_distance_glasses": 700.2128512831675,
        "cost_deviation": 2.2062578201293945,
        "cost_distorsion": 21.860027313232422,
        "cost_thickness": 3729.522705078125,
        "cost_beam_compression": 2.130791664123535,
        "cost_non_linearity": 956.77978515625,
        "cost_distance_total_intern_reflection": 13546.3349609375
    }
}