{
    "components non weights": {
        "cost_dispersion": 1.0,
        "cost_distance_glasses": 1.0,
        "cost_deviation": 1,
        "cost_distorsion": 1.0,
        "cost_thickness": 1.0,
        "cost_beam_compression": 1.0,
        "cost_non_linearity": 1.0,
        "cost_distance_total_intern_reflection": 1.0
    },
    "components with weights": {
        "cost_dispersion": 150.6477508544922,
        "cost_distance_glasses": 1617.6255374986586,
        "cost_deviation": 25.6004581451416,
        "cost_distorsion": 20.83754539489746,
        "cost_thickness": 4093.771484375,
        "cost_beam_compression": 2.3481321334838867,
        "cost_non_linearity": 944.99267578125,
        "cost_distance_total_intern_reflection": 14086.203125
    },
    "weighted components": {
        "cost_dispersion": 150.6477508544922,
        "cost_distance_glasses": 1617.6255374986586,
        "cost_deviation": 25.6004581451416,
        "cost_distorsion": 20.83754539489746,
        "cost_thickness": 4093.771484375,
        "cost_beam_compression": 2.3481321334838867,
        "cost_non_linearity": 944.99267578125,
        "cost_distance_total_intern_reflection": 14086.203125
    }
}{
    "components non weights": {
        "cost_dispersion": 1.0,
        "cost_distance_glasses": 1.0,
        "cost_deviation": 1,
        "cost_distorsion": 1.0,
        "cost_thickness": 1.0,
        "cost_beam_compression": 1.0,
        "cost_non_linearity": 1.0,
        "cost_distance_total_intern_reflection": 1.0
    },
    "components with weights": {
        "cost_dispersion": 150.6477508544922,
        "cost_distance_glasses": 1617.6255374986586,
        "cost_deviation": 25.6004581451416,
        "cost_distorsion": 20.83754539489746,
        "cost_thickness": 4093.771484375,
        "cost_beam_compression": 2.3481321334838867,
        "cost_non_linearity": 944.99267578125,
        "cost_distance_total_intern_reflection": 14086.203125
    },
    "weighted components": {
        "cost_dispersion": 150.6477508544922,
        "cost_distance_glasses": 1617.6255374986586,
        "cost_deviation": 25.6004581451416,
        "cost_distorsion": 20.83754539489746,
        "cost_thickness": 4093.771484375,
        "cost_beam_compression": 2.3481321334838867,
        "cost_non_linearity": 944.99267578125,
        "cost_distance_total_intern_reflection": 14086.203125
    }
}