{
    "components non weights": {
        "cost_dispersion": 1.0,
        "cost_distance_glasses": 1.0,
        "cost_deviation": 1,
        "cost_distorsion": 1.0,
        "cost_thickness": 1.0,
        "cost_beam_compression": 1.0,
        "cost_non_linearity": 1.0,
        "cost_distance_total_intern_reflection": 1.0
    },
    "components with weights": {
        "cost_dispersion": 22.07749366760254,
        "cost_distance_glasses": 1150.00306863925,
        "cost_deviation": 8.696246147155762,
        "cost_distorsion": 20.171566009521484,
        "cost_thickness": 3812.816162109375,
        "cost_beam_compression": 2.1808571815490723,
        "cost_non_linearity": 959.883544921875,
        "cost_distance_total_intern_reflection": 13704.8623046875
    },
    "weighted components": {
        "cost_dispersion": 22.07749366760254,
        "cost_distance_glasses": 1150.00306863925,
        "cost_deviation": 8.696246147155762,
        "cost_distorsion": 20.171566009521484,
        "cost_thickness": 3812.816162109375,
        "cost_beam_compression": 2.1808571815490723,
        "cost_non_linearity": 959.883544921875,
        "cost_distance_total_intern_reflection": 13704.8623046875
    }
}{
    "components non weights": {
        "cost_dispersion": 1.0,
        "cost_distance_glasses": 1.0,
        "cost_deviation": 1,
        "cost_distorsion": 1.0,
        "cost_thickness": 1.0,
        "cost_beam_compression": 1.0,
        "cost_non_linearity": 1.0,
        "cost_distance_total_intern_reflection": 1.0
    },
    "components with weights": {
        "cost_dispersion": 22.07749366760254,
        "cost_distance_glasses": 1150.00306863925,
        "cost_deviation": 8.696246147155762,
        "cost_distorsion": 20.171566009521484,
        "cost_thickness": 3812.816162109375,
        "cost_beam_compression": 2.1808571815490723,
        "cost_non_linearity": 959.883544921875,
        "cost_distance_total_intern_reflection": 13704.8623046875
    },
    "weighted components": {
        "cost_dispersion": 22.07749366760254,
        "cost_distance_glasses": 1150.00306863925,
        "cost_deviation": 8.696246147155762,
        "cost_distorsion": 20.171566009521484,
        "cost_thickness": 3812.816162109375,
        "cost_beam_compression": 2.1808571815490723,
        "cost_non_linearity": 959.883544921875,
        "cost_distance_total_intern_reflection": 13704.8623046875
    }
}