{
    "components non weights": {
        "cost_dispersion": 1.0,
        "cost_distance_glasses": 1.0,
        "cost_deviation": 1,
        "cost_distorsion": 1.0,
        "cost_thickness": 1.0,
        "cost_beam_compression": 1.0,
        "cost_non_linearity": 1.0,
        "cost_distance_total_intern_reflection": 1.0
    },
    "components with weights": {
        "cost_dispersion": 25.55109977722168,
        "cost_distance_glasses": 859.6921443386365,
        "cost_deviation": 9.360579490661621,
        "cost_distorsion": 20.88890266418457,
        "cost_thickness": 3772.151123046875,
        "cost_beam_compression": 2.1571290493011475,
        "cost_non_linearity": 959.1082153320312,
        "cost_distance_total_intern_reflection": 13627.7158203125
    },
    "weighted components": {
        "cost_dispersion": 25.55109977722168,
        "cost_distance_glasses": 859.6921443386365,
        "cost_deviation": 9.360579490661621,
        "cost_distorsion": 20.88890266418457,
        "cost_thickness": 3772.151123046875,
        "cost_beam_compression": 2.1571290493011475,
        "cost_non_linearity": 959.1082153320312,
        "cost_distance_total_intern_reflection": 13627.7158203125
    }
}{
    "components non weights": {
        "cost_dispersion": 1.0,
        "cost_distance_glasses": 1.0,
        "cost_deviation": 1,
        "cost_distorsion": 1.0,
        "cost_thickness": 1.0,
        "cost_beam_compression": 1.0,
        "cost_non_linearity": 1.0,
        "cost_distance_total_intern_reflection": 1.0
    },
    "components with weights": {
        "cost_dispersion": 25.55109977722168,
        "cost_distance_glasses": 859.6921443386365,
        "cost_deviation": 9.360579490661621,
        "cost_distorsion": 20.88890266418457,
        "cost_thickness": 3772.151123046875,
        "cost_beam_compression": 2.1571290493011475,
        "cost_non_linearity": 959.1082153320312,
        "cost_distance_total_intern_reflection": 13627.7158203125
    },
    "weighted components": {
        "cost_dispersion": 25.55109977722168,
        "cost_distance_glasses": 859.6921443386365,
        "cost_deviation": 9.360579490661621,
        "cost_distorsion": 20.88890266418457,
        "cost_thickness": 3772.151123046875,
        "cost_beam_compression": 2.1571290493011475,
        "cost_non_linearity": 959.1082153320312,
        "cost_distance_total_intern_reflection": 13627.7158203125
    }
}