{
    "components non weights": {
        "cost_dispersion": 1.0,
        "cost_distance_glasses": 1.0,
        "cost_deviation": 1,
        "cost_distorsion": 1.0,
        "cost_thickness": 1.0,
        "cost_beam_compression": 1.0,
        "cost_non_linearity": 1.0,
        "cost_distance_total_intern_reflection": 1.0
    },
    "components with weights": {
        "cost_dispersion": 341.3157043457031,
        "cost_distance_glasses": 2053.18665834132,
        "cost_deviation": 65.38525390625,
        "cost_distorsion": 19.91150665283203,
        "cost_thickness": 4001.521484375,
        "cost_beam_compression": 2.291276454925537,
        "cost_non_linearity": 933.2816162109375,
        "cost_distance_total_intern_reflection": 13944.08203125
    },
    "weighted components": {
        "cost_dispersion": 341.3157043457031,
        "cost_distance_glasses": 2053.18665834132,
        "cost_deviation": 65.38525390625,
        "cost_distorsion": 19.91150665283203,
        "cost_thickness": 4001.521484375,
        "cost_beam_compression": 2.291276454925537,
        "cost_non_linearity": 933.2816162109375,
        "cost_distance_total_intern_reflection": 13944.08203125
    }
}{
    "components non weights": {
        "cost_dispersion": 1.0,
        "cost_distance_glasses": 1.0,
        "cost_deviation": 1,
        "cost_distorsion": 1.0,
        "cost_thickness": 1.0,
        "cost_beam_compression": 1.0,
        "cost_non_linearity": 1.0,
        "cost_distance_total_intern_reflection": 1.0
    },
    "components with weights": {
        "cost_dispersion": 341.3157043457031,
        "cost_distance_glasses": 2053.18665834132,
        "cost_deviation": 65.38525390625,
        "cost_distorsion": 19.91150665283203,
        "cost_thickness": 4001.521484375,
        "cost_beam_compression": 2.291276454925537,
        "cost_non_linearity": 933.2816162109375,
        "cost_distance_total_intern_reflection": 13944.08203125
    },
    "weighted components": {
        "cost_dispersion": 341.3157043457031,
        "cost_distance_glasses": 2053.18665834132,
        "cost_deviation": 65.38525390625,
        "cost_distorsion": 19.91150665283203,
        "cost_thickness": 4001.521484375,
        "cost_beam_compression": 2.291276454925537,
        "cost_non_linearity": 933.2816162109375,
        "cost_distance_total_intern_reflection": 13944.08203125
    }
}