{
    "components non weights": {
        "cost_dispersion": 1.0,
        "cost_distance_glasses": 1.0,
        "cost_deviation": 1,
        "cost_distorsion": 1.0,
        "cost_thickness": 1.0,
        "cost_beam_compression": 1.0,
        "cost_non_linearity": 1.0,
        "cost_distance_total_intern_reflection": 1.0
    },
    "components with weights": {
        "cost_dispersion": 36.330345153808594,
        "cost_distance_glasses": 754.0034165952645,
        "cost_deviation": 3.382293701171875,
        "cost_distorsion": 22.032228469848633,
        "cost_thickness": 3733.52587890625,
        "cost_beam_compression": 2.133249044418335,
        "cost_non_linearity": 957.3175659179688,
        "cost_distance_total_intern_reflection": 13546.4404296875
    },
    "weighted components": {
        "cost_dispersion": 36.330345153808594,
        "cost_distance_glasses": 754.0034165952645,
        "cost_deviation": 3.382293701171875,
        "cost_distorsion": 22.032228469848633,
        "cost_thickness": 3733.52587890625,
        "cost_beam_compression": 2.133249044418335,
        "cost_non_linearity": 957.3175659179688,
        "cost_distance_total_intern_reflection": 13546.4404296875
    }
}{
    "components non weights": {
        "cost_dispersion": 1.0,
        "cost_distance_glasses": 1.0,
        "cost_deviation": 1,
        "cost_distorsion": 1.0,
        "cost_thickness": 1.0,
        "cost_beam_compression": 1.0,
        "cost_non_linearity": 1.0,
        "cost_distance_total_intern_reflection": 1.0
    },
    "components with weights": {
        "cost_dispersion": 36.330345153808594,
        "cost_distance_glasses": 754.0034165952645,
        "cost_deviation": 3.382293701171875,
        "cost_distorsion": 22.032228469848633,
        "cost_thickness": 3733.52587890625,
        "cost_beam_compression": 2.133249044418335,
        "cost_non_linearity": 957.3175659179688,
        "cost_distance_total_intern_reflection": 13546.4404296875
    },
    "weighted components": {
        "cost_dispersion": 36.330345153808594,
        "cost_distance_glasses": 754.0034165952645,
        "cost_deviation": 3.382293701171875,
        "cost_distorsion": 22.032228469848633,
        "cost_thickness": 3733.52587890625,
        "cost_beam_compression": 2.133249044418335,
        "cost_non_linearity": 957.3175659179688,
        "cost_distance_total_intern_reflection": 13546.4404296875
    }
}