{
    "components non weights": {
        "cost_dispersion": 1.0,
        "cost_distance_glasses": 1.0,
        "cost_deviation": 1,
        "cost_distorsion": 1.0,
        "cost_thickness": 1.0,
        "cost_beam_compression": 1.0,
        "cost_non_linearity": 1.0,
        "cost_distance_total_intern_reflection": 1.0
    },
    "components with weights": {
        "cost_dispersion": 411.0419616699219,
        "cost_distance_glasses": 6665.100424903532,
        "cost_deviation": 242.01904296875,
        "cost_distorsion": 29.714069366455078,
        "cost_thickness": 4182.689453125,
        "cost_beam_compression": 2.3863327503204346,
        "cost_non_linearity": 930.1221313476562,
        "cost_distance_total_intern_reflection": 14237.8310546875
    },
    "weighted components": {
        "cost_dispersion": 411.0419616699219,
        "cost_distance_glasses": 6665.100424903532,
        "cost_deviation": 242.01904296875,
        "cost_distorsion": 29.714069366455078,
        "cost_thickness": 4182.689453125,
        "cost_beam_compression": 2.3863327503204346,
        "cost_non_linearity": 930.1221313476562,
        "cost_distance_total_intern_reflection": 14237.8310546875
    }
}{
    "components non weights": {
        "cost_dispersion": 1.0,
        "cost_distance_glasses": 1.0,
        "cost_deviation": 1,
        "cost_distorsion": 1.0,
        "cost_thickness": 1.0,
        "cost_beam_compression": 1.0,
        "cost_non_linearity": 1.0,
        "cost_distance_total_intern_reflection": 1.0
    },
    "components with weights": {
        "cost_dispersion": 411.0419616699219,
        "cost_distance_glasses": 6665.100424903532,
        "cost_deviation": 242.01904296875,
        "cost_distorsion": 29.714069366455078,
        "cost_thickness": 4182.689453125,
        "cost_beam_compression": 2.3863327503204346,
        "cost_non_linearity": 930.1221313476562,
        "cost_distance_total_intern_reflection": 14237.8310546875
    },
    "weighted components": {
        "cost_dispersion": 411.0419616699219,
        "cost_distance_glasses": 6665.100424903532,
        "cost_deviation": 242.01904296875,
        "cost_distorsion": 29.714069366455078,
        "cost_thickness": 4182.689453125,
        "cost_beam_compression": 2.3863327503204346,
        "cost_non_linearity": 930.1221313476562,
        "cost_distance_total_intern_reflection": 14237.8310546875
    }
}