{
    "components non weights": {
        "cost_dispersion": 1.0,
        "cost_distance_glasses": 1.0,
        "cost_deviation": 1,
        "cost_distorsion": 1.0,
        "cost_thickness": 1.0,
        "cost_beam_compression": 1.0,
        "cost_non_linearity": 1.0,
        "cost_distance_total_intern_reflection": 1.0
    },
    "components with weights": {
        "cost_dispersion": 35.29015350341797,
        "cost_distance_glasses": 1589.1689647208261,
        "cost_deviation": 19.921443939208984,
        "cost_distorsion": 19.98748016357422,
        "cost_thickness": 4179.77880859375,
        "cost_beam_compression": 2.403390884399414,
        "cost_non_linearity": 957.3882446289062,
        "cost_distance_total_intern_reflection": 14255.8505859375
    },
    "weighted components": {
        "cost_dispersion": 35.29015350341797,
        "cost_distance_glasses": 1589.1689647208261,
        "cost_deviation": 19.921443939208984,
        "cost_distorsion": 19.98748016357422,
        "cost_thickness": 4179.77880859375,
        "cost_beam_compression": 2.403390884399414,
        "cost_non_linearity": 957.3882446289062,
        "cost_distance_total_intern_reflection": 14255.8505859375
    }
}{
    "components non weights": {
        "cost_dispersion": 1.0,
        "cost_distance_glasses": 1.0,
        "cost_deviation": 1,
        "cost_distorsion": 1.0,
        "cost_thickness": 1.0,
        "cost_beam_compression": 1.0,
        "cost_non_linearity": 1.0,
        "cost_distance_total_intern_reflection": 1.0
    },
    "components with weights": {
        "cost_dispersion": 35.29015350341797,
        "cost_distance_glasses": 1589.1689647208261,
        "cost_deviation": 19.921443939208984,
        "cost_distorsion": 19.98748016357422,
        "cost_thickness": 4179.77880859375,
        "cost_beam_compression": 2.403390884399414,
        "cost_non_linearity": 957.3882446289062,
        "cost_distance_total_intern_reflection": 14255.8505859375
    },
    "weighted components": {
        "cost_dispersion": 35.29015350341797,
        "cost_distance_glasses": 1589.1689647208261,
        "cost_deviation": 19.921443939208984,
        "cost_distorsion": 19.98748016357422,
        "cost_thickness": 4179.77880859375,
        "cost_beam_compression": 2.403390884399414,
        "cost_non_linearity": 957.3882446289062,
        "cost_distance_total_intern_reflection": 14255.8505859375
    }
}