{
    "components non weights": {
        "cost_dispersion": 1.0,
        "cost_distance_glasses": 1.0,
        "cost_deviation": 1,
        "cost_distorsion": 1.0,
        "cost_thickness": 1.0,
        "cost_beam_compression": 1.0,
        "cost_non_linearity": 1.0,
        "cost_distance_total_intern_reflection": 1.0
    },
    "components with weights": {
        "cost_dispersion": 32.979026794433594,
        "cost_distance_glasses": 775.56564473925,
        "cost_deviation": 5.833815097808838,
        "cost_distorsion": 20.724477767944336,
        "cost_thickness": 3738.8583984375,
        "cost_beam_compression": 2.1366934776306152,
        "cost_non_linearity": 957.6902465820312,
        "cost_distance_total_intern_reflection": 13583.931640625
    },
    "weighted components": {
        "cost_dispersion": 32.979026794433594,
        "cost_distance_glasses": 775.56564473925,
        "cost_deviation": 5.833815097808838,
        "cost_distorsion": 20.724477767944336,
        "cost_thickness": 3738.8583984375,
        "cost_beam_compression": 2.1366934776306152,
        "cost_non_linearity": 957.6902465820312,
        "cost_distance_total_intern_reflection": 13583.931640625
    }
}{
    "components non weights": {
        "cost_dispersion": 1.0,
        "cost_distance_glasses": 1.0,
        "cost_deviation": 1,
        "cost_distorsion": 1.0,
        "cost_thickness": 1.0,
        "cost_beam_compression": 1.0,
        "cost_non_linearity": 1.0,
        "cost_distance_total_intern_reflection": 1.0
    },
    "components with weights": {
        "cost_dispersion": 32.979026794433594,
        "cost_distance_glasses": 775.56564473925,
        "cost_deviation": 5.833815097808838,
        "cost_distorsion": 20.724477767944336,
        "cost_thickness": 3738.8583984375,
        "cost_beam_compression": 2.1366934776306152,
        "cost_non_linearity": 957.6902465820312,
        "cost_distance_total_intern_reflection": 13583.931640625
    },
    "weighted components": {
        "cost_dispersion": 32.979026794433594,
        "cost_distance_glasses": 775.56564473925,
        "cost_deviation": 5.833815097808838,
        "cost_distorsion": 20.724477767944336,
        "cost_thickness": 3738.8583984375,
        "cost_beam_compression": 2.1366934776306152,
        "cost_non_linearity": 957.6902465820312,
        "cost_distance_total_intern_reflection": 13583.931640625
    }
}