{
    "components non weights": {
        "cost_dispersion": 1.0,
        "cost_distance_glasses": 1.0,
        "cost_deviation": 1,
        "cost_distorsion": 1.0,
        "cost_thickness": 1.0,
        "cost_beam_compression": 1.0,
        "cost_non_linearity": 1.0,
        "cost_distance_total_intern_reflection": 1.0
    },
    "components with weights": {
        "cost_dispersion": 35.933380126953125,
        "cost_distance_glasses": 769.1376512504438,
        "cost_deviation": 3.668168306350708,
        "cost_distorsion": 21.322986602783203,
        "cost_thickness": 3736.971435546875,
        "cost_beam_compression": 2.135186195373535,
        "cost_non_linearity": 957.302001953125,
        "cost_distance_total_intern_reflection": 13567.9736328125
    },
    "weighted components": {
        "cost_dispersion": 35.933380126953125,
        "cost_distance_glasses": 769.1376512504438,
        "cost_deviation": 3.668168306350708,
        "cost_distorsion": 21.322986602783203,
        "cost_thickness": 3736.971435546875,
        "cost_beam_compression": 2.135186195373535,
        "cost_non_linearity": 957.302001953125,
        "cost_distance_total_intern_reflection": 13567.9736328125
    }
}{
    "components non weights": {
        "cost_dispersion": 1.0,
        "cost_distance_glasses": 1.0,
        "cost_deviation": 1,
        "cost_distorsion": 1.0,
        "cost_thickness": 1.0,
        "cost_beam_compression": 1.0,
        "cost_non_linearity": 1.0,
        "cost_distance_total_intern_reflection": 1.0
    },
    "components with weights": {
        "cost_dispersion": 35.933380126953125,
        "cost_distance_glasses": 769.1376512504438,
        "cost_deviation": 3.668168306350708,
        "cost_distorsion": 21.322986602783203,
        "cost_thickness": 3736.971435546875,
        "cost_beam_compression": 2.135186195373535,
        "cost_non_linearity": 957.302001953125,
        "cost_distance_total_intern_reflection": 13567.9736328125
    },
    "weighted components": {
        "cost_dispersion": 35.933380126953125,
        "cost_distance_glasses": 769.1376512504438,
        "cost_deviation": 3.668168306350708,
        "cost_distorsion": 21.322986602783203,
        "cost_thickness": 3736.971435546875,
        "cost_beam_compression": 2.135186195373535,
        "cost_non_linearity": 957.302001953125,
        "cost_distance_total_intern_reflection": 13567.9736328125
    }
}