{
    "components non weights": {
        "cost_dispersion": 1.0,
        "cost_distance_glasses": 1.0,
        "cost_deviation": 1,
        "cost_distorsion": 1.0,
        "cost_thickness": 1.0,
        "cost_beam_compression": 1.0,
        "cost_non_linearity": 1.0,
        "cost_distance_total_intern_reflection": 1.0
    },
    "components with weights": {
        "cost_dispersion": 31.773975372314453,
        "cost_distance_glasses": 1040.118285748136,
        "cost_deviation": 2.4508402347564697,
        "cost_distorsion": 22.324434280395508,
        "cost_thickness": 3790.547607421875,
        "cost_beam_compression": 2.1667230129241943,
        "cost_non_linearity": 958.273193359375,
        "cost_distance_total_intern_reflection": 13627.9326171875
    },
    "weighted components": {
        "cost_dispersion": 31.773975372314453,
        "cost_distance_glasses": 1040.118285748136,
        "cost_deviation": 2.4508402347564697,
        "cost_distorsion": 22.324434280395508,
        "cost_thickness": 3790.547607421875,
        "cost_beam_compression": 2.1667230129241943,
        "cost_non_linearity": 958.273193359375,
        "cost_distance_total_intern_reflection": 13627.9326171875
    }
}{
    "components non weights": {
        "cost_dispersion": 1.0,
        "cost_distance_glasses": 1.0,
        "cost_deviation": 1,
        "cost_distorsion": 1.0,
        "cost_thickness": 1.0,
        "cost_beam_compression": 1.0,
        "cost_non_linearity": 1.0,
        "cost_distance_total_intern_reflection": 1.0
    },
    "components with weights": {
        "cost_dispersion": 31.773975372314453,
        "cost_distance_glasses": 1040.118285748136,
        "cost_deviation": 2.4508402347564697,
        "cost_distorsion": 22.324434280395508,
        "cost_thickness": 3790.547607421875,
        "cost_beam_compression": 2.1667230129241943,
        "cost_non_linearity": 958.273193359375,
        "cost_distance_total_intern_reflection": 13627.9326171875
    },
    "weighted components": {
        "cost_dispersion": 31.773975372314453,
        "cost_distance_glasses": 1040.118285748136,
        "cost_deviation": 2.4508402347564697,
        "cost_distorsion": 22.324434280395508,
        "cost_thickness": 3790.547607421875,
        "cost_beam_compression": 2.1667230129241943,
        "cost_non_linearity": 958.273193359375,
        "cost_distance_total_intern_reflection": 13627.9326171875
    }
}