{
    "components non weights": {
        "cost_dispersion": 1.0,
        "cost_distance_glasses": 1.0,
        "cost_deviation": 1,
        "cost_distorsion": 1.0,
        "cost_thickness": 1.0,
        "cost_beam_compression": 1.0,
        "cost_non_linearity": 1.0,
        "cost_distance_total_intern_reflection": 1.0
    },
    "components with weights": {
        "cost_dispersion": 44.72510528564453,
        "cost_distance_glasses": 1593.102631846401,
        "cost_deviation": 11.944117546081543,
        "cost_distorsion": 22.307809829711914,
        "cost_thickness": 4176.98193359375,
        "cost_beam_compression": 2.400888204574585,
        "cost_non_linearity": 955.75927734375,
        "cost_distance_total_intern_reflection": 14225.4169921875
    },
    "weighted components": {
        "cost_dispersion": 44.72510528564453,
        "cost_distance_glasses": 1593.102631846401,
        "cost_deviation": 11.944117546081543,
        "cost_distorsion": 22.307809829711914,
        "cost_thickness": 4176.98193359375,
        "cost_beam_compression": 2.400888204574585,
        "cost_non_linearity": 955.75927734375,
        "cost_distance_total_intern_reflection": 14225.4169921875
    }
}{
    "components non weights": {
        "cost_dispersion": 1.0,
        "cost_distance_glasses": 1.0,
        "cost_deviation": 1,
        "cost_distorsion": 1.0,
        "cost_thickness": 1.0,
        "cost_beam_compression": 1.0,
        "cost_non_linearity": 1.0,
        "cost_distance_total_intern_reflection": 1.0
    },
    "components with weights": {
        "cost_dispersion": 44.72510528564453,
        "cost_distance_glasses": 1593.102631846401,
        "cost_deviation": 11.944117546081543,
        "cost_distorsion": 22.307809829711914,
        "cost_thickness": 4176.98193359375,
        "cost_beam_compression": 2.400888204574585,
        "cost_non_linearity": 955.75927734375,
        "cost_distance_total_intern_reflection": 14225.4169921875
    },
    "weighted components": {
        "cost_dispersion": 44.72510528564453,
        "cost_distance_glasses": 1593.102631846401,
        "cost_deviation": 11.944117546081543,
        "cost_distorsion": 22.307809829711914,
        "cost_thickness": 4176.98193359375,
        "cost_beam_compression": 2.400888204574585,
        "cost_non_linearity": 955.75927734375,
        "cost_distance_total_intern_reflection": 14225.4169921875
    }
}