{
    "components non weights": {
        "cost_dispersion": 1.0,
        "cost_distance_glasses": 1.0,
        "cost_deviation": 1,
        "cost_distorsion": 1.0,
        "cost_thickness": 1.0,
        "cost_beam_compression": 1.0,
        "cost_non_linearity": 1.0,
        "cost_distance_total_intern_reflection": 1.0
    },
    "components with weights": {
        "cost_dispersion": 147.2762451171875,
        "cost_distance_glasses": 1361.934847981683,
        "cost_deviation": 19.685380935668945,
        "cost_distorsion": 21.219539642333984,
        "cost_thickness": 4101.0849609375,
        "cost_beam_compression": 2.353696823120117,
        "cost_non_linearity": 945.4645385742188,
        "cost_distance_total_intern_reflection": 14096.376953125
    },
    "weighted components": {
        "cost_dispersion": 147.2762451171875,
        "cost_distance_glasses": 1361.934847981683,
        "cost_deviation": 19.685380935668945,
        "cost_distorsion": 21.219539642333984,
        "cost_thickness": 4101.0849609375,
        "cost_beam_compression": 2.353696823120117,
        "cost_non_linearity": 945.4645385742188,
        "cost_distance_total_intern_reflection": 14096.376953125
    }
}{
    "components non weights": {
        "cost_dispersion": 1.0,
        "cost_distance_glasses": 1.0,
        "cost_deviation": 1,
        "cost_distorsion": 1.0,
        "cost_thickness": 1.0,
        "cost_beam_compression": 1.0,
        "cost_non_linearity": 1.0,
        "cost_distance_total_intern_reflection": 1.0
    },
    "components with weights": {
        "cost_dispersion": 147.2762451171875,
        "cost_distance_glasses": 1361.934847981683,
        "cost_deviation": 19.685380935668945,
        "cost_distorsion": 21.219539642333984,
        "cost_thickness": 4101.0849609375,
        "cost_beam_compression": 2.353696823120117,
        "cost_non_linearity": 945.4645385742188,
        "cost_distance_total_intern_reflection": 14096.376953125
    },
    "weighted components": {
        "cost_dispersion": 147.2762451171875,
        "cost_distance_glasses": 1361.934847981683,
        "cost_deviation": 19.685380935668945,
        "cost_distorsion": 21.219539642333984,
        "cost_thickness": 4101.0849609375,
        "cost_beam_compression": 2.353696823120117,
        "cost_non_linearity": 945.4645385742188,
        "cost_distance_total_intern_reflection": 14096.376953125
    }
}