{
    "components non weights": {
        "cost_dispersion": 1.0,
        "cost_distance_glasses": 1.0,
        "cost_deviation": 1,
        "cost_distorsion": 1.0,
        "cost_thickness": 1.0,
        "cost_beam_compression": 1.0,
        "cost_non_linearity": 1.0,
        "cost_distance_total_intern_reflection": 1.0
    },
    "components with weights": {
        "cost_dispersion": 258.4315185546875,
        "cost_distance_glasses": 1870.8844880976671,
        "cost_deviation": 47.017330169677734,
        "cost_distorsion": 20.916179656982422,
        "cost_thickness": 4033.57666015625,
        "cost_beam_compression": 2.3108112812042236,
        "cost_non_linearity": 937.8433837890625,
        "cost_distance_total_intern_reflection": 14004.9736328125
    },
    "weighted components": {
        "cost_dispersion": 258.4315185546875,
        "cost_distance_glasses": 1870.8844880976671,
        "cost_deviation": 47.017330169677734,
        "cost_distorsion": 20.916179656982422,
        "cost_thickness": 4033.57666015625,
        "cost_beam_compression": 2.3108112812042236,
        "cost_non_linearity": 937.8433837890625,
        "cost_distance_total_intern_reflection": 14004.9736328125
    }
}{
    "components non weights": {
        "cost_dispersion": 1.0,
        "cost_distance_glasses": 1.0,
        "cost_deviation": 1,
        "cost_distorsion": 1.0,
        "cost_thickness": 1.0,
        "cost_beam_compression": 1.0,
        "cost_non_linearity": 1.0,
        "cost_distance_total_intern_reflection": 1.0
    },
    "components with weights": {
        "cost_dispersion": 258.4315185546875,
        "cost_distance_glasses": 1870.8844880976671,
        "cost_deviation": 47.017330169677734,
        "cost_distorsion": 20.916179656982422,
        "cost_thickness": 4033.57666015625,
        "cost_beam_compression": 2.3108112812042236,
        "cost_non_linearity": 937.8433837890625,
        "cost_distance_total_intern_reflection": 14004.9736328125
    },
    "weighted components": {
        "cost_dispersion": 258.4315185546875,
        "cost_distance_glasses": 1870.8844880976671,
        "cost_deviation": 47.017330169677734,
        "cost_distorsion": 20.916179656982422,
        "cost_thickness": 4033.57666015625,
        "cost_beam_compression": 2.3108112812042236,
        "cost_non_linearity": 937.8433837890625,
        "cost_distance_total_intern_reflection": 14004.9736328125
    }
}