{
    "components non weights": {
        "cost_dispersion": 1.0,
        "cost_distance_glasses": 1.0,
        "cost_deviation": 1,
        "cost_distorsion": 1.0,
        "cost_thickness": 1.0,
        "cost_beam_compression": 1.0,
        "cost_non_linearity": 1.0,
        "cost_distance_total_intern_reflection": 1.0
    },
    "components with weights": {
        "cost_dispersion": 36.49018096923828,
        "cost_distance_glasses": 757.442756883615,
        "cost_deviation": 3.370246410369873,
        "cost_distorsion": 22.1257266998291,
        "cost_thickness": 3733.585205078125,
        "cost_beam_compression": 2.13323712348938,
        "cost_non_linearity": 957.2996215820312,
        "cost_distance_total_intern_reflection": 13545.35546875
    },
    "weighted components": {
        "cost_dispersion": 36.49018096923828,
        "cost_distance_glasses": 757.442756883615,
        "cost_deviation": 3.370246410369873,
        "cost_distorsion": 22.1257266998291,
        "cost_thickness": 3733.585205078125,
        "cost_beam_compression": 2.13323712348938,
        "cost_non_linearity": 957.2996215820312,
        "cost_distance_total_intern_reflection": 13545.35546875
    }
}{
    "components non weights": {
        "cost_dispersion": 1.0,
        "cost_distance_glasses": 1.0,
        "cost_deviation": 1,
        "cost_distorsion": 1.0,
        "cost_thickness": 1.0,
        "cost_beam_compression": 1.0,
        "cost_non_linearity": 1.0,
        "cost_distance_total_intern_reflection": 1.0
    },
    "components with weights": {
        "cost_dispersion": 36.49018096923828,
        "cost_distance_glasses": 757.442756883615,
        "cost_deviation": 3.370246410369873,
        "cost_distorsion": 22.1257266998291,
        "cost_thickness": 3733.585205078125,
        "cost_beam_compression": 2.13323712348938,
        "cost_non_linearity": 957.2996215820312,
        "cost_distance_total_intern_reflection": 13545.35546875
    },
    "weighted components": {
        "cost_dispersion": 36.49018096923828,
        "cost_distance_glasses": 757.442756883615,
        "cost_deviation": 3.370246410369873,
        "cost_distorsion": 22.1257266998291,
        "cost_thickness": 3733.585205078125,
        "cost_beam_compression": 2.13323712348938,
        "cost_non_linearity": 957.2996215820312,
        "cost_distance_total_intern_reflection": 13545.35546875
    }
}