{
    "components non weights": {
        "cost_dispersion": 1.0,
        "cost_distance_glasses": 1.0,
        "cost_deviation": 1,
        "cost_distorsion": 1.0,
        "cost_thickness": 1.0,
        "cost_beam_compression": 1.0,
        "cost_non_linearity": 1.0,
        "cost_distance_total_intern_reflection": 1.0
    },
    "components with weights": {
        "cost_dispersion": 150.97605895996094,
        "cost_distance_glasses": 1500.0309357418478,
        "cost_deviation": 20.287586212158203,
        "cost_distorsion": 21.161977767944336,
        "cost_thickness": 4098.1181640625,
        "cost_beam_compression": 2.3508501052856445,
        "cost_non_linearity": 945.1419067382812,
        "cost_distance_total_intern_reflection": 14089.3603515625
    },
    "weighted components": {
        "cost_dispersion": 150.97605895996094,
        "cost_distance_glasses": 1500.0309357418478,
        "cost_deviation": 20.287586212158203,
        "cost_distorsion": 21.161977767944336,
        "cost_thickness": 4098.1181640625,
        "cost_beam_compression": 2.3508501052856445,
        "cost_non_linearity": 945.1419067382812,
        "cost_distance_total_intern_reflection": 14089.3603515625
    }
}{
    "components non weights": {
        "cost_dispersion": 1.0,
        "cost_distance_glasses": 1.0,
        "cost_deviation": 1,
        "cost_distorsion": 1.0,
        "cost_thickness": 1.0,
        "cost_beam_compression": 1.0,
        "cost_non_linearity": 1.0,
        "cost_distance_total_intern_reflection": 1.0
    },
    "components with weights": {
        "cost_dispersion": 150.97605895996094,
        "cost_distance_glasses": 1500.0309357418478,
        "cost_deviation": 20.287586212158203,
        "cost_distorsion": 21.161977767944336,
        "cost_thickness": 4098.1181640625,
        "cost_beam_compression": 2.3508501052856445,
        "cost_non_linearity": 945.1419067382812,
        "cost_distance_total_intern_reflection": 14089.3603515625
    },
    "weighted components": {
        "cost_dispersion": 150.97605895996094,
        "cost_distance_glasses": 1500.0309357418478,
        "cost_deviation": 20.287586212158203,
        "cost_distorsion": 21.161977767944336,
        "cost_thickness": 4098.1181640625,
        "cost_beam_compression": 2.3508501052856445,
        "cost_non_linearity": 945.1419067382812,
        "cost_distance_total_intern_reflection": 14089.3603515625
    }
}