{
    "components non weights": {
        "cost_dispersion": 1.0,
        "cost_distance_glasses": 1.0,
        "cost_deviation": 1,
        "cost_distorsion": 1.0,
        "cost_thickness": 1.0,
        "cost_beam_compression": 1.0,
        "cost_non_linearity": 1.0,
        "cost_distance_total_intern_reflection": 1.0
    },
    "components with weights": {
        "cost_dispersion": 33.59739303588867,
        "cost_distance_glasses": 692.8521064114242,
        "cost_deviation": 5.52139139175415,
        "cost_distorsion": 22.47523307800293,
        "cost_thickness": 3728.796630859375,
        "cost_beam_compression": 2.1310627460479736,
        "cost_non_linearity": 957.7518310546875,
        "cost_distance_total_intern_reflection": 13554.5166015625
    },
    "weighted components": {
        "cost_dispersion": 33.59739303588867,
        "cost_distance_glasses": 692.8521064114242,
        "cost_deviation": 5.52139139175415,
        "cost_distorsion": 22.47523307800293,
        "cost_thickness": 3728.796630859375,
        "cost_beam_compression": 2.1310627460479736,
        "cost_non_linearity": 957.7518310546875,
        "cost_distance_total_intern_reflection": 13554.5166015625
    }
}{
    "components non weights": {
        "cost_dispersion": 1.0,
        "cost_distance_glasses": 1.0,
        "cost_deviation": 1,
        "cost_distorsion": 1.0,
        "cost_thickness": 1.0,
        "cost_beam_compression": 1.0,
        "cost_non_linearity": 1.0,
        "cost_distance_total_intern_reflection": 1.0
    },
    "components with weights": {
        "cost_dispersion": 33.59739303588867,
        "cost_distance_glasses": 692.8521064114242,
        "cost_deviation": 5.52139139175415,
        "cost_distorsion": 22.47523307800293,
        "cost_thickness": 3728.796630859375,
        "cost_beam_compression": 2.1310627460479736,
        "cost_non_linearity": 957.7518310546875,
        "cost_distance_total_intern_reflection": 13554.5166015625
    },
    "weighted components": {
        "cost_dispersion": 33.59739303588867,
        "cost_distance_glasses": 692.8521064114242,
        "cost_deviation": 5.52139139175415,
        "cost_distorsion": 22.47523307800293,
        "cost_thickness": 3728.796630859375,
        "cost_beam_compression": 2.1310627460479736,
        "cost_non_linearity": 957.7518310546875,
        "cost_distance_total_intern_reflection": 13554.5166015625
    }
}