{
    "components non weights": {
        "cost_dispersion": 1.0,
        "cost_distance_glasses": 1.0,
        "cost_deviation": 1,
        "cost_distorsion": 1.0,
        "cost_thickness": 1.0,
        "cost_beam_compression": 1.0,
        "cost_non_linearity": 1.0,
        "cost_distance_total_intern_reflection": 1.0
    },
    "components with weights": {
        "cost_dispersion": 10.073960304260254,
        "cost_distance_glasses": 694.2706148721891,
        "cost_deviation": 57.34910202026367,
        "cost_distorsion": 18.823728561401367,
        "cost_thickness": 3726.886474609375,
        "cost_beam_compression": 2.1339030265808105,
        "cost_non_linearity": 962.9855346679688,
        "cost_distance_total_intern_reflection": 13590.28515625
    },
    "weighted components": {
        "cost_dispersion": 10.073960304260254,
        "cost_distance_glasses": 694.2706148721891,
        "cost_deviation": 57.34910202026367,
        "cost_distorsion": 18.823728561401367,
        "cost_thickness": 3726.886474609375,
        "cost_beam_compression": 2.1339030265808105,
        "cost_non_linearity": 962.9855346679688,
        "cost_distance_total_intern_reflection": 13590.28515625
    }
}{
    "components non weights": {
        "cost_dispersion": 1.0,
        "cost_distance_glasses": 1.0,
        "cost_deviation": 1,
        "cost_distorsion": 1.0,
        "cost_thickness": 1.0,
        "cost_beam_compression": 1.0,
        "cost_non_linearity": 1.0,
        "cost_distance_total_intern_reflection": 1.0
    },
    "components with weights": {
        "cost_dispersion": 10.073960304260254,
        "cost_distance_glasses": 694.2706148721891,
        "cost_deviation": 57.34910202026367,
        "cost_distorsion": 18.823728561401367,
        "cost_thickness": 3726.886474609375,
        "cost_beam_compression": 2.1339030265808105,
        "cost_non_linearity": 962.9855346679688,
        "cost_distance_total_intern_reflection": 13590.28515625
    },
    "weighted components": {
        "cost_dispersion": 10.073960304260254,
        "cost_distance_glasses": 694.2706148721891,
        "cost_deviation": 57.34910202026367,
        "cost_distorsion": 18.823728561401367,
        "cost_thickness": 3726.886474609375,
        "cost_beam_compression": 2.1339030265808105,
        "cost_non_linearity": 962.9855346679688,
        "cost_distance_total_intern_reflection": 13590.28515625
    }
}