{
    "components non weights": {
        "cost_dispersion": 1.0,
        "cost_distance_glasses": 1.0,
        "cost_deviation": 1,
        "cost_distorsion": 1.0,
        "cost_thickness": 1.0,
        "cost_beam_compression": 1.0,
        "cost_non_linearity": 1.0,
        "cost_distance_total_intern_reflection": 1.0
    },
    "components with weights": {
        "cost_dispersion": 35.64492416381836,
        "cost_distance_glasses": 724.1507288551667,
        "cost_deviation": 3.9425268173217773,
        "cost_distorsion": 22.095844268798828,
        "cost_thickness": 3733.167236328125,
        "cost_beam_compression": 2.133235454559326,
        "cost_non_linearity": 957.526123046875,
        "cost_distance_total_intern_reflection": 13545.505859375
    },
    "weighted components": {
        "cost_dispersion": 35.64492416381836,
        "cost_distance_glasses": 724.1507288551667,
        "cost_deviation": 3.9425268173217773,
        "cost_distorsion": 22.095844268798828,
        "cost_thickness": 3733.167236328125,
        "cost_beam_compression": 2.133235454559326,
        "cost_non_linearity": 957.526123046875,
        "cost_distance_total_intern_reflection": 13545.505859375
    }
}{
    "components non weights": {
        "cost_dispersion": 1.0,
        "cost_distance_glasses": 1.0,
        "cost_deviation": 1,
        "cost_distorsion": 1.0,
        "cost_thickness": 1.0,
        "cost_beam_compression": 1.0,
        "cost_non_linearity": 1.0,
        "cost_distance_total_intern_reflection": 1.0
    },
    "components with weights": {
        "cost_dispersion": 35.64492416381836,
        "cost_distance_glasses": 724.1507288551667,
        "cost_deviation": 3.9425268173217773,
        "cost_distorsion": 22.095844268798828,
        "cost_thickness": 3733.167236328125,
        "cost_beam_compression": 2.133235454559326,
        "cost_non_linearity": 957.526123046875,
        "cost_distance_total_intern_reflection": 13545.505859375
    },
    "weighted components": {
        "cost_dispersion": 35.64492416381836,
        "cost_distance_glasses": 724.1507288551667,
        "cost_deviation": 3.9425268173217773,
        "cost_distorsion": 22.095844268798828,
        "cost_thickness": 3733.167236328125,
        "cost_beam_compression": 2.133235454559326,
        "cost_non_linearity": 957.526123046875,
        "cost_distance_total_intern_reflection": 13545.505859375
    }
}