{
    "components non weights": {
        "cost_dispersion": 1.0,
        "cost_distance_glasses": 1.0,
        "cost_deviation": 1,
        "cost_distorsion": 1.0,
        "cost_thickness": 1.0,
        "cost_beam_compression": 1.0,
        "cost_non_linearity": 1.0,
        "cost_distance_total_intern_reflection": 1.0
    },
    "components with weights": {
        "cost_dispersion": 22.08609962463379,
        "cost_distance_glasses": 703.8011110951869,
        "cost_deviation": 20.7818546295166,
        "cost_distorsion": 20.40945053100586,
        "cost_thickness": 3729.2314453125,
        "cost_beam_compression": 2.13293194770813,
        "cost_non_linearity": 960.0161743164062,
        "cost_distance_total_intern_reflection": 13567.5283203125
    },
    "weighted components": {
        "cost_dispersion": 22.08609962463379,
        "cost_distance_glasses": 703.8011110951869,
        "cost_deviation": 20.7818546295166,
        "cost_distorsion": 20.40945053100586,
        "cost_thickness": 3729.2314453125,
        "cost_beam_compression": 2.13293194770813,
        "cost_non_linearity": 960.0161743164062,
        "cost_distance_total_intern_reflection": 13567.5283203125
    }
}{
    "components non weights": {
        "cost_dispersion": 1.0,
        "cost_distance_glasses": 1.0,
        "cost_deviation": 1,
        "cost_distorsion": 1.0,
        "cost_thickness": 1.0,
        "cost_beam_compression": 1.0,
        "cost_non_linearity": 1.0,
        "cost_distance_total_intern_reflection": 1.0
    },
    "components with weights": {
        "cost_dispersion": 22.08609962463379,
        "cost_distance_glasses": 703.8011110951869,
        "cost_deviation": 20.7818546295166,
        "cost_distorsion": 20.40945053100586,
        "cost_thickness": 3729.2314453125,
        "cost_beam_compression": 2.13293194770813,
        "cost_non_linearity": 960.0161743164062,
        "cost_distance_total_intern_reflection": 13567.5283203125
    },
    "weighted components": {
        "cost_dispersion": 22.08609962463379,
        "cost_distance_glasses": 703.8011110951869,
        "cost_deviation": 20.7818546295166,
        "cost_distorsion": 20.40945053100586,
        "cost_thickness": 3729.2314453125,
        "cost_beam_compression": 2.13293194770813,
        "cost_non_linearity": 960.0161743164062,
        "cost_distance_total_intern_reflection": 13567.5283203125
    }
}