{
    "components non weights": {
        "cost_dispersion": 1.0,
        "cost_distance_glasses": 1.0,
        "cost_deviation": 1,
        "cost_distorsion": 1.0,
        "cost_thickness": 1.0,
        "cost_beam_compression": 1.0,
        "cost_non_linearity": 1.0,
        "cost_distance_total_intern_reflection": 1.0
    },
    "components with weights": {
        "cost_dispersion": 151.00906372070312,
        "cost_distance_glasses": 1518.3709436732315,
        "cost_deviation": 20.93975257873535,
        "cost_distorsion": 21.206802368164062,
        "cost_thickness": 4097.17333984375,
        "cost_beam_compression": 2.3502612113952637,
        "cost_non_linearity": 945.424072265625,
        "cost_distance_total_intern_reflection": 14088.0625
    },
    "weighted components": {
        "cost_dispersion": 151.00906372070312,
        "cost_distance_glasses": 1518.3709436732315,
        "cost_deviation": 20.93975257873535,
        "cost_distorsion": 21.206802368164062,
        "cost_thickness": 4097.17333984375,
        "cost_beam_compression": 2.3502612113952637,
        "cost_non_linearity": 945.424072265625,
        "cost_distance_total_intern_reflection": 14088.0625
    }
}{
    "components non weights": {
        "cost_dispersion": 1.0,
        "cost_distance_glasses": 1.0,
        "cost_deviation": 1,
        "cost_distorsion": 1.0,
        "cost_thickness": 1.0,
        "cost_beam_compression": 1.0,
        "cost_non_linearity": 1.0,
        "cost_distance_total_intern_reflection": 1.0
    },
    "components with weights": {
        "cost_dispersion": 151.00906372070312,
        "cost_distance_glasses": 1518.3709436732315,
        "cost_deviation": 20.93975257873535,
        "cost_distorsion": 21.206802368164062,
        "cost_thickness": 4097.17333984375,
        "cost_beam_compression": 2.3502612113952637,
        "cost_non_linearity": 945.424072265625,
        "cost_distance_total_intern_reflection": 14088.0625
    },
    "weighted components": {
        "cost_dispersion": 151.00906372070312,
        "cost_distance_glasses": 1518.3709436732315,
        "cost_deviation": 20.93975257873535,
        "cost_distorsion": 21.206802368164062,
        "cost_thickness": 4097.17333984375,
        "cost_beam_compression": 2.3502612113952637,
        "cost_non_linearity": 945.424072265625,
        "cost_distance_total_intern_reflection": 14088.0625
    }
}