{
    "components non weights": {
        "cost_dispersion": 1.0,
        "cost_distance_glasses": 1.0,
        "cost_deviation": 1,
        "cost_distorsion": 1.0,
        "cost_thickness": 1.0,
        "cost_beam_compression": 1.0,
        "cost_non_linearity": 1.0,
        "cost_distance_total_intern_reflection": 1.0
    },
    "components with weights": {
        "cost_dispersion": 154.13015747070312,
        "cost_distance_glasses": 1415.480827616771,
        "cost_deviation": 16.44949722290039,
        "cost_distorsion": 21.29534912109375,
        "cost_thickness": 4100.1240234375,
        "cost_beam_compression": 2.352522611618042,
        "cost_non_linearity": 944.9943237304688,
        "cost_distance_total_intern_reflection": 14093.2470703125
    },
    "weighted components": {
        "cost_dispersion": 154.13015747070312,
        "cost_distance_glasses": 1415.480827616771,
        "cost_deviation": 16.44949722290039,
        "cost_distorsion": 21.29534912109375,
        "cost_thickness": 4100.1240234375,
        "cost_beam_compression": 2.352522611618042,
        "cost_non_linearity": 944.9943237304688,
        "cost_distance_total_intern_reflection": 14093.2470703125
    }
}{
    "components non weights": {
        "cost_dispersion": 1.0,
        "cost_distance_glasses": 1.0,
        "cost_deviation": 1,
        "cost_distorsion": 1.0,
        "cost_thickness": 1.0,
        "cost_beam_compression": 1.0,
        "cost_non_linearity": 1.0,
        "cost_distance_total_intern_reflection": 1.0
    },
    "components with weights": {
        "cost_dispersion": 154.13015747070312,
        "cost_distance_glasses": 1415.480827616771,
        "cost_deviation": 16.44949722290039,
        "cost_distorsion": 21.29534912109375,
        "cost_thickness": 4100.1240234375,
        "cost_beam_compression": 2.352522611618042,
        "cost_non_linearity": 944.9943237304688,
        "cost_distance_total_intern_reflection": 14093.2470703125
    },
    "weighted components": {
        "cost_dispersion": 154.13015747070312,
        "cost_distance_glasses": 1415.480827616771,
        "cost_deviation": 16.44949722290039,
        "cost_distorsion": 21.29534912109375,
        "cost_thickness": 4100.1240234375,
        "cost_beam_compression": 2.352522611618042,
        "cost_non_linearity": 944.9943237304688,
        "cost_distance_total_intern_reflection": 14093.2470703125
    }
}