{
    "components non weights": {
        "cost_dispersion": 1.0,
        "cost_distance_glasses": 1.0,
        "cost_deviation": 1,
        "cost_distorsion": 1.0,
        "cost_thickness": 1.0,
        "cost_beam_compression": 1.0,
        "cost_non_linearity": 1.0,
        "cost_distance_total_intern_reflection": 1.0
    },
    "components with weights": {
        "cost_dispersion": 34.15226745605469,
        "cost_distance_glasses": 873.7890096635194,
        "cost_deviation": 1.9436615705490112,
        "cost_distorsion": 22.466684341430664,
        "cost_thickness": 3776.914794921875,
        "cost_beam_compression": 2.1587073802948,
        "cost_non_linearity": 957.61279296875,
        "cost_distance_total_intern_reflection": 13609.416015625
    },
    "weighted components": {
        "cost_dispersion": 34.15226745605469,
        "cost_distance_glasses": 873.7890096635194,
        "cost_deviation": 1.9436615705490112,
        "cost_distorsion": 22.466684341430664,
        "cost_thickness": 3776.914794921875,
        "cost_beam_compression": 2.1587073802948,
        "cost_non_linearity": 957.61279296875,
        "cost_distance_total_intern_reflection": 13609.416015625
    }
}{
    "components non weights": {
        "cost_dispersion": 1.0,
        "cost_distance_glasses": 1.0,
        "cost_deviation": 1,
        "cost_distorsion": 1.0,
        "cost_thickness": 1.0,
        "cost_beam_compression": 1.0,
        "cost_non_linearity": 1.0,
        "cost_distance_total_intern_reflection": 1.0
    },
    "components with weights": {
        "cost_dispersion": 34.15226745605469,
        "cost_distance_glasses": 873.7890096635194,
        "cost_deviation": 1.9436615705490112,
        "cost_distorsion": 22.466684341430664,
        "cost_thickness": 3776.914794921875,
        "cost_beam_compression": 2.1587073802948,
        "cost_non_linearity": 957.61279296875,
        "cost_distance_total_intern_reflection": 13609.416015625
    },
    "weighted components": {
        "cost_dispersion": 34.15226745605469,
        "cost_distance_glasses": 873.7890096635194,
        "cost_deviation": 1.9436615705490112,
        "cost_distorsion": 22.466684341430664,
        "cost_thickness": 3776.914794921875,
        "cost_beam_compression": 2.1587073802948,
        "cost_non_linearity": 957.61279296875,
        "cost_distance_total_intern_reflection": 13609.416015625
    }
}