{
    "components non weights": {
        "cost_dispersion": 1.0,
        "cost_distance_glasses": 1.0,
        "cost_deviation": 1,
        "cost_distorsion": 1.0,
        "cost_thickness": 1.0,
        "cost_beam_compression": 1.0,
        "cost_non_linearity": 1.0,
        "cost_distance_total_intern_reflection": 1.0
    },
    "components with weights": {
        "cost_dispersion": 28.145538330078125,
        "cost_distance_glasses": 784.3741231935688,
        "cost_deviation": 9.42725944519043,
        "cost_distorsion": 21.64636993408203,
        "cost_thickness": 3743.107421875,
        "cost_beam_compression": 2.1396851539611816,
        "cost_non_linearity": 958.6423950195312,
        "cost_distance_total_intern_reflection": 13565.6455078125
    },
    "weighted components": {
        "cost_dispersion": 28.145538330078125,
        "cost_distance_glasses": 784.3741231935688,
        "cost_deviation": 9.42725944519043,
        "cost_distorsion": 21.64636993408203,
        "cost_thickness": 3743.107421875,
        "cost_beam_compression": 2.1396851539611816,
        "cost_non_linearity": 958.6423950195312,
        "cost_distance_total_intern_reflection": 13565.6455078125
    }
}{
    "components non weights": {
        "cost_dispersion": 1.0,
        "cost_distance_glasses": 1.0,
        "cost_deviation": 1,
        "cost_distorsion": 1.0,
        "cost_thickness": 1.0,
        "cost_beam_compression": 1.0,
        "cost_non_linearity": 1.0,
        "cost_distance_total_intern_reflection": 1.0
    },
    "components with weights": {
        "cost_dispersion": 28.145538330078125,
        "cost_distance_glasses": 784.3741231935688,
        "cost_deviation": 9.42725944519043,
        "cost_distorsion": 21.64636993408203,
        "cost_thickness": 3743.107421875,
        "cost_beam_compression": 2.1396851539611816,
        "cost_non_linearity": 958.6423950195312,
        "cost_distance_total_intern_reflection": 13565.6455078125
    },
    "weighted components": {
        "cost_dispersion": 28.145538330078125,
        "cost_distance_glasses": 784.3741231935688,
        "cost_deviation": 9.42725944519043,
        "cost_distorsion": 21.64636993408203,
        "cost_thickness": 3743.107421875,
        "cost_beam_compression": 2.1396851539611816,
        "cost_non_linearity": 958.6423950195312,
        "cost_distance_total_intern_reflection": 13565.6455078125
    }
}