{
    "components non weights": {
        "cost_dispersion": 1.0,
        "cost_distance_glasses": 1.0,
        "cost_deviation": 1,
        "cost_distorsion": 1.0,
        "cost_thickness": 1.0,
        "cost_beam_compression": 1.0,
        "cost_non_linearity": 1.0,
        "cost_distance_total_intern_reflection": 1.0
    },
    "components with weights": {
        "cost_dispersion": 46.018470764160156,
        "cost_distance_glasses": 679.1591850527504,
        "cost_deviation": 0.16926728188991547,
        "cost_distorsion": 24.149974822998047,
        "cost_thickness": 3728.73779296875,
        "cost_beam_compression": 2.129693031311035,
        "cost_non_linearity": 955.9776611328125,
        "cost_distance_total_intern_reflection": 13571.1884765625
    },
    "weighted components": {
        "cost_dispersion": 46.018470764160156,
        "cost_distance_glasses": 679.1591850527504,
        "cost_deviation": 0.16926728188991547,
        "cost_distorsion": 24.149974822998047,
        "cost_thickness": 3728.73779296875,
        "cost_beam_compression": 2.129693031311035,
        "cost_non_linearity": 955.9776611328125,
        "cost_distance_total_intern_reflection": 13571.1884765625
    }
}{
    "components non weights": {
        "cost_dispersion": 1.0,
        "cost_distance_glasses": 1.0,
        "cost_deviation": 1,
        "cost_distorsion": 1.0,
        "cost_thickness": 1.0,
        "cost_beam_compression": 1.0,
        "cost_non_linearity": 1.0,
        "cost_distance_total_intern_reflection": 1.0
    },
    "components with weights": {
        "cost_dispersion": 46.018470764160156,
        "cost_distance_glasses": 679.1591850527504,
        "cost_deviation": 0.16926728188991547,
        "cost_distorsion": 24.149974822998047,
        "cost_thickness": 3728.73779296875,
        "cost_beam_compression": 2.129693031311035,
        "cost_non_linearity": 955.9776611328125,
        "cost_distance_total_intern_reflection": 13571.1884765625
    },
    "weighted components": {
        "cost_dispersion": 46.018470764160156,
        "cost_distance_glasses": 679.1591850527504,
        "cost_deviation": 0.16926728188991547,
        "cost_distorsion": 24.149974822998047,
        "cost_thickness": 3728.73779296875,
        "cost_beam_compression": 2.129693031311035,
        "cost_non_linearity": 955.9776611328125,
        "cost_distance_total_intern_reflection": 13571.1884765625
    }
}