{
    "components non weights": {
        "cost_dispersion": 1.0,
        "cost_distance_glasses": 1.0,
        "cost_deviation": 1,
        "cost_distorsion": 1.0,
        "cost_thickness": 1.0,
        "cost_beam_compression": 1.0,
        "cost_non_linearity": 1.0,
        "cost_distance_total_intern_reflection": 1.0
    },
    "components with weights": {
        "cost_dispersion": 25.015871047973633,
        "cost_distance_glasses": 814.4134301488675,
        "cost_deviation": 11.169180870056152,
        "cost_distorsion": 21.999755859375,
        "cost_thickness": 3756.56787109375,
        "cost_beam_compression": 2.147963523864746,
        "cost_non_linearity": 959.3143310546875,
        "cost_distance_total_intern_reflection": 13588.97265625
    },
    "weighted components": {
        "cost_dispersion": 25.015871047973633,
        "cost_distance_glasses": 814.4134301488675,
        "cost_deviation": 11.169180870056152,
        "cost_distorsion": 21.999755859375,
        "cost_thickness": 3756.56787109375,
        "cost_beam_compression": 2.147963523864746,
        "cost_non_linearity": 959.3143310546875,
        "cost_distance_total_intern_reflection": 13588.97265625
    }
}{
    "components non weights": {
        "cost_dispersion": 1.0,
        "cost_distance_glasses": 1.0,
        "cost_deviation": 1,
        "cost_distorsion": 1.0,
        "cost_thickness": 1.0,
        "cost_beam_compression": 1.0,
        "cost_non_linearity": 1.0,
        "cost_distance_total_intern_reflection": 1.0
    },
    "components with weights": {
        "cost_dispersion": 25.015871047973633,
        "cost_distance_glasses": 814.4134301488675,
        "cost_deviation": 11.169180870056152,
        "cost_distorsion": 21.999755859375,
        "cost_thickness": 3756.56787109375,
        "cost_beam_compression": 2.147963523864746,
        "cost_non_linearity": 959.3143310546875,
        "cost_distance_total_intern_reflection": 13588.97265625
    },
    "weighted components": {
        "cost_dispersion": 25.015871047973633,
        "cost_distance_glasses": 814.4134301488675,
        "cost_deviation": 11.169180870056152,
        "cost_distorsion": 21.999755859375,
        "cost_thickness": 3756.56787109375,
        "cost_beam_compression": 2.147963523864746,
        "cost_non_linearity": 959.3143310546875,
        "cost_distance_total_intern_reflection": 13588.97265625
    }
}