{
    "components non weights": {
        "cost_dispersion": 1.0,
        "cost_distance_glasses": 1.0,
        "cost_deviation": 1,
        "cost_distorsion": 1.0,
        "cost_thickness": 1.0,
        "cost_beam_compression": 1.0,
        "cost_non_linearity": 1.0,
        "cost_distance_total_intern_reflection": 1.0
    },
    "components with weights": {
        "cost_dispersion": 89.16551208496094,
        "cost_distance_glasses": 1162.0699434256594,
        "cost_deviation": 13.428513526916504,
        "cost_distorsion": 20.880722045898438,
        "cost_thickness": 4148.1767578125,
        "cost_beam_compression": 2.3828978538513184,
        "cost_non_linearity": 950.4234008789062,
        "cost_distance_total_intern_reflection": 14184.3076171875
    },
    "weighted components": {
        "cost_dispersion": 89.16551208496094,
        "cost_distance_glasses": 1162.0699434256594,
        "cost_deviation": 13.428513526916504,
        "cost_distorsion": 20.880722045898438,
        "cost_thickness": 4148.1767578125,
        "cost_beam_compression": 2.3828978538513184,
        "cost_non_linearity": 950.4234008789062,
        "cost_distance_total_intern_reflection": 14184.3076171875
    }
}{
    "components non weights": {
        "cost_dispersion": 1.0,
        "cost_distance_glasses": 1.0,
        "cost_deviation": 1,
        "cost_distorsion": 1.0,
        "cost_thickness": 1.0,
        "cost_beam_compression": 1.0,
        "cost_non_linearity": 1.0,
        "cost_distance_total_intern_reflection": 1.0
    },
    "components with weights": {
        "cost_dispersion": 89.16551208496094,
        "cost_distance_glasses": 1162.0699434256594,
        "cost_deviation": 13.428513526916504,
        "cost_distorsion": 20.880722045898438,
        "cost_thickness": 4148.1767578125,
        "cost_beam_compression": 2.3828978538513184,
        "cost_non_linearity": 950.4234008789062,
        "cost_distance_total_intern_reflection": 14184.3076171875
    },
    "weighted components": {
        "cost_dispersion": 89.16551208496094,
        "cost_distance_glasses": 1162.0699434256594,
        "cost_deviation": 13.428513526916504,
        "cost_distorsion": 20.880722045898438,
        "cost_thickness": 4148.1767578125,
        "cost_beam_compression": 2.3828978538513184,
        "cost_non_linearity": 950.4234008789062,
        "cost_distance_total_intern_reflection": 14184.3076171875
    }
}