{
    "components non weights": {
        "cost_dispersion": 1.0,
        "cost_distance_glasses": 1.0,
        "cost_deviation": 1,
        "cost_distorsion": 1.0,
        "cost_thickness": 1.0,
        "cost_beam_compression": 1.0,
        "cost_non_linearity": 1.0,
        "cost_distance_total_intern_reflection": 1.0
    },
    "components with weights": {
        "cost_dispersion": 30.839637756347656,
        "cost_distance_glasses": 675.6943912835228,
        "cost_deviation": 8.107196807861328,
        "cost_distorsion": 21.94893455505371,
        "cost_thickness": 3727.978759765625,
        "cost_beam_compression": 2.1310555934906006,
        "cost_non_linearity": 958.3282470703125,
        "cost_distance_total_intern_reflection": 13546.3623046875
    },
    "weighted components": {
        "cost_dispersion": 30.839637756347656,
        "cost_distance_glasses": 675.6943912835228,
        "cost_deviation": 8.107196807861328,
        "cost_distorsion": 21.94893455505371,
        "cost_thickness": 3727.978759765625,
        "cost_beam_compression": 2.1310555934906006,
        "cost_non_linearity": 958.3282470703125,
        "cost_distance_total_intern_reflection": 13546.3623046875
    }
}{
    "components non weights": {
        "cost_dispersion": 1.0,
        "cost_distance_glasses": 1.0,
        "cost_deviation": 1,
        "cost_distorsion": 1.0,
        "cost_thickness": 1.0,
        "cost_beam_compression": 1.0,
        "cost_non_linearity": 1.0,
        "cost_distance_total_intern_reflection": 1.0
    },
    "components with weights": {
        "cost_dispersion": 30.839637756347656,
        "cost_distance_glasses": 675.6943912835228,
        "cost_deviation": 8.107196807861328,
        "cost_distorsion": 21.94893455505371,
        "cost_thickness": 3727.978759765625,
        "cost_beam_compression": 2.1310555934906006,
        "cost_non_linearity": 958.3282470703125,
        "cost_distance_total_intern_reflection": 13546.3623046875
    },
    "weighted components": {
        "cost_dispersion": 30.839637756347656,
        "cost_distance_glasses": 675.6943912835228,
        "cost_deviation": 8.107196807861328,
        "cost_distorsion": 21.94893455505371,
        "cost_thickness": 3727.978759765625,
        "cost_beam_compression": 2.1310555934906006,
        "cost_non_linearity": 958.3282470703125,
        "cost_distance_total_intern_reflection": 13546.3623046875
    }
}