{
    "components non weights": {
        "cost_dispersion": 1.0,
        "cost_distance_glasses": 1.0,
        "cost_deviation": 1,
        "cost_distorsion": 1.0,
        "cost_thickness": 1.0,
        "cost_beam_compression": 1.0,
        "cost_non_linearity": 1.0,
        "cost_distance_total_intern_reflection": 1.0
    },
    "components with weights": {
        "cost_dispersion": 34.66279983520508,
        "cost_distance_glasses": 719.8866425047844,
        "cost_deviation": 4.692343711853027,
        "cost_distorsion": 21.60364532470703,
        "cost_thickness": 3732.8935546875,
        "cost_beam_compression": 2.133222818374634,
        "cost_non_linearity": 957.6644287109375,
        "cost_distance_total_intern_reflection": 13555.478515625
    },
    "weighted components": {
        "cost_dispersion": 34.66279983520508,
        "cost_distance_glasses": 719.8866425047844,
        "cost_deviation": 4.692343711853027,
        "cost_distorsion": 21.60364532470703,
        "cost_thickness": 3732.8935546875,
        "cost_beam_compression": 2.133222818374634,
        "cost_non_linearity": 957.6644287109375,
        "cost_distance_total_intern_reflection": 13555.478515625
    }
}{
    "components non weights": {
        "cost_dispersion": 1.0,
        "cost_distance_glasses": 1.0,
        "cost_deviation": 1,
        "cost_distorsion": 1.0,
        "cost_thickness": 1.0,
        "cost_beam_compression": 1.0,
        "cost_non_linearity": 1.0,
        "cost_distance_total_intern_reflection": 1.0
    },
    "components with weights": {
        "cost_dispersion": 34.66279983520508,
        "cost_distance_glasses": 719.8866425047844,
        "cost_deviation": 4.692343711853027,
        "cost_distorsion": 21.60364532470703,
        "cost_thickness": 3732.8935546875,
        "cost_beam_compression": 2.133222818374634,
        "cost_non_linearity": 957.6644287109375,
        "cost_distance_total_intern_reflection": 13555.478515625
    },
    "weighted components": {
        "cost_dispersion": 34.66279983520508,
        "cost_distance_glasses": 719.8866425047844,
        "cost_deviation": 4.692343711853027,
        "cost_distorsion": 21.60364532470703,
        "cost_thickness": 3732.8935546875,
        "cost_beam_compression": 2.133222818374634,
        "cost_non_linearity": 957.6644287109375,
        "cost_distance_total_intern_reflection": 13555.478515625
    }
}