{
    "components non weights": {
        "cost_dispersion": 1.0,
        "cost_distance_glasses": 1.0,
        "cost_deviation": 1,
        "cost_distorsion": 1.0,
        "cost_thickness": 1.0,
        "cost_beam_compression": 1.0,
        "cost_non_linearity": 1.0,
        "cost_distance_total_intern_reflection": 1.0
    },
    "components with weights": {
        "cost_dispersion": 37.2186393737793,
        "cost_distance_glasses": 753.1446615330323,
        "cost_deviation": 2.7205517292022705,
        "cost_distorsion": 22.317581176757812,
        "cost_thickness": 3734.17626953125,
        "cost_beam_compression": 2.133384943008423,
        "cost_non_linearity": 957.1473388671875,
        "cost_distance_total_intern_reflection": 13550.5224609375
    },
    "weighted components": {
        "cost_dispersion": 37.2186393737793,
        "cost_distance_glasses": 753.1446615330323,
        "cost_deviation": 2.7205517292022705,
        "cost_distorsion": 22.317581176757812,
        "cost_thickness": 3734.17626953125,
        "cost_beam_compression": 2.133384943008423,
        "cost_non_linearity": 957.1473388671875,
        "cost_distance_total_intern_reflection": 13550.5224609375
    }
}{
    "components non weights": {
        "cost_dispersion": 1.0,
        "cost_distance_glasses": 1.0,
        "cost_deviation": 1,
        "cost_distorsion": 1.0,
        "cost_thickness": 1.0,
        "cost_beam_compression": 1.0,
        "cost_non_linearity": 1.0,
        "cost_distance_total_intern_reflection": 1.0
    },
    "components with weights": {
        "cost_dispersion": 37.2186393737793,
        "cost_distance_glasses": 753.1446615330323,
        "cost_deviation": 2.7205517292022705,
        "cost_distorsion": 22.317581176757812,
        "cost_thickness": 3734.17626953125,
        "cost_beam_compression": 2.133384943008423,
        "cost_non_linearity": 957.1473388671875,
        "cost_distance_total_intern_reflection": 13550.5224609375
    },
    "weighted components": {
        "cost_dispersion": 37.2186393737793,
        "cost_distance_glasses": 753.1446615330323,
        "cost_deviation": 2.7205517292022705,
        "cost_distorsion": 22.317581176757812,
        "cost_thickness": 3734.17626953125,
        "cost_beam_compression": 2.133384943008423,
        "cost_non_linearity": 957.1473388671875,
        "cost_distance_total_intern_reflection": 13550.5224609375
    }
}