{
    "components non weights": {
        "cost_dispersion": 1.0,
        "cost_distance_glasses": 1.0,
        "cost_deviation": 1,
        "cost_distorsion": 1.0,
        "cost_thickness": 1.0,
        "cost_beam_compression": 1.0,
        "cost_non_linearity": 1.0,
        "cost_distance_total_intern_reflection": 1.0
    },
    "components with weights": {
        "cost_dispersion": 27.626625061035156,
        "cost_distance_glasses": 686.798608829701,
        "cost_deviation": 11.899869918823242,
        "cost_distorsion": 20.97896385192871,
        "cost_thickness": 3727.92724609375,
        "cost_beam_compression": 2.1314096450805664,
        "cost_non_linearity": 958.67138671875,
        "cost_distance_total_intern_reflection": 13554.6767578125
    },
    "weighted components": {
        "cost_dispersion": 27.626625061035156,
        "cost_distance_glasses": 686.798608829701,
        "cost_deviation": 11.899869918823242,
        "cost_distorsion": 20.97896385192871,
        "cost_thickness": 3727.92724609375,
        "cost_beam_compression": 2.1314096450805664,
        "cost_non_linearity": 958.67138671875,
        "cost_distance_total_intern_reflection": 13554.6767578125
    }
}{
    "components non weights": {
        "cost_dispersion": 1.0,
        "cost_distance_glasses": 1.0,
        "cost_deviation": 1,
        "cost_distorsion": 1.0,
        "cost_thickness": 1.0,
        "cost_beam_compression": 1.0,
        "cost_non_linearity": 1.0,
        "cost_distance_total_intern_reflection": 1.0
    },
    "components with weights": {
        "cost_dispersion": 27.626625061035156,
        "cost_distance_glasses": 686.798608829701,
        "cost_deviation": 11.899869918823242,
        "cost_distorsion": 20.97896385192871,
        "cost_thickness": 3727.92724609375,
        "cost_beam_compression": 2.1314096450805664,
        "cost_non_linearity": 958.67138671875,
        "cost_distance_total_intern_reflection": 13554.6767578125
    },
    "weighted components": {
        "cost_dispersion": 27.626625061035156,
        "cost_distance_glasses": 686.798608829701,
        "cost_deviation": 11.899869918823242,
        "cost_distorsion": 20.97896385192871,
        "cost_thickness": 3727.92724609375,
        "cost_beam_compression": 2.1314096450805664,
        "cost_non_linearity": 958.67138671875,
        "cost_distance_total_intern_reflection": 13554.6767578125
    }
}