{
    "components non weights": {
        "cost_dispersion": 1.0,
        "cost_distance_glasses": 1.0,
        "cost_deviation": 1,
        "cost_distorsion": 1.0,
        "cost_thickness": 1.0,
        "cost_beam_compression": 1.0,
        "cost_non_linearity": 1.0,
        "cost_distance_total_intern_reflection": 1.0
    },
    "components with weights": {
        "cost_dispersion": 37.18587875366211,
        "cost_distance_glasses": 723.71644876203,
        "cost_deviation": 2.923276662826538,
        "cost_distorsion": 22.203153610229492,
        "cost_thickness": 3733.33740234375,
        "cost_beam_compression": 2.133124351501465,
        "cost_non_linearity": 957.2544555664062,
        "cost_distance_total_intern_reflection": 13546.9228515625
    },
    "weighted components": {
        "cost_dispersion": 37.18587875366211,
        "cost_distance_glasses": 723.71644876203,
        "cost_deviation": 2.923276662826538,
        "cost_distorsion": 22.203153610229492,
        "cost_thickness": 3733.33740234375,
        "cost_beam_compression": 2.133124351501465,
        "cost_non_linearity": 957.2544555664062,
        "cost_distance_total_intern_reflection": 13546.9228515625
    }
}{
    "components non weights": {
        "cost_dispersion": 1.0,
        "cost_distance_glasses": 1.0,
        "cost_deviation": 1,
        "cost_distorsion": 1.0,
        "cost_thickness": 1.0,
        "cost_beam_compression": 1.0,
        "cost_non_linearity": 1.0,
        "cost_distance_total_intern_reflection": 1.0
    },
    "components with weights": {
        "cost_dispersion": 37.18587875366211,
        "cost_distance_glasses": 723.71644876203,
        "cost_deviation": 2.923276662826538,
        "cost_distorsion": 22.203153610229492,
        "cost_thickness": 3733.33740234375,
        "cost_beam_compression": 2.133124351501465,
        "cost_non_linearity": 957.2544555664062,
        "cost_distance_total_intern_reflection": 13546.9228515625
    },
    "weighted components": {
        "cost_dispersion": 37.18587875366211,
        "cost_distance_glasses": 723.71644876203,
        "cost_deviation": 2.923276662826538,
        "cost_distorsion": 22.203153610229492,
        "cost_thickness": 3733.33740234375,
        "cost_beam_compression": 2.133124351501465,
        "cost_non_linearity": 957.2544555664062,
        "cost_distance_total_intern_reflection": 13546.9228515625
    }
}