{
    "components non weights": {
        "cost_dispersion": 1.0,
        "cost_distance_glasses": 1.0,
        "cost_deviation": 1,
        "cost_distorsion": 1.0,
        "cost_thickness": 1.0,
        "cost_beam_compression": 1.0,
        "cost_non_linearity": 1.0,
        "cost_distance_total_intern_reflection": 1.0
    },
    "components with weights": {
        "cost_dispersion": 35.2894287109375,
        "cost_distance_glasses": 712.6379143382485,
        "cost_deviation": 4.085223197937012,
        "cost_distorsion": 22.03481101989746,
        "cost_thickness": 3732.048828125,
        "cost_beam_compression": 2.132645845413208,
        "cost_non_linearity": 957.413818359375,
        "cost_distance_total_intern_reflection": 13545.29296875
    },
    "weighted components": {
        "cost_dispersion": 35.2894287109375,
        "cost_distance_glasses": 712.6379143382485,
        "cost_deviation": 4.085223197937012,
        "cost_distorsion": 22.03481101989746,
        "cost_thickness": 3732.048828125,
        "cost_beam_compression": 2.132645845413208,
        "cost_non_linearity": 957.413818359375,
        "cost_distance_total_intern_reflection": 13545.29296875
    }
}{
    "components non weights": {
        "cost_dispersion": 1.0,
        "cost_distance_glasses": 1.0,
        "cost_deviation": 1,
        "cost_distorsion": 1.0,
        "cost_thickness": 1.0,
        "cost_beam_compression": 1.0,
        "cost_non_linearity": 1.0,
        "cost_distance_total_intern_reflection": 1.0
    },
    "components with weights": {
        "cost_dispersion": 35.2894287109375,
        "cost_distance_glasses": 712.6379143382485,
        "cost_deviation": 4.085223197937012,
        "cost_distorsion": 22.03481101989746,
        "cost_thickness": 3732.048828125,
        "cost_beam_compression": 2.132645845413208,
        "cost_non_linearity": 957.413818359375,
        "cost_distance_total_intern_reflection": 13545.29296875
    },
    "weighted components": {
        "cost_dispersion": 35.2894287109375,
        "cost_distance_glasses": 712.6379143382485,
        "cost_deviation": 4.085223197937012,
        "cost_distorsion": 22.03481101989746,
        "cost_thickness": 3732.048828125,
        "cost_beam_compression": 2.132645845413208,
        "cost_non_linearity": 957.413818359375,
        "cost_distance_total_intern_reflection": 13545.29296875
    }
}