{
    "components non weights": {
        "cost_dispersion": 1.0,
        "cost_distance_glasses": 1.0,
        "cost_deviation": 1,
        "cost_distorsion": 1.0,
        "cost_thickness": 1.0,
        "cost_beam_compression": 1.0,
        "cost_non_linearity": 1.0,
        "cost_distance_total_intern_reflection": 1.0
    },
    "components with weights": {
        "cost_dispersion": 31.772598266601562,
        "cost_distance_glasses": 1004.3490216348796,
        "cost_deviation": 2.3251242637634277,
        "cost_distorsion": 22.496505737304688,
        "cost_thickness": 3791.8857421875,
        "cost_beam_compression": 2.167367458343506,
        "cost_non_linearity": 958.1712036132812,
        "cost_distance_total_intern_reflection": 13630.7421875
    },
    "weighted components": {
        "cost_dispersion": 31.772598266601562,
        "cost_distance_glasses": 1004.3490216348796,
        "cost_deviation": 2.3251242637634277,
        "cost_distorsion": 22.496505737304688,
        "cost_thickness": 3791.8857421875,
        "cost_beam_compression": 2.167367458343506,
        "cost_non_linearity": 958.1712036132812,
        "cost_distance_total_intern_reflection": 13630.7421875
    }
}{
    "components non weights": {
        "cost_dispersion": 1.0,
        "cost_distance_glasses": 1.0,
        "cost_deviation": 1,
        "cost_distorsion": 1.0,
        "cost_thickness": 1.0,
        "cost_beam_compression": 1.0,
        "cost_non_linearity": 1.0,
        "cost_distance_total_intern_reflection": 1.0
    },
    "components with weights": {
        "cost_dispersion": 31.772598266601562,
        "cost_distance_glasses": 1004.3490216348796,
        "cost_deviation": 2.3251242637634277,
        "cost_distorsion": 22.496505737304688,
        "cost_thickness": 3791.8857421875,
        "cost_beam_compression": 2.167367458343506,
        "cost_non_linearity": 958.1712036132812,
        "cost_distance_total_intern_reflection": 13630.7421875
    },
    "weighted components": {
        "cost_dispersion": 31.772598266601562,
        "cost_distance_glasses": 1004.3490216348796,
        "cost_deviation": 2.3251242637634277,
        "cost_distorsion": 22.496505737304688,
        "cost_thickness": 3791.8857421875,
        "cost_beam_compression": 2.167367458343506,
        "cost_non_linearity": 958.1712036132812,
        "cost_distance_total_intern_reflection": 13630.7421875
    }
}