{
    "components non weights": {
        "cost_dispersion": 1.0,
        "cost_distance_glasses": 1.0,
        "cost_deviation": 1,
        "cost_distorsion": 1.0,
        "cost_thickness": 1.0,
        "cost_beam_compression": 1.0,
        "cost_non_linearity": 1.0,
        "cost_distance_total_intern_reflection": 1.0
    },
    "components with weights": {
        "cost_dispersion": 136.19419860839844,
        "cost_distance_glasses": 1345.7042800512938,
        "cost_deviation": 21.896896362304688,
        "cost_distorsion": 21.002439498901367,
        "cost_thickness": 4107.8671875,
        "cost_beam_compression": 2.3582510948181152,
        "cost_non_linearity": 946.2177734375,
        "cost_distance_total_intern_reflection": 14107.2421875
    },
    "weighted components": {
        "cost_dispersion": 136.19419860839844,
        "cost_distance_glasses": 1345.7042800512938,
        "cost_deviation": 21.896896362304688,
        "cost_distorsion": 21.002439498901367,
        "cost_thickness": 4107.8671875,
        "cost_beam_compression": 2.3582510948181152,
        "cost_non_linearity": 946.2177734375,
        "cost_distance_total_intern_reflection": 14107.2421875
    }
}{
    "components non weights": {
        "cost_dispersion": 1.0,
        "cost_distance_glasses": 1.0,
        "cost_deviation": 1,
        "cost_distorsion": 1.0,
        "cost_thickness": 1.0,
        "cost_beam_compression": 1.0,
        "cost_non_linearity": 1.0,
        "cost_distance_total_intern_reflection": 1.0
    },
    "components with weights": {
        "cost_dispersion": 136.19419860839844,
        "cost_distance_glasses": 1345.7042800512938,
        "cost_deviation": 21.896896362304688,
        "cost_distorsion": 21.002439498901367,
        "cost_thickness": 4107.8671875,
        "cost_beam_compression": 2.3582510948181152,
        "cost_non_linearity": 946.2177734375,
        "cost_distance_total_intern_reflection": 14107.2421875
    },
    "weighted components": {
        "cost_dispersion": 136.19419860839844,
        "cost_distance_glasses": 1345.7042800512938,
        "cost_deviation": 21.896896362304688,
        "cost_distorsion": 21.002439498901367,
        "cost_thickness": 4107.8671875,
        "cost_beam_compression": 2.3582510948181152,
        "cost_non_linearity": 946.2177734375,
        "cost_distance_total_intern_reflection": 14107.2421875
    }
}