{
    "components non weights": {
        "cost_dispersion": 1.0,
        "cost_distance_glasses": 1.0,
        "cost_deviation": 1,
        "cost_distorsion": 1.0,
        "cost_thickness": 1.0,
        "cost_beam_compression": 1.0,
        "cost_non_linearity": 1.0,
        "cost_distance_total_intern_reflection": 1.0
    },
    "components with weights": {
        "cost_dispersion": 55.99576950073242,
        "cost_distance_glasses": 1237.2385867417831,
        "cost_deviation": 9.970160484313965,
        "cost_distorsion": 21.266260147094727,
        "cost_thickness": 4172.6201171875,
        "cost_beam_compression": 2.397754192352295,
        "cost_non_linearity": 954.2322387695312,
        "cost_distance_total_intern_reflection": 14213.68359375
    },
    "weighted components": {
        "cost_dispersion": 55.99576950073242,
        "cost_distance_glasses": 1237.2385867417831,
        "cost_deviation": 9.970160484313965,
        "cost_distorsion": 21.266260147094727,
        "cost_thickness": 4172.6201171875,
        "cost_beam_compression": 2.397754192352295,
        "cost_non_linearity": 954.2322387695312,
        "cost_distance_total_intern_reflection": 14213.68359375
    }
}{
    "components non weights": {
        "cost_dispersion": 1.0,
        "cost_distance_glasses": 1.0,
        "cost_deviation": 1,
        "cost_distorsion": 1.0,
        "cost_thickness": 1.0,
        "cost_beam_compression": 1.0,
        "cost_non_linearity": 1.0,
        "cost_distance_total_intern_reflection": 1.0
    },
    "components with weights": {
        "cost_dispersion": 55.99576950073242,
        "cost_distance_glasses": 1237.2385867417831,
        "cost_deviation": 9.970160484313965,
        "cost_distorsion": 21.266260147094727,
        "cost_thickness": 4172.6201171875,
        "cost_beam_compression": 2.397754192352295,
        "cost_non_linearity": 954.2322387695312,
        "cost_distance_total_intern_reflection": 14213.68359375
    },
    "weighted components": {
        "cost_dispersion": 55.99576950073242,
        "cost_distance_glasses": 1237.2385867417831,
        "cost_deviation": 9.970160484313965,
        "cost_distorsion": 21.266260147094727,
        "cost_thickness": 4172.6201171875,
        "cost_beam_compression": 2.397754192352295,
        "cost_non_linearity": 954.2322387695312,
        "cost_distance_total_intern_reflection": 14213.68359375
    }
}