{
    "components non weights": {
        "cost_dispersion": 1.0,
        "cost_distance_glasses": 1.0,
        "cost_deviation": 1,
        "cost_distorsion": 1.0,
        "cost_thickness": 1.0,
        "cost_beam_compression": 1.0,
        "cost_non_linearity": 1.0,
        "cost_distance_total_intern_reflection": 1.0
    },
    "components with weights": {
        "cost_dispersion": 23.453044891357422,
        "cost_distance_glasses": 1262.0938223066091,
        "cost_deviation": 4.190706729888916,
        "cost_distorsion": 23.18153953552246,
        "cost_thickness": 3834.426025390625,
        "cost_beam_compression": 2.1931302547454834,
        "cost_non_linearity": 959.5939331054688,
        "cost_distance_total_intern_reflection": 13711.693359375
    },
    "weighted components": {
        "cost_dispersion": 23.453044891357422,
        "cost_distance_glasses": 1262.0938223066091,
        "cost_deviation": 4.190706729888916,
        "cost_distorsion": 23.18153953552246,
        "cost_thickness": 3834.426025390625,
        "cost_beam_compression": 2.1931302547454834,
        "cost_non_linearity": 959.5939331054688,
        "cost_distance_total_intern_reflection": 13711.693359375
    }
}{
    "components non weights": {
        "cost_dispersion": 1.0,
        "cost_distance_glasses": 1.0,
        "cost_deviation": 1,
        "cost_distorsion": 1.0,
        "cost_thickness": 1.0,
        "cost_beam_compression": 1.0,
        "cost_non_linearity": 1.0,
        "cost_distance_total_intern_reflection": 1.0
    },
    "components with weights": {
        "cost_dispersion": 23.453044891357422,
        "cost_distance_glasses": 1262.0938223066091,
        "cost_deviation": 4.190706729888916,
        "cost_distorsion": 23.18153953552246,
        "cost_thickness": 3834.426025390625,
        "cost_beam_compression": 2.1931302547454834,
        "cost_non_linearity": 959.5939331054688,
        "cost_distance_total_intern_reflection": 13711.693359375
    },
    "weighted components": {
        "cost_dispersion": 23.453044891357422,
        "cost_distance_glasses": 1262.0938223066091,
        "cost_deviation": 4.190706729888916,
        "cost_distorsion": 23.18153953552246,
        "cost_thickness": 3834.426025390625,
        "cost_beam_compression": 2.1931302547454834,
        "cost_non_linearity": 959.5939331054688,
        "cost_distance_total_intern_reflection": 13711.693359375
    }
}