{
    "components non weights": {
        "cost_dispersion": 1.0,
        "cost_distance_glasses": 1.0,
        "cost_deviation": 1,
        "cost_distorsion": 1.0,
        "cost_thickness": 1.0,
        "cost_beam_compression": 1.0,
        "cost_non_linearity": 1.0,
        "cost_distance_total_intern_reflection": 1.0
    },
    "components with weights": {
        "cost_dispersion": 39.76447677612305,
        "cost_distance_glasses": 759.1165189830461,
        "cost_deviation": 1.5329843759536743,
        "cost_distorsion": 22.94326400756836,
        "cost_thickness": 3735.23046875,
        "cost_beam_compression": 2.1336781978607178,
        "cost_non_linearity": 956.6328125,
        "cost_distance_total_intern_reflection": 13561.3837890625
    },
    "weighted components": {
        "cost_dispersion": 39.76447677612305,
        "cost_distance_glasses": 759.1165189830461,
        "cost_deviation": 1.5329843759536743,
        "cost_distorsion": 22.94326400756836,
        "cost_thickness": 3735.23046875,
        "cost_beam_compression": 2.1336781978607178,
        "cost_non_linearity": 956.6328125,
        "cost_distance_total_intern_reflection": 13561.3837890625
    }
}{
    "components non weights": {
        "cost_dispersion": 1.0,
        "cost_distance_glasses": 1.0,
        "cost_deviation": 1,
        "cost_distorsion": 1.0,
        "cost_thickness": 1.0,
        "cost_beam_compression": 1.0,
        "cost_non_linearity": 1.0,
        "cost_distance_total_intern_reflection": 1.0
    },
    "components with weights": {
        "cost_dispersion": 39.76447677612305,
        "cost_distance_glasses": 759.1165189830461,
        "cost_deviation": 1.5329843759536743,
        "cost_distorsion": 22.94326400756836,
        "cost_thickness": 3735.23046875,
        "cost_beam_compression": 2.1336781978607178,
        "cost_non_linearity": 956.6328125,
        "cost_distance_total_intern_reflection": 13561.3837890625
    },
    "weighted components": {
        "cost_dispersion": 39.76447677612305,
        "cost_distance_glasses": 759.1165189830461,
        "cost_deviation": 1.5329843759536743,
        "cost_distorsion": 22.94326400756836,
        "cost_thickness": 3735.23046875,
        "cost_beam_compression": 2.1336781978607178,
        "cost_non_linearity": 956.6328125,
        "cost_distance_total_intern_reflection": 13561.3837890625
    }
}