{
    "components non weights": {
        "cost_dispersion": 1.0,
        "cost_distance_glasses": 1.0,
        "cost_deviation": 1,
        "cost_distorsion": 1.0,
        "cost_thickness": 1.0,
        "cost_beam_compression": 1.0,
        "cost_non_linearity": 1.0,
        "cost_distance_total_intern_reflection": 1.0
    },
    "components with weights": {
        "cost_dispersion": 31.808387756347656,
        "cost_distance_glasses": 890.3134169891584,
        "cost_deviation": 2.779362201690674,
        "cost_distorsion": 22.5493106842041,
        "cost_thickness": 3780.7744140625,
        "cost_beam_compression": 2.161224365234375,
        "cost_non_linearity": 958.0860595703125,
        "cost_distance_total_intern_reflection": 13620.099609375
    },
    "weighted components": {
        "cost_dispersion": 31.808387756347656,
        "cost_distance_glasses": 890.3134169891584,
        "cost_deviation": 2.779362201690674,
        "cost_distorsion": 22.5493106842041,
        "cost_thickness": 3780.7744140625,
        "cost_beam_compression": 2.161224365234375,
        "cost_non_linearity": 958.0860595703125,
        "cost_distance_total_intern_reflection": 13620.099609375
    }
}{
    "components non weights": {
        "cost_dispersion": 1.0,
        "cost_distance_glasses": 1.0,
        "cost_deviation": 1,
        "cost_distorsion": 1.0,
        "cost_thickness": 1.0,
        "cost_beam_compression": 1.0,
        "cost_non_linearity": 1.0,
        "cost_distance_total_intern_reflection": 1.0
    },
    "components with weights": {
        "cost_dispersion": 31.808387756347656,
        "cost_distance_glasses": 890.3134169891584,
        "cost_deviation": 2.779362201690674,
        "cost_distorsion": 22.5493106842041,
        "cost_thickness": 3780.7744140625,
        "cost_beam_compression": 2.161224365234375,
        "cost_non_linearity": 958.0860595703125,
        "cost_distance_total_intern_reflection": 13620.099609375
    },
    "weighted components": {
        "cost_dispersion": 31.808387756347656,
        "cost_distance_glasses": 890.3134169891584,
        "cost_deviation": 2.779362201690674,
        "cost_distorsion": 22.5493106842041,
        "cost_thickness": 3780.7744140625,
        "cost_beam_compression": 2.161224365234375,
        "cost_non_linearity": 958.0860595703125,
        "cost_distance_total_intern_reflection": 13620.099609375
    }
}