{
    "components non weights": {
        "cost_dispersion": 1.0,
        "cost_distance_glasses": 1.0,
        "cost_deviation": 1,
        "cost_distorsion": 1.0,
        "cost_thickness": 1.0,
        "cost_beam_compression": 1.0,
        "cost_non_linearity": 1.0,
        "cost_distance_total_intern_reflection": 1.0
    },
    "components with weights": {
        "cost_dispersion": 34.56153869628906,
        "cost_distance_glasses": 766.8383028012722,
        "cost_deviation": 4.154181003570557,
        "cost_distorsion": 22.191444396972656,
        "cost_thickness": 3736.626708984375,
        "cost_beam_compression": 2.135071277618408,
        "cost_non_linearity": 957.5435180664062,
        "cost_distance_total_intern_reflection": 13554.8984375
    },
    "weighted components": {
        "cost_dispersion": 34.56153869628906,
        "cost_distance_glasses": 766.8383028012722,
        "cost_deviation": 4.154181003570557,
        "cost_distorsion": 22.191444396972656,
        "cost_thickness": 3736.626708984375,
        "cost_beam_compression": 2.135071277618408,
        "cost_non_linearity": 957.5435180664062,
        "cost_distance_total_intern_reflection": 13554.8984375
    }
}{
    "components non weights": {
        "cost_dispersion": 1.0,
        "cost_distance_glasses": 1.0,
        "cost_deviation": 1,
        "cost_distorsion": 1.0,
        "cost_thickness": 1.0,
        "cost_beam_compression": 1.0,
        "cost_non_linearity": 1.0,
        "cost_distance_total_intern_reflection": 1.0
    },
    "components with weights": {
        "cost_dispersion": 34.56153869628906,
        "cost_distance_glasses": 766.8383028012722,
        "cost_deviation": 4.154181003570557,
        "cost_distorsion": 22.191444396972656,
        "cost_thickness": 3736.626708984375,
        "cost_beam_compression": 2.135071277618408,
        "cost_non_linearity": 957.5435180664062,
        "cost_distance_total_intern_reflection": 13554.8984375
    },
    "weighted components": {
        "cost_dispersion": 34.56153869628906,
        "cost_distance_glasses": 766.8383028012722,
        "cost_deviation": 4.154181003570557,
        "cost_distorsion": 22.191444396972656,
        "cost_thickness": 3736.626708984375,
        "cost_beam_compression": 2.135071277618408,
        "cost_non_linearity": 957.5435180664062,
        "cost_distance_total_intern_reflection": 13554.8984375
    }
}