{
    "components non weights": {
        "cost_dispersion": 1.0,
        "cost_distance_glasses": 1.0,
        "cost_deviation": 1,
        "cost_distorsion": 1.0,
        "cost_thickness": 1.0,
        "cost_beam_compression": 1.0,
        "cost_non_linearity": 1.0,
        "cost_distance_total_intern_reflection": 1.0
    },
    "components with weights": {
        "cost_dispersion": 306.3653564453125,
        "cost_distance_glasses": 1869.584139785671,
        "cost_deviation": 44.786354064941406,
        "cost_distorsion": 20.39447784423828,
        "cost_thickness": 4018.9404296875,
        "cost_beam_compression": 2.301459312438965,
        "cost_non_linearity": 935.2412719726562,
        "cost_distance_total_intern_reflection": 13967.400390625
    },
    "weighted components": {
        "cost_dispersion": 306.3653564453125,
        "cost_distance_glasses": 1869.584139785671,
        "cost_deviation": 44.786354064941406,
        "cost_distorsion": 20.39447784423828,
        "cost_thickness": 4018.9404296875,
        "cost_beam_compression": 2.301459312438965,
        "cost_non_linearity": 935.2412719726562,
        "cost_distance_total_intern_reflection": 13967.400390625
    }
}{
    "components non weights": {
        "cost_dispersion": 1.0,
        "cost_distance_glasses": 1.0,
        "cost_deviation": 1,
        "cost_distorsion": 1.0,
        "cost_thickness": 1.0,
        "cost_beam_compression": 1.0,
        "cost_non_linearity": 1.0,
        "cost_distance_total_intern_reflection": 1.0
    },
    "components with weights": {
        "cost_dispersion": 306.3653564453125,
        "cost_distance_glasses": 1869.584139785671,
        "cost_deviation": 44.786354064941406,
        "cost_distorsion": 20.39447784423828,
        "cost_thickness": 4018.9404296875,
        "cost_beam_compression": 2.301459312438965,
        "cost_non_linearity": 935.2412719726562,
        "cost_distance_total_intern_reflection": 13967.400390625
    },
    "weighted components": {
        "cost_dispersion": 306.3653564453125,
        "cost_distance_glasses": 1869.584139785671,
        "cost_deviation": 44.786354064941406,
        "cost_distorsion": 20.39447784423828,
        "cost_thickness": 4018.9404296875,
        "cost_beam_compression": 2.301459312438965,
        "cost_non_linearity": 935.2412719726562,
        "cost_distance_total_intern_reflection": 13967.400390625
    }
}