{
    "components non weights": {
        "cost_dispersion": 1.0,
        "cost_distance_glasses": 1.0,
        "cost_deviation": 1,
        "cost_distorsion": 1.0,
        "cost_thickness": 1.0,
        "cost_beam_compression": 1.0,
        "cost_non_linearity": 1.0,
        "cost_distance_total_intern_reflection": 1.0
    },
    "components with weights": {
        "cost_dispersion": 31.992473602294922,
        "cost_distance_glasses": 1011.8597636734463,
        "cost_deviation": 2.3675789833068848,
        "cost_distorsion": 22.308752059936523,
        "cost_thickness": 3790.34130859375,
        "cost_beam_compression": 2.1666371822357178,
        "cost_non_linearity": 958.1241455078125,
        "cost_distance_total_intern_reflection": 13627.205078125
    },
    "weighted components": {
        "cost_dispersion": 31.992473602294922,
        "cost_distance_glasses": 1011.8597636734463,
        "cost_deviation": 2.3675789833068848,
        "cost_distorsion": 22.308752059936523,
        "cost_thickness": 3790.34130859375,
        "cost_beam_compression": 2.1666371822357178,
        "cost_non_linearity": 958.1241455078125,
        "cost_distance_total_intern_reflection": 13627.205078125
    }
}{
    "components non weights": {
        "cost_dispersion": 1.0,
        "cost_distance_glasses": 1.0,
        "cost_deviation": 1,
        "cost_distorsion": 1.0,
        "cost_thickness": 1.0,
        "cost_beam_compression": 1.0,
        "cost_non_linearity": 1.0,
        "cost_distance_total_intern_reflection": 1.0
    },
    "components with weights": {
        "cost_dispersion": 31.992473602294922,
        "cost_distance_glasses": 1011.8597636734463,
        "cost_deviation": 2.3675789833068848,
        "cost_distorsion": 22.308752059936523,
        "cost_thickness": 3790.34130859375,
        "cost_beam_compression": 2.1666371822357178,
        "cost_non_linearity": 958.1241455078125,
        "cost_distance_total_intern_reflection": 13627.205078125
    },
    "weighted components": {
        "cost_dispersion": 31.992473602294922,
        "cost_distance_glasses": 1011.8597636734463,
        "cost_deviation": 2.3675789833068848,
        "cost_distorsion": 22.308752059936523,
        "cost_thickness": 3790.34130859375,
        "cost_beam_compression": 2.1666371822357178,
        "cost_non_linearity": 958.1241455078125,
        "cost_distance_total_intern_reflection": 13627.205078125
    }
}