{
    "components non weights": {
        "cost_dispersion": 1.0,
        "cost_distance_glasses": 1.0,
        "cost_deviation": 1,
        "cost_distorsion": 1.0,
        "cost_thickness": 1.0,
        "cost_beam_compression": 1.0,
        "cost_non_linearity": 1.0,
        "cost_distance_total_intern_reflection": 1.0
    },
    "components with weights": {
        "cost_dispersion": 32.03460693359375,
        "cost_distance_glasses": 930.2456565917106,
        "cost_deviation": 2.308793306350708,
        "cost_distorsion": 22.4575138092041,
        "cost_thickness": 3788.42236328125,
        "cost_beam_compression": 2.1656441688537598,
        "cost_non_linearity": 957.848876953125,
        "cost_distance_total_intern_reflection": 13627.4921875
    },
    "weighted components": {
        "cost_dispersion": 32.03460693359375,
        "cost_distance_glasses": 930.2456565917106,
        "cost_deviation": 2.308793306350708,
        "cost_distorsion": 22.4575138092041,
        "cost_thickness": 3788.42236328125,
        "cost_beam_compression": 2.1656441688537598,
        "cost_non_linearity": 957.848876953125,
        "cost_distance_total_intern_reflection": 13627.4921875
    }
}{
    "components non weights": {
        "cost_dispersion": 1.0,
        "cost_distance_glasses": 1.0,
        "cost_deviation": 1,
        "cost_distorsion": 1.0,
        "cost_thickness": 1.0,
        "cost_beam_compression": 1.0,
        "cost_non_linearity": 1.0,
        "cost_distance_total_intern_reflection": 1.0
    },
    "components with weights": {
        "cost_dispersion": 32.03460693359375,
        "cost_distance_glasses": 930.2456565917106,
        "cost_deviation": 2.308793306350708,
        "cost_distorsion": 22.4575138092041,
        "cost_thickness": 3788.42236328125,
        "cost_beam_compression": 2.1656441688537598,
        "cost_non_linearity": 957.848876953125,
        "cost_distance_total_intern_reflection": 13627.4921875
    },
    "weighted components": {
        "cost_dispersion": 32.03460693359375,
        "cost_distance_glasses": 930.2456565917106,
        "cost_deviation": 2.308793306350708,
        "cost_distorsion": 22.4575138092041,
        "cost_thickness": 3788.42236328125,
        "cost_beam_compression": 2.1656441688537598,
        "cost_non_linearity": 957.848876953125,
        "cost_distance_total_intern_reflection": 13627.4921875
    }
}