{
    "components non weights": {
        "cost_dispersion": 1.0,
        "cost_distance_glasses": 1.0,
        "cost_deviation": 1,
        "cost_distorsion": 1.0,
        "cost_thickness": 1.0,
        "cost_beam_compression": 1.0,
        "cost_non_linearity": 1.0,
        "cost_distance_total_intern_reflection": 1.0
    },
    "components with weights": {
        "cost_dispersion": 153.35520935058594,
        "cost_distance_glasses": 1536.5523699376101,
        "cost_deviation": 17.3759822845459,
        "cost_distorsion": 21.226533889770508,
        "cost_thickness": 4099.16064453125,
        "cost_beam_compression": 2.351550579071045,
        "cost_non_linearity": 944.7726440429688,
        "cost_distance_total_intern_reflection": 14090.208984375
    },
    "weighted components": {
        "cost_dispersion": 153.35520935058594,
        "cost_distance_glasses": 1536.5523699376101,
        "cost_deviation": 17.3759822845459,
        "cost_distorsion": 21.226533889770508,
        "cost_thickness": 4099.16064453125,
        "cost_beam_compression": 2.351550579071045,
        "cost_non_linearity": 944.7726440429688,
        "cost_distance_total_intern_reflection": 14090.208984375
    }
}{
    "components non weights": {
        "cost_dispersion": 1.0,
        "cost_distance_glasses": 1.0,
        "cost_deviation": 1,
        "cost_distorsion": 1.0,
        "cost_thickness": 1.0,
        "cost_beam_compression": 1.0,
        "cost_non_linearity": 1.0,
        "cost_distance_total_intern_reflection": 1.0
    },
    "components with weights": {
        "cost_dispersion": 153.35520935058594,
        "cost_distance_glasses": 1536.5523699376101,
        "cost_deviation": 17.3759822845459,
        "cost_distorsion": 21.226533889770508,
        "cost_thickness": 4099.16064453125,
        "cost_beam_compression": 2.351550579071045,
        "cost_non_linearity": 944.7726440429688,
        "cost_distance_total_intern_reflection": 14090.208984375
    },
    "weighted components": {
        "cost_dispersion": 153.35520935058594,
        "cost_distance_glasses": 1536.5523699376101,
        "cost_deviation": 17.3759822845459,
        "cost_distorsion": 21.226533889770508,
        "cost_thickness": 4099.16064453125,
        "cost_beam_compression": 2.351550579071045,
        "cost_non_linearity": 944.7726440429688,
        "cost_distance_total_intern_reflection": 14090.208984375
    }
}