{
    "components non weights": {
        "cost_dispersion": 1.0,
        "cost_distance_glasses": 1.0,
        "cost_deviation": 1,
        "cost_distorsion": 1.0,
        "cost_thickness": 1.0,
        "cost_beam_compression": 1.0,
        "cost_non_linearity": 1.0,
        "cost_distance_total_intern_reflection": 1.0
    },
    "components with weights": {
        "cost_dispersion": 30.752927780151367,
        "cost_distance_glasses": 698.7024325024487,
        "cost_deviation": 9.052236557006836,
        "cost_distorsion": 20.071823120117188,
        "cost_thickness": 3728.401611328125,
        "cost_beam_compression": 2.1313376426696777,
        "cost_non_linearity": 958.3656005859375,
        "cost_distance_total_intern_reflection": 13578.9775390625
    },
    "weighted components": {
        "cost_dispersion": 30.752927780151367,
        "cost_distance_glasses": 698.7024325024487,
        "cost_deviation": 9.052236557006836,
        "cost_distorsion": 20.071823120117188,
        "cost_thickness": 3728.401611328125,
        "cost_beam_compression": 2.1313376426696777,
        "cost_non_linearity": 958.3656005859375,
        "cost_distance_total_intern_reflection": 13578.9775390625
    }
}{
    "components non weights": {
        "cost_dispersion": 1.0,
        "cost_distance_glasses": 1.0,
        "cost_deviation": 1,
        "cost_distorsion": 1.0,
        "cost_thickness": 1.0,
        "cost_beam_compression": 1.0,
        "cost_non_linearity": 1.0,
        "cost_distance_total_intern_reflection": 1.0
    },
    "components with weights": {
        "cost_dispersion": 30.752927780151367,
        "cost_distance_glasses": 698.7024325024487,
        "cost_deviation": 9.052236557006836,
        "cost_distorsion": 20.071823120117188,
        "cost_thickness": 3728.401611328125,
        "cost_beam_compression": 2.1313376426696777,
        "cost_non_linearity": 958.3656005859375,
        "cost_distance_total_intern_reflection": 13578.9775390625
    },
    "weighted components": {
        "cost_dispersion": 30.752927780151367,
        "cost_distance_glasses": 698.7024325024487,
        "cost_deviation": 9.052236557006836,
        "cost_distorsion": 20.071823120117188,
        "cost_thickness": 3728.401611328125,
        "cost_beam_compression": 2.1313376426696777,
        "cost_non_linearity": 958.3656005859375,
        "cost_distance_total_intern_reflection": 13578.9775390625
    }
}