{
    "components non weights": {
        "cost_dispersion": 1.0,
        "cost_distance_glasses": 1.0,
        "cost_deviation": 1,
        "cost_distorsion": 1.0,
        "cost_thickness": 1.0,
        "cost_beam_compression": 1.0,
        "cost_non_linearity": 1.0,
        "cost_distance_total_intern_reflection": 1.0
    },
    "components with weights": {
        "cost_dispersion": 61.7352409362793,
        "cost_distance_glasses": 686.2489309278764,
        "cost_deviation": 2.6323065757751465,
        "cost_distorsion": 24.92333984375,
        "cost_thickness": 3729.234375,
        "cost_beam_compression": 2.128415584564209,
        "cost_non_linearity": 953.9885864257812,
        "cost_distance_total_intern_reflection": 13572.1513671875
    },
    "weighted components": {
        "cost_dispersion": 61.7352409362793,
        "cost_distance_glasses": 686.2489309278764,
        "cost_deviation": 2.6323065757751465,
        "cost_distorsion": 24.92333984375,
        "cost_thickness": 3729.234375,
        "cost_beam_compression": 2.128415584564209,
        "cost_non_linearity": 953.9885864257812,
        "cost_distance_total_intern_reflection": 13572.1513671875
    }
}{
    "components non weights": {
        "cost_dispersion": 1.0,
        "cost_distance_glasses": 1.0,
        "cost_deviation": 1,
        "cost_distorsion": 1.0,
        "cost_thickness": 1.0,
        "cost_beam_compression": 1.0,
        "cost_non_linearity": 1.0,
        "cost_distance_total_intern_reflection": 1.0
    },
    "components with weights": {
        "cost_dispersion": 61.7352409362793,
        "cost_distance_glasses": 686.2489309278764,
        "cost_deviation": 2.6323065757751465,
        "cost_distorsion": 24.92333984375,
        "cost_thickness": 3729.234375,
        "cost_beam_compression": 2.128415584564209,
        "cost_non_linearity": 953.9885864257812,
        "cost_distance_total_intern_reflection": 13572.1513671875
    },
    "weighted components": {
        "cost_dispersion": 61.7352409362793,
        "cost_distance_glasses": 686.2489309278764,
        "cost_deviation": 2.6323065757751465,
        "cost_distorsion": 24.92333984375,
        "cost_thickness": 3729.234375,
        "cost_beam_compression": 2.128415584564209,
        "cost_non_linearity": 953.9885864257812,
        "cost_distance_total_intern_reflection": 13572.1513671875
    }
}