{
    "components non weights": {
        "cost_dispersion": 1.0,
        "cost_distance_glasses": 1.0,
        "cost_deviation": 1,
        "cost_distorsion": 1.0,
        "cost_thickness": 1.0,
        "cost_beam_compression": 1.0,
        "cost_non_linearity": 1.0,
        "cost_distance_total_intern_reflection": 1.0
    },
    "components with weights": {
        "cost_dispersion": 37.41998291015625,
        "cost_distance_glasses": 824.4104626803263,
        "cost_deviation": 1.6652368307113647,
        "cost_distorsion": 21.360647201538086,
        "cost_thickness": 3760.919189453125,
        "cost_beam_compression": 2.149043083190918,
        "cost_non_linearity": 957.0648193359375,
        "cost_distance_total_intern_reflection": 13605.8115234375
    },
    "weighted components": {
        "cost_dispersion": 37.41998291015625,
        "cost_distance_glasses": 824.4104626803263,
        "cost_deviation": 1.6652368307113647,
        "cost_distorsion": 21.360647201538086,
        "cost_thickness": 3760.919189453125,
        "cost_beam_compression": 2.149043083190918,
        "cost_non_linearity": 957.0648193359375,
        "cost_distance_total_intern_reflection": 13605.8115234375
    }
}{
    "components non weights": {
        "cost_dispersion": 1.0,
        "cost_distance_glasses": 1.0,
        "cost_deviation": 1,
        "cost_distorsion": 1.0,
        "cost_thickness": 1.0,
        "cost_beam_compression": 1.0,
        "cost_non_linearity": 1.0,
        "cost_distance_total_intern_reflection": 1.0
    },
    "components with weights": {
        "cost_dispersion": 37.41998291015625,
        "cost_distance_glasses": 824.4104626803263,
        "cost_deviation": 1.6652368307113647,
        "cost_distorsion": 21.360647201538086,
        "cost_thickness": 3760.919189453125,
        "cost_beam_compression": 2.149043083190918,
        "cost_non_linearity": 957.0648193359375,
        "cost_distance_total_intern_reflection": 13605.8115234375
    },
    "weighted components": {
        "cost_dispersion": 37.41998291015625,
        "cost_distance_glasses": 824.4104626803263,
        "cost_deviation": 1.6652368307113647,
        "cost_distorsion": 21.360647201538086,
        "cost_thickness": 3760.919189453125,
        "cost_beam_compression": 2.149043083190918,
        "cost_non_linearity": 957.0648193359375,
        "cost_distance_total_intern_reflection": 13605.8115234375
    }
}