{
    "components non weights": {
        "cost_dispersion": 1.0,
        "cost_distance_glasses": 1.0,
        "cost_deviation": 1,
        "cost_distorsion": 1.0,
        "cost_thickness": 1.0,
        "cost_beam_compression": 1.0,
        "cost_non_linearity": 1.0,
        "cost_distance_total_intern_reflection": 1.0
    },
    "components with weights": {
        "cost_dispersion": 118.74667358398438,
        "cost_distance_glasses": 1237.2341464601907,
        "cost_deviation": 15.311920166015625,
        "cost_distorsion": 21.770112991333008,
        "cost_thickness": 4127.65380859375,
        "cost_beam_compression": 2.3701186180114746,
        "cost_non_linearity": 947.9149169921875,
        "cost_distance_total_intern_reflection": 14147.4443359375
    },
    "weighted components": {
        "cost_dispersion": 118.74667358398438,
        "cost_distance_glasses": 1237.2341464601907,
        "cost_deviation": 15.311920166015625,
        "cost_distorsion": 21.770112991333008,
        "cost_thickness": 4127.65380859375,
        "cost_beam_compression": 2.3701186180114746,
        "cost_non_linearity": 947.9149169921875,
        "cost_distance_total_intern_reflection": 14147.4443359375
    }
}{
    "components non weights": {
        "cost_dispersion": 1.0,
        "cost_distance_glasses": 1.0,
        "cost_deviation": 1,
        "cost_distorsion": 1.0,
        "cost_thickness": 1.0,
        "cost_beam_compression": 1.0,
        "cost_non_linearity": 1.0,
        "cost_distance_total_intern_reflection": 1.0
    },
    "components with weights": {
        "cost_dispersion": 118.74667358398438,
        "cost_distance_glasses": 1237.2341464601907,
        "cost_deviation": 15.311920166015625,
        "cost_distorsion": 21.770112991333008,
        "cost_thickness": 4127.65380859375,
        "cost_beam_compression": 2.3701186180114746,
        "cost_non_linearity": 947.9149169921875,
        "cost_distance_total_intern_reflection": 14147.4443359375
    },
    "weighted components": {
        "cost_dispersion": 118.74667358398438,
        "cost_distance_glasses": 1237.2341464601907,
        "cost_deviation": 15.311920166015625,
        "cost_distorsion": 21.770112991333008,
        "cost_thickness": 4127.65380859375,
        "cost_beam_compression": 2.3701186180114746,
        "cost_non_linearity": 947.9149169921875,
        "cost_distance_total_intern_reflection": 14147.4443359375
    }
}