{
    "components non weights": {
        "cost_dispersion": 1.0,
        "cost_distance_glasses": 1.0,
        "cost_deviation": 1,
        "cost_distorsion": 1.0,
        "cost_thickness": 1.0,
        "cost_beam_compression": 1.0,
        "cost_non_linearity": 1.0,
        "cost_distance_total_intern_reflection": 1.0
    },
    "components with weights": {
        "cost_dispersion": 28.033613204956055,
        "cost_distance_glasses": 710.0156587213219,
        "cost_deviation": 11.307051658630371,
        "cost_distorsion": 20.84821128845215,
        "cost_thickness": 3730.77978515625,
        "cost_beam_compression": 2.132922410964966,
        "cost_non_linearity": 958.617919921875,
        "cost_distance_total_intern_reflection": 13563.5224609375
    },
    "weighted components": {
        "cost_dispersion": 28.033613204956055,
        "cost_distance_glasses": 710.0156587213219,
        "cost_deviation": 11.307051658630371,
        "cost_distorsion": 20.84821128845215,
        "cost_thickness": 3730.77978515625,
        "cost_beam_compression": 2.132922410964966,
        "cost_non_linearity": 958.617919921875,
        "cost_distance_total_intern_reflection": 13563.5224609375
    }
}{
    "components non weights": {
        "cost_dispersion": 1.0,
        "cost_distance_glasses": 1.0,
        "cost_deviation": 1,
        "cost_distorsion": 1.0,
        "cost_thickness": 1.0,
        "cost_beam_compression": 1.0,
        "cost_non_linearity": 1.0,
        "cost_distance_total_intern_reflection": 1.0
    },
    "components with weights": {
        "cost_dispersion": 28.033613204956055,
        "cost_distance_glasses": 710.0156587213219,
        "cost_deviation": 11.307051658630371,
        "cost_distorsion": 20.84821128845215,
        "cost_thickness": 3730.77978515625,
        "cost_beam_compression": 2.132922410964966,
        "cost_non_linearity": 958.617919921875,
        "cost_distance_total_intern_reflection": 13563.5224609375
    },
    "weighted components": {
        "cost_dispersion": 28.033613204956055,
        "cost_distance_glasses": 710.0156587213219,
        "cost_deviation": 11.307051658630371,
        "cost_distorsion": 20.84821128845215,
        "cost_thickness": 3730.77978515625,
        "cost_beam_compression": 2.132922410964966,
        "cost_non_linearity": 958.617919921875,
        "cost_distance_total_intern_reflection": 13563.5224609375
    }
}