{
    "components non weights": {
        "cost_dispersion": 1.0,
        "cost_distance_glasses": 1.0,
        "cost_deviation": 1,
        "cost_distorsion": 1.0,
        "cost_thickness": 1.0,
        "cost_beam_compression": 1.0,
        "cost_non_linearity": 1.0,
        "cost_distance_total_intern_reflection": 1.0
    },
    "components with weights": {
        "cost_dispersion": 30.311800003051758,
        "cost_distance_glasses": 789.670358835447,
        "cost_deviation": 6.919540882110596,
        "cost_distorsion": 21.758390426635742,
        "cost_thickness": 3745.83984375,
        "cost_beam_compression": 2.1409881114959717,
        "cost_non_linearity": 958.1409912109375,
        "cost_distance_total_intern_reflection": 13567.8125
    },
    "weighted components": {
        "cost_dispersion": 30.311800003051758,
        "cost_distance_glasses": 789.670358835447,
        "cost_deviation": 6.919540882110596,
        "cost_distorsion": 21.758390426635742,
        "cost_thickness": 3745.83984375,
        "cost_beam_compression": 2.1409881114959717,
        "cost_non_linearity": 958.1409912109375,
        "cost_distance_total_intern_reflection": 13567.8125
    }
}{
    "components non weights": {
        "cost_dispersion": 1.0,
        "cost_distance_glasses": 1.0,
        "cost_deviation": 1,
        "cost_distorsion": 1.0,
        "cost_thickness": 1.0,
        "cost_beam_compression": 1.0,
        "cost_non_linearity": 1.0,
        "cost_distance_total_intern_reflection": 1.0
    },
    "components with weights": {
        "cost_dispersion": 30.311800003051758,
        "cost_distance_glasses": 789.670358835447,
        "cost_deviation": 6.919540882110596,
        "cost_distorsion": 21.758390426635742,
        "cost_thickness": 3745.83984375,
        "cost_beam_compression": 2.1409881114959717,
        "cost_non_linearity": 958.1409912109375,
        "cost_distance_total_intern_reflection": 13567.8125
    },
    "weighted components": {
        "cost_dispersion": 30.311800003051758,
        "cost_distance_glasses": 789.670358835447,
        "cost_deviation": 6.919540882110596,
        "cost_distorsion": 21.758390426635742,
        "cost_thickness": 3745.83984375,
        "cost_beam_compression": 2.1409881114959717,
        "cost_non_linearity": 958.1409912109375,
        "cost_distance_total_intern_reflection": 13567.8125
    }
}