{
    "components non weights": {
        "cost_dispersion": 1.0,
        "cost_distance_glasses": 1.0,
        "cost_deviation": 1,
        "cost_distorsion": 1.0,
        "cost_thickness": 1.0,
        "cost_beam_compression": 1.0,
        "cost_non_linearity": 1.0,
        "cost_distance_total_intern_reflection": 1.0
    },
    "components with weights": {
        "cost_dispersion": 45.59299087524414,
        "cost_distance_glasses": 677.9043297054026,
        "cost_deviation": 0.2518745958805084,
        "cost_distorsion": 23.129058837890625,
        "cost_thickness": 3728.4921875,
        "cost_beam_compression": 2.1295886039733887,
        "cost_non_linearity": 956.031982421875,
        "cost_distance_total_intern_reflection": 13553.330078125
    },
    "weighted components": {
        "cost_dispersion": 45.59299087524414,
        "cost_distance_glasses": 677.9043297054026,
        "cost_deviation": 0.2518745958805084,
        "cost_distorsion": 23.129058837890625,
        "cost_thickness": 3728.4921875,
        "cost_beam_compression": 2.1295886039733887,
        "cost_non_linearity": 956.031982421875,
        "cost_distance_total_intern_reflection": 13553.330078125
    }
}{
    "components non weights": {
        "cost_dispersion": 1.0,
        "cost_distance_glasses": 1.0,
        "cost_deviation": 1,
        "cost_distorsion": 1.0,
        "cost_thickness": 1.0,
        "cost_beam_compression": 1.0,
        "cost_non_linearity": 1.0,
        "cost_distance_total_intern_reflection": 1.0
    },
    "components with weights": {
        "cost_dispersion": 45.59299087524414,
        "cost_distance_glasses": 677.9043297054026,
        "cost_deviation": 0.2518745958805084,
        "cost_distorsion": 23.129058837890625,
        "cost_thickness": 3728.4921875,
        "cost_beam_compression": 2.1295886039733887,
        "cost_non_linearity": 956.031982421875,
        "cost_distance_total_intern_reflection": 13553.330078125
    },
    "weighted components": {
        "cost_dispersion": 45.59299087524414,
        "cost_distance_glasses": 677.9043297054026,
        "cost_deviation": 0.2518745958805084,
        "cost_distorsion": 23.129058837890625,
        "cost_thickness": 3728.4921875,
        "cost_beam_compression": 2.1295886039733887,
        "cost_non_linearity": 956.031982421875,
        "cost_distance_total_intern_reflection": 13553.330078125
    }
}