{
    "components non weights": {
        "cost_dispersion": 1.0,
        "cost_distance_glasses": 1.0,
        "cost_deviation": 1,
        "cost_distorsion": 1.0,
        "cost_thickness": 1.0,
        "cost_beam_compression": 1.0,
        "cost_non_linearity": 1.0,
        "cost_distance_total_intern_reflection": 1.0
    },
    "components with weights": {
        "cost_dispersion": 197.6577911376953,
        "cost_distance_glasses": 1720.402355713397,
        "cost_deviation": 33.8509635925293,
        "cost_distorsion": 20.30599594116211,
        "cost_thickness": 4065.141357421875,
        "cost_beam_compression": 2.330014705657959,
        "cost_non_linearity": 941.6937866210938,
        "cost_distance_total_intern_reflection": 14047.1748046875
    },
    "weighted components": {
        "cost_dispersion": 197.6577911376953,
        "cost_distance_glasses": 1720.402355713397,
        "cost_deviation": 33.8509635925293,
        "cost_distorsion": 20.30599594116211,
        "cost_thickness": 4065.141357421875,
        "cost_beam_compression": 2.330014705657959,
        "cost_non_linearity": 941.6937866210938,
        "cost_distance_total_intern_reflection": 14047.1748046875
    }
}{
    "components non weights": {
        "cost_dispersion": 1.0,
        "cost_distance_glasses": 1.0,
        "cost_deviation": 1,
        "cost_distorsion": 1.0,
        "cost_thickness": 1.0,
        "cost_beam_compression": 1.0,
        "cost_non_linearity": 1.0,
        "cost_distance_total_intern_reflection": 1.0
    },
    "components with weights": {
        "cost_dispersion": 197.6577911376953,
        "cost_distance_glasses": 1720.402355713397,
        "cost_deviation": 33.8509635925293,
        "cost_distorsion": 20.30599594116211,
        "cost_thickness": 4065.141357421875,
        "cost_beam_compression": 2.330014705657959,
        "cost_non_linearity": 941.6937866210938,
        "cost_distance_total_intern_reflection": 14047.1748046875
    },
    "weighted components": {
        "cost_dispersion": 197.6577911376953,
        "cost_distance_glasses": 1720.402355713397,
        "cost_deviation": 33.8509635925293,
        "cost_distorsion": 20.30599594116211,
        "cost_thickness": 4065.141357421875,
        "cost_beam_compression": 2.330014705657959,
        "cost_non_linearity": 941.6937866210938,
        "cost_distance_total_intern_reflection": 14047.1748046875
    }
}