{
    "components non weights": {
        "cost_dispersion": 1.0,
        "cost_distance_glasses": 1.0,
        "cost_deviation": 1,
        "cost_distorsion": 1.0,
        "cost_thickness": 1.0,
        "cost_beam_compression": 1.0,
        "cost_non_linearity": 1.0,
        "cost_distance_total_intern_reflection": 1.0
    },
    "components with weights": {
        "cost_dispersion": 714.243896484375,
        "cost_distance_glasses": 2191.30902329035,
        "cost_deviation": 254.15232849121094,
        "cost_distorsion": 14.481828689575195,
        "cost_thickness": 3893.78076171875,
        "cost_beam_compression": 2.231113910675049,
        "cost_non_linearity": 917.6574096679688,
        "cost_distance_total_intern_reflection": 13895.330078125
    },
    "weighted components": {
        "cost_dispersion": 714.243896484375,
        "cost_distance_glasses": 2191.30902329035,
        "cost_deviation": 254.15232849121094,
        "cost_distorsion": 14.481828689575195,
        "cost_thickness": 3893.78076171875,
        "cost_beam_compression": 2.231113910675049,
        "cost_non_linearity": 917.6574096679688,
        "cost_distance_total_intern_reflection": 13895.330078125
    }
}{
    "components non weights": {
        "cost_dispersion": 1.0,
        "cost_distance_glasses": 1.0,
        "cost_deviation": 1,
        "cost_distorsion": 1.0,
        "cost_thickness": 1.0,
        "cost_beam_compression": 1.0,
        "cost_non_linearity": 1.0,
        "cost_distance_total_intern_reflection": 1.0
    },
    "components with weights": {
        "cost_dispersion": 714.243896484375,
        "cost_distance_glasses": 2191.30902329035,
        "cost_deviation": 254.15232849121094,
        "cost_distorsion": 14.481828689575195,
        "cost_thickness": 3893.78076171875,
        "cost_beam_compression": 2.231113910675049,
        "cost_non_linearity": 917.6574096679688,
        "cost_distance_total_intern_reflection": 13895.330078125
    },
    "weighted components": {
        "cost_dispersion": 714.243896484375,
        "cost_distance_glasses": 2191.30902329035,
        "cost_deviation": 254.15232849121094,
        "cost_distorsion": 14.481828689575195,
        "cost_thickness": 3893.78076171875,
        "cost_beam_compression": 2.231113910675049,
        "cost_non_linearity": 917.6574096679688,
        "cost_distance_total_intern_reflection": 13895.330078125
    }
}