{
    "components non weights": {
        "cost_dispersion": 1.0,
        "cost_distance_glasses": 1.0,
        "cost_deviation": 1,
        "cost_distorsion": 1.0,
        "cost_thickness": 1.0,
        "cost_beam_compression": 1.0,
        "cost_non_linearity": 1.0,
        "cost_distance_total_intern_reflection": 1.0
    },
    "components with weights": {
        "cost_dispersion": 31.676340103149414,
        "cost_distance_glasses": 1026.1723032884229,
        "cost_deviation": 2.504788398742676,
        "cost_distorsion": 22.429384231567383,
        "cost_thickness": 3790.783935546875,
        "cost_beam_compression": 2.166813611984253,
        "cost_non_linearity": 957.8215942382812,
        "cost_distance_total_intern_reflection": 13626.998046875
    },
    "weighted components": {
        "cost_dispersion": 31.676340103149414,
        "cost_distance_glasses": 1026.1723032884229,
        "cost_deviation": 2.504788398742676,
        "cost_distorsion": 22.429384231567383,
        "cost_thickness": 3790.783935546875,
        "cost_beam_compression": 2.166813611984253,
        "cost_non_linearity": 957.8215942382812,
        "cost_distance_total_intern_reflection": 13626.998046875
    }
}{
    "components non weights": {
        "cost_dispersion": 1.0,
        "cost_distance_glasses": 1.0,
        "cost_deviation": 1,
        "cost_distorsion": 1.0,
        "cost_thickness": 1.0,
        "cost_beam_compression": 1.0,
        "cost_non_linearity": 1.0,
        "cost_distance_total_intern_reflection": 1.0
    },
    "components with weights": {
        "cost_dispersion": 31.676340103149414,
        "cost_distance_glasses": 1026.1723032884229,
        "cost_deviation": 2.504788398742676,
        "cost_distorsion": 22.429384231567383,
        "cost_thickness": 3790.783935546875,
        "cost_beam_compression": 2.166813611984253,
        "cost_non_linearity": 957.8215942382812,
        "cost_distance_total_intern_reflection": 13626.998046875
    },
    "weighted components": {
        "cost_dispersion": 31.676340103149414,
        "cost_distance_glasses": 1026.1723032884229,
        "cost_deviation": 2.504788398742676,
        "cost_distorsion": 22.429384231567383,
        "cost_thickness": 3790.783935546875,
        "cost_beam_compression": 2.166813611984253,
        "cost_non_linearity": 957.8215942382812,
        "cost_distance_total_intern_reflection": 13626.998046875
    }
}