{
    "components non weights": {
        "cost_dispersion": 1.0,
        "cost_distance_glasses": 1.0,
        "cost_deviation": 1,
        "cost_distorsion": 1.0,
        "cost_thickness": 1.0,
        "cost_beam_compression": 1.0,
        "cost_non_linearity": 1.0,
        "cost_distance_total_intern_reflection": 1.0
    },
    "components with weights": {
        "cost_dispersion": 28.44292449951172,
        "cost_distance_glasses": 780.2767780891508,
        "cost_deviation": 9.521744728088379,
        "cost_distorsion": 21.39990997314453,
        "cost_thickness": 3740.73828125,
        "cost_beam_compression": 2.1382832527160645,
        "cost_non_linearity": 958.7904052734375,
        "cost_distance_total_intern_reflection": 13567.4375
    },
    "weighted components": {
        "cost_dispersion": 28.44292449951172,
        "cost_distance_glasses": 780.2767780891508,
        "cost_deviation": 9.521744728088379,
        "cost_distorsion": 21.39990997314453,
        "cost_thickness": 3740.73828125,
        "cost_beam_compression": 2.1382832527160645,
        "cost_non_linearity": 958.7904052734375,
        "cost_distance_total_intern_reflection": 13567.4375
    }
}{
    "components non weights": {
        "cost_dispersion": 1.0,
        "cost_distance_glasses": 1.0,
        "cost_deviation": 1,
        "cost_distorsion": 1.0,
        "cost_thickness": 1.0,
        "cost_beam_compression": 1.0,
        "cost_non_linearity": 1.0,
        "cost_distance_total_intern_reflection": 1.0
    },
    "components with weights": {
        "cost_dispersion": 28.44292449951172,
        "cost_distance_glasses": 780.2767780891508,
        "cost_deviation": 9.521744728088379,
        "cost_distorsion": 21.39990997314453,
        "cost_thickness": 3740.73828125,
        "cost_beam_compression": 2.1382832527160645,
        "cost_non_linearity": 958.7904052734375,
        "cost_distance_total_intern_reflection": 13567.4375
    },
    "weighted components": {
        "cost_dispersion": 28.44292449951172,
        "cost_distance_glasses": 780.2767780891508,
        "cost_deviation": 9.521744728088379,
        "cost_distorsion": 21.39990997314453,
        "cost_thickness": 3740.73828125,
        "cost_beam_compression": 2.1382832527160645,
        "cost_non_linearity": 958.7904052734375,
        "cost_distance_total_intern_reflection": 13567.4375
    }
}