{
    "components non weights": {
        "cost_dispersion": 1.0,
        "cost_distance_glasses": 1.0,
        "cost_deviation": 1,
        "cost_distorsion": 1.0,
        "cost_thickness": 1.0,
        "cost_beam_compression": 1.0,
        "cost_non_linearity": 1.0,
        "cost_distance_total_intern_reflection": 1.0
    },
    "components with weights": {
        "cost_dispersion": 37.69977951049805,
        "cost_distance_glasses": 764.7327398405301,
        "cost_deviation": 2.316044330596924,
        "cost_distorsion": 22.75162124633789,
        "cost_thickness": 3736.301025390625,
        "cost_beam_compression": 2.134500741958618,
        "cost_non_linearity": 957.1179809570312,
        "cost_distance_total_intern_reflection": 13560.73046875
    },
    "weighted components": {
        "cost_dispersion": 37.69977951049805,
        "cost_distance_glasses": 764.7327398405301,
        "cost_deviation": 2.316044330596924,
        "cost_distorsion": 22.75162124633789,
        "cost_thickness": 3736.301025390625,
        "cost_beam_compression": 2.134500741958618,
        "cost_non_linearity": 957.1179809570312,
        "cost_distance_total_intern_reflection": 13560.73046875
    }
}{
    "components non weights": {
        "cost_dispersion": 1.0,
        "cost_distance_glasses": 1.0,
        "cost_deviation": 1,
        "cost_distorsion": 1.0,
        "cost_thickness": 1.0,
        "cost_beam_compression": 1.0,
        "cost_non_linearity": 1.0,
        "cost_distance_total_intern_reflection": 1.0
    },
    "components with weights": {
        "cost_dispersion": 37.69977951049805,
        "cost_distance_glasses": 764.7327398405301,
        "cost_deviation": 2.316044330596924,
        "cost_distorsion": 22.75162124633789,
        "cost_thickness": 3736.301025390625,
        "cost_beam_compression": 2.134500741958618,
        "cost_non_linearity": 957.1179809570312,
        "cost_distance_total_intern_reflection": 13560.73046875
    },
    "weighted components": {
        "cost_dispersion": 37.69977951049805,
        "cost_distance_glasses": 764.7327398405301,
        "cost_deviation": 2.316044330596924,
        "cost_distorsion": 22.75162124633789,
        "cost_thickness": 3736.301025390625,
        "cost_beam_compression": 2.134500741958618,
        "cost_non_linearity": 957.1179809570312,
        "cost_distance_total_intern_reflection": 13560.73046875
    }
}