{
    "components non weights": {
        "cost_dispersion": 1.0,
        "cost_distance_glasses": 1.0,
        "cost_deviation": 1,
        "cost_distorsion": 1.0,
        "cost_thickness": 1.0,
        "cost_beam_compression": 1.0,
        "cost_non_linearity": 1.0,
        "cost_distance_total_intern_reflection": 1.0
    },
    "components with weights": {
        "cost_dispersion": 48.05610275268555,
        "cost_distance_glasses": 704.3655748035262,
        "cost_deviation": 1.9984014443252818e-07,
        "cost_distorsion": 24.748435974121094,
        "cost_thickness": 3731.728759765625,
        "cost_beam_compression": 2.131059169769287,
        "cost_non_linearity": 955.73095703125,
        "cost_distance_total_intern_reflection": 13586.71875
    },
    "weighted components": {
        "cost_dispersion": 48.05610275268555,
        "cost_distance_glasses": 704.3655748035262,
        "cost_deviation": 1.9984014443252818e-07,
        "cost_distorsion": 24.748435974121094,
        "cost_thickness": 3731.728759765625,
        "cost_beam_compression": 2.131059169769287,
        "cost_non_linearity": 955.73095703125,
        "cost_distance_total_intern_reflection": 13586.71875
    }
}{
    "components non weights": {
        "cost_dispersion": 1.0,
        "cost_distance_glasses": 1.0,
        "cost_deviation": 1,
        "cost_distorsion": 1.0,
        "cost_thickness": 1.0,
        "cost_beam_compression": 1.0,
        "cost_non_linearity": 1.0,
        "cost_distance_total_intern_reflection": 1.0
    },
    "components with weights": {
        "cost_dispersion": 48.05610275268555,
        "cost_distance_glasses": 704.3655748035262,
        "cost_deviation": 1.9984014443252818e-07,
        "cost_distorsion": 24.748435974121094,
        "cost_thickness": 3731.728759765625,
        "cost_beam_compression": 2.131059169769287,
        "cost_non_linearity": 955.73095703125,
        "cost_distance_total_intern_reflection": 13586.71875
    },
    "weighted components": {
        "cost_dispersion": 48.05610275268555,
        "cost_distance_glasses": 704.3655748035262,
        "cost_deviation": 1.9984014443252818e-07,
        "cost_distorsion": 24.748435974121094,
        "cost_thickness": 3731.728759765625,
        "cost_beam_compression": 2.131059169769287,
        "cost_non_linearity": 955.73095703125,
        "cost_distance_total_intern_reflection": 13586.71875
    }
}