{
    "components non weights": {
        "cost_dispersion": 1.0,
        "cost_distance_glasses": 1.0,
        "cost_deviation": 1,
        "cost_distorsion": 1.0,
        "cost_thickness": 1.0,
        "cost_beam_compression": 1.0,
        "cost_non_linearity": 1.0,
        "cost_distance_total_intern_reflection": 1.0
    },
    "components with weights": {
        "cost_dispersion": 33.045658111572266,
        "cost_distance_glasses": 1006.5321084343976,
        "cost_deviation": 1.6171320676803589,
        "cost_distorsion": 22.929670333862305,
        "cost_thickness": 3792.4951171875,
        "cost_beam_compression": 2.167529582977295,
        "cost_non_linearity": 957.94921875,
        "cost_distance_total_intern_reflection": 13639.4072265625
    },
    "weighted components": {
        "cost_dispersion": 33.045658111572266,
        "cost_distance_glasses": 1006.5321084343976,
        "cost_deviation": 1.6171320676803589,
        "cost_distorsion": 22.929670333862305,
        "cost_thickness": 3792.4951171875,
        "cost_beam_compression": 2.167529582977295,
        "cost_non_linearity": 957.94921875,
        "cost_distance_total_intern_reflection": 13639.4072265625
    }
}{
    "components non weights": {
        "cost_dispersion": 1.0,
        "cost_distance_glasses": 1.0,
        "cost_deviation": 1,
        "cost_distorsion": 1.0,
        "cost_thickness": 1.0,
        "cost_beam_compression": 1.0,
        "cost_non_linearity": 1.0,
        "cost_distance_total_intern_reflection": 1.0
    },
    "components with weights": {
        "cost_dispersion": 33.045658111572266,
        "cost_distance_glasses": 1006.5321084343976,
        "cost_deviation": 1.6171320676803589,
        "cost_distorsion": 22.929670333862305,
        "cost_thickness": 3792.4951171875,
        "cost_beam_compression": 2.167529582977295,
        "cost_non_linearity": 957.94921875,
        "cost_distance_total_intern_reflection": 13639.4072265625
    },
    "weighted components": {
        "cost_dispersion": 33.045658111572266,
        "cost_distance_glasses": 1006.5321084343976,
        "cost_deviation": 1.6171320676803589,
        "cost_distorsion": 22.929670333862305,
        "cost_thickness": 3792.4951171875,
        "cost_beam_compression": 2.167529582977295,
        "cost_non_linearity": 957.94921875,
        "cost_distance_total_intern_reflection": 13639.4072265625
    }
}