{
    "components non weights": {
        "cost_dispersion": 1.0,
        "cost_distance_glasses": 1.0,
        "cost_deviation": 1,
        "cost_distorsion": 1.0,
        "cost_thickness": 1.0,
        "cost_beam_compression": 1.0,
        "cost_non_linearity": 1.0,
        "cost_distance_total_intern_reflection": 1.0
    },
    "components with weights": {
        "cost_dispersion": 31.787736892700195,
        "cost_distance_glasses": 930.5992338352881,
        "cost_deviation": 2.613482713699341,
        "cost_distorsion": 22.256549835205078,
        "cost_thickness": 3787.5283203125,
        "cost_beam_compression": 2.1651835441589355,
        "cost_non_linearity": 958.071533203125,
        "cost_distance_total_intern_reflection": 13625.2626953125
    },
    "weighted components": {
        "cost_dispersion": 31.787736892700195,
        "cost_distance_glasses": 930.5992338352881,
        "cost_deviation": 2.613482713699341,
        "cost_distorsion": 22.256549835205078,
        "cost_thickness": 3787.5283203125,
        "cost_beam_compression": 2.1651835441589355,
        "cost_non_linearity": 958.071533203125,
        "cost_distance_total_intern_reflection": 13625.2626953125
    }
}{
    "components non weights": {
        "cost_dispersion": 1.0,
        "cost_distance_glasses": 1.0,
        "cost_deviation": 1,
        "cost_distorsion": 1.0,
        "cost_thickness": 1.0,
        "cost_beam_compression": 1.0,
        "cost_non_linearity": 1.0,
        "cost_distance_total_intern_reflection": 1.0
    },
    "components with weights": {
        "cost_dispersion": 31.787736892700195,
        "cost_distance_glasses": 930.5992338352881,
        "cost_deviation": 2.613482713699341,
        "cost_distorsion": 22.256549835205078,
        "cost_thickness": 3787.5283203125,
        "cost_beam_compression": 2.1651835441589355,
        "cost_non_linearity": 958.071533203125,
        "cost_distance_total_intern_reflection": 13625.2626953125
    },
    "weighted components": {
        "cost_dispersion": 31.787736892700195,
        "cost_distance_glasses": 930.5992338352881,
        "cost_deviation": 2.613482713699341,
        "cost_distorsion": 22.256549835205078,
        "cost_thickness": 3787.5283203125,
        "cost_beam_compression": 2.1651835441589355,
        "cost_non_linearity": 958.071533203125,
        "cost_distance_total_intern_reflection": 13625.2626953125
    }
}