{
    "components non weights": {
        "cost_dispersion": 1.0,
        "cost_distance_glasses": 1.0,
        "cost_deviation": 1,
        "cost_distorsion": 1.0,
        "cost_thickness": 1.0,
        "cost_beam_compression": 1.0,
        "cost_non_linearity": 1.0,
        "cost_distance_total_intern_reflection": 1.0
    },
    "components with weights": {
        "cost_dispersion": 152.6229248046875,
        "cost_distance_glasses": 1498.4410482980325,
        "cost_deviation": 17.711769104003906,
        "cost_distorsion": 21.190902709960938,
        "cost_thickness": 4099.138671875,
        "cost_beam_compression": 2.351548194885254,
        "cost_non_linearity": 944.9462280273438,
        "cost_distance_total_intern_reflection": 14090.318359375
    },
    "weighted components": {
        "cost_dispersion": 152.6229248046875,
        "cost_distance_glasses": 1498.4410482980325,
        "cost_deviation": 17.711769104003906,
        "cost_distorsion": 21.190902709960938,
        "cost_thickness": 4099.138671875,
        "cost_beam_compression": 2.351548194885254,
        "cost_non_linearity": 944.9462280273438,
        "cost_distance_total_intern_reflection": 14090.318359375
    }
}{
    "components non weights": {
        "cost_dispersion": 1.0,
        "cost_distance_glasses": 1.0,
        "cost_deviation": 1,
        "cost_distorsion": 1.0,
        "cost_thickness": 1.0,
        "cost_beam_compression": 1.0,
        "cost_non_linearity": 1.0,
        "cost_distance_total_intern_reflection": 1.0
    },
    "components with weights": {
        "cost_dispersion": 152.6229248046875,
        "cost_distance_glasses": 1498.4410482980325,
        "cost_deviation": 17.711769104003906,
        "cost_distorsion": 21.190902709960938,
        "cost_thickness": 4099.138671875,
        "cost_beam_compression": 2.351548194885254,
        "cost_non_linearity": 944.9462280273438,
        "cost_distance_total_intern_reflection": 14090.318359375
    },
    "weighted components": {
        "cost_dispersion": 152.6229248046875,
        "cost_distance_glasses": 1498.4410482980325,
        "cost_deviation": 17.711769104003906,
        "cost_distorsion": 21.190902709960938,
        "cost_thickness": 4099.138671875,
        "cost_beam_compression": 2.351548194885254,
        "cost_non_linearity": 944.9462280273438,
        "cost_distance_total_intern_reflection": 14090.318359375
    }
}