{
    "components non weights": {
        "cost_dispersion": 1.0,
        "cost_distance_glasses": 1.0,
        "cost_deviation": 1,
        "cost_distorsion": 1.0,
        "cost_thickness": 1.0,
        "cost_beam_compression": 1.0,
        "cost_non_linearity": 1.0,
        "cost_distance_total_intern_reflection": 1.0
    },
    "components with weights": {
        "cost_dispersion": 33.367828369140625,
        "cost_distance_glasses": 881.9315661082527,
        "cost_deviation": 1.9569799900054932,
        "cost_distorsion": 22.83246421813965,
        "cost_thickness": 3778.991943359375,
        "cost_beam_compression": 2.159959077835083,
        "cost_non_linearity": 957.8168334960938,
        "cost_distance_total_intern_reflection": 13621.171875
    },
    "weighted components": {
        "cost_dispersion": 33.367828369140625,
        "cost_distance_glasses": 881.9315661082527,
        "cost_deviation": 1.9569799900054932,
        "cost_distorsion": 22.83246421813965,
        "cost_thickness": 3778.991943359375,
        "cost_beam_compression": 2.159959077835083,
        "cost_non_linearity": 957.8168334960938,
        "cost_distance_total_intern_reflection": 13621.171875
    }
}{
    "components non weights": {
        "cost_dispersion": 1.0,
        "cost_distance_glasses": 1.0,
        "cost_deviation": 1,
        "cost_distorsion": 1.0,
        "cost_thickness": 1.0,
        "cost_beam_compression": 1.0,
        "cost_non_linearity": 1.0,
        "cost_distance_total_intern_reflection": 1.0
    },
    "components with weights": {
        "cost_dispersion": 33.367828369140625,
        "cost_distance_glasses": 881.9315661082527,
        "cost_deviation": 1.9569799900054932,
        "cost_distorsion": 22.83246421813965,
        "cost_thickness": 3778.991943359375,
        "cost_beam_compression": 2.159959077835083,
        "cost_non_linearity": 957.8168334960938,
        "cost_distance_total_intern_reflection": 13621.171875
    },
    "weighted components": {
        "cost_dispersion": 33.367828369140625,
        "cost_distance_glasses": 881.9315661082527,
        "cost_deviation": 1.9569799900054932,
        "cost_distorsion": 22.83246421813965,
        "cost_thickness": 3778.991943359375,
        "cost_beam_compression": 2.159959077835083,
        "cost_non_linearity": 957.8168334960938,
        "cost_distance_total_intern_reflection": 13621.171875
    }
}