{
    "components non weights": {
        "cost_dispersion": 1.0,
        "cost_distance_glasses": 1.0,
        "cost_deviation": 1,
        "cost_distorsion": 1.0,
        "cost_thickness": 1.0,
        "cost_beam_compression": 1.0,
        "cost_non_linearity": 1.0,
        "cost_distance_total_intern_reflection": 1.0
    },
    "components with weights": {
        "cost_dispersion": 31.577486038208008,
        "cost_distance_glasses": 1017.3442348054743,
        "cost_deviation": 2.5674352645874023,
        "cost_distorsion": 22.365596771240234,
        "cost_thickness": 3790.80126953125,
        "cost_beam_compression": 2.1668357849121094,
        "cost_non_linearity": 958.1021728515625,
        "cost_distance_total_intern_reflection": 13627.4013671875
    },
    "weighted components": {
        "cost_dispersion": 31.577486038208008,
        "cost_distance_glasses": 1017.3442348054743,
        "cost_deviation": 2.5674352645874023,
        "cost_distorsion": 22.365596771240234,
        "cost_thickness": 3790.80126953125,
        "cost_beam_compression": 2.1668357849121094,
        "cost_non_linearity": 958.1021728515625,
        "cost_distance_total_intern_reflection": 13627.4013671875
    }
}{
    "components non weights": {
        "cost_dispersion": 1.0,
        "cost_distance_glasses": 1.0,
        "cost_deviation": 1,
        "cost_distorsion": 1.0,
        "cost_thickness": 1.0,
        "cost_beam_compression": 1.0,
        "cost_non_linearity": 1.0,
        "cost_distance_total_intern_reflection": 1.0
    },
    "components with weights": {
        "cost_dispersion": 31.577486038208008,
        "cost_distance_glasses": 1017.3442348054743,
        "cost_deviation": 2.5674352645874023,
        "cost_distorsion": 22.365596771240234,
        "cost_thickness": 3790.80126953125,
        "cost_beam_compression": 2.1668357849121094,
        "cost_non_linearity": 958.1021728515625,
        "cost_distance_total_intern_reflection": 13627.4013671875
    },
    "weighted components": {
        "cost_dispersion": 31.577486038208008,
        "cost_distance_glasses": 1017.3442348054743,
        "cost_deviation": 2.5674352645874023,
        "cost_distorsion": 22.365596771240234,
        "cost_thickness": 3790.80126953125,
        "cost_beam_compression": 2.1668357849121094,
        "cost_non_linearity": 958.1021728515625,
        "cost_distance_total_intern_reflection": 13627.4013671875
    }
}