{
    "components non weights": {
        "cost_dispersion": 1.0,
        "cost_distance_glasses": 1.0,
        "cost_deviation": 1,
        "cost_distorsion": 1.0,
        "cost_thickness": 1.0,
        "cost_beam_compression": 1.0,
        "cost_non_linearity": 1.0,
        "cost_distance_total_intern_reflection": 1.0
    },
    "components with weights": {
        "cost_dispersion": 38.21268081665039,
        "cost_distance_glasses": 800.1331533605832,
        "cost_deviation": 1.6080492734909058,
        "cost_distorsion": 22.171255111694336,
        "cost_thickness": 3750.912841796875,
        "cost_beam_compression": 2.142997980117798,
        "cost_non_linearity": 957.1276245117188,
        "cost_distance_total_intern_reflection": 13571.142578125
    },
    "weighted components": {
        "cost_dispersion": 38.21268081665039,
        "cost_distance_glasses": 800.1331533605832,
        "cost_deviation": 1.6080492734909058,
        "cost_distorsion": 22.171255111694336,
        "cost_thickness": 3750.912841796875,
        "cost_beam_compression": 2.142997980117798,
        "cost_non_linearity": 957.1276245117188,
        "cost_distance_total_intern_reflection": 13571.142578125
    }
}{
    "components non weights": {
        "cost_dispersion": 1.0,
        "cost_distance_glasses": 1.0,
        "cost_deviation": 1,
        "cost_distorsion": 1.0,
        "cost_thickness": 1.0,
        "cost_beam_compression": 1.0,
        "cost_non_linearity": 1.0,
        "cost_distance_total_intern_reflection": 1.0
    },
    "components with weights": {
        "cost_dispersion": 38.21268081665039,
        "cost_distance_glasses": 800.1331533605832,
        "cost_deviation": 1.6080492734909058,
        "cost_distorsion": 22.171255111694336,
        "cost_thickness": 3750.912841796875,
        "cost_beam_compression": 2.142997980117798,
        "cost_non_linearity": 957.1276245117188,
        "cost_distance_total_intern_reflection": 13571.142578125
    },
    "weighted components": {
        "cost_dispersion": 38.21268081665039,
        "cost_distance_glasses": 800.1331533605832,
        "cost_deviation": 1.6080492734909058,
        "cost_distorsion": 22.171255111694336,
        "cost_thickness": 3750.912841796875,
        "cost_beam_compression": 2.142997980117798,
        "cost_non_linearity": 957.1276245117188,
        "cost_distance_total_intern_reflection": 13571.142578125
    }
}