{
    "components non weights": {
        "cost_dispersion": 1.0,
        "cost_distance_glasses": 1.0,
        "cost_deviation": 1,
        "cost_distorsion": 1.0,
        "cost_thickness": 1.0,
        "cost_beam_compression": 1.0,
        "cost_non_linearity": 1.0,
        "cost_distance_total_intern_reflection": 1.0
    },
    "components with weights": {
        "cost_dispersion": 31.85453224182129,
        "cost_distance_glasses": 762.1363747931667,
        "cost_deviation": 6.680960655212402,
        "cost_distorsion": 21.47509002685547,
        "cost_thickness": 3735.100830078125,
        "cost_beam_compression": 2.134594440460205,
        "cost_non_linearity": 958.048583984375,
        "cost_distance_total_intern_reflection": 13559.1767578125
    },
    "weighted components": {
        "cost_dispersion": 31.85453224182129,
        "cost_distance_glasses": 762.1363747931667,
        "cost_deviation": 6.680960655212402,
        "cost_distorsion": 21.47509002685547,
        "cost_thickness": 3735.100830078125,
        "cost_beam_compression": 2.134594440460205,
        "cost_non_linearity": 958.048583984375,
        "cost_distance_total_intern_reflection": 13559.1767578125
    }
}{
    "components non weights": {
        "cost_dispersion": 1.0,
        "cost_distance_glasses": 1.0,
        "cost_deviation": 1,
        "cost_distorsion": 1.0,
        "cost_thickness": 1.0,
        "cost_beam_compression": 1.0,
        "cost_non_linearity": 1.0,
        "cost_distance_total_intern_reflection": 1.0
    },
    "components with weights": {
        "cost_dispersion": 31.85453224182129,
        "cost_distance_glasses": 762.1363747931667,
        "cost_deviation": 6.680960655212402,
        "cost_distorsion": 21.47509002685547,
        "cost_thickness": 3735.100830078125,
        "cost_beam_compression": 2.134594440460205,
        "cost_non_linearity": 958.048583984375,
        "cost_distance_total_intern_reflection": 13559.1767578125
    },
    "weighted components": {
        "cost_dispersion": 31.85453224182129,
        "cost_distance_glasses": 762.1363747931667,
        "cost_deviation": 6.680960655212402,
        "cost_distorsion": 21.47509002685547,
        "cost_thickness": 3735.100830078125,
        "cost_beam_compression": 2.134594440460205,
        "cost_non_linearity": 958.048583984375,
        "cost_distance_total_intern_reflection": 13559.1767578125
    }
}