{
    "components non weights": {
        "cost_dispersion": 1.0,
        "cost_distance_glasses": 1.0,
        "cost_deviation": 1,
        "cost_distorsion": 1.0,
        "cost_thickness": 1.0,
        "cost_beam_compression": 1.0,
        "cost_non_linearity": 1.0,
        "cost_distance_total_intern_reflection": 1.0
    },
    "components with weights": {
        "cost_dispersion": 150.18215942382812,
        "cost_distance_glasses": 1496.6390788373167,
        "cost_deviation": 19.699926376342773,
        "cost_distorsion": 21.168651580810547,
        "cost_thickness": 4098.70556640625,
        "cost_beam_compression": 2.351306676864624,
        "cost_non_linearity": 945.1861572265625,
        "cost_distance_total_intern_reflection": 14090.9462890625
    },
    "weighted components": {
        "cost_dispersion": 150.18215942382812,
        "cost_distance_glasses": 1496.6390788373167,
        "cost_deviation": 19.699926376342773,
        "cost_distorsion": 21.168651580810547,
        "cost_thickness": 4098.70556640625,
        "cost_beam_compression": 2.351306676864624,
        "cost_non_linearity": 945.1861572265625,
        "cost_distance_total_intern_reflection": 14090.9462890625
    }
}{
    "components non weights": {
        "cost_dispersion": 1.0,
        "cost_distance_glasses": 1.0,
        "cost_deviation": 1,
        "cost_distorsion": 1.0,
        "cost_thickness": 1.0,
        "cost_beam_compression": 1.0,
        "cost_non_linearity": 1.0,
        "cost_distance_total_intern_reflection": 1.0
    },
    "components with weights": {
        "cost_dispersion": 150.18215942382812,
        "cost_distance_glasses": 1496.6390788373167,
        "cost_deviation": 19.699926376342773,
        "cost_distorsion": 21.168651580810547,
        "cost_thickness": 4098.70556640625,
        "cost_beam_compression": 2.351306676864624,
        "cost_non_linearity": 945.1861572265625,
        "cost_distance_total_intern_reflection": 14090.9462890625
    },
    "weighted components": {
        "cost_dispersion": 150.18215942382812,
        "cost_distance_glasses": 1496.6390788373167,
        "cost_deviation": 19.699926376342773,
        "cost_distorsion": 21.168651580810547,
        "cost_thickness": 4098.70556640625,
        "cost_beam_compression": 2.351306676864624,
        "cost_non_linearity": 945.1861572265625,
        "cost_distance_total_intern_reflection": 14090.9462890625
    }
}