{
    "components non weights": {
        "cost_dispersion": 1.0,
        "cost_distance_glasses": 1.0,
        "cost_deviation": 1,
        "cost_distorsion": 1.0,
        "cost_thickness": 1.0,
        "cost_beam_compression": 1.0,
        "cost_non_linearity": 1.0,
        "cost_distance_total_intern_reflection": 1.0
    },
    "components with weights": {
        "cost_dispersion": 54.547386169433594,
        "cost_distance_glasses": 701.3655148523321,
        "cost_deviation": 0.47271066904067993,
        "cost_distorsion": 24.10448455810547,
        "cost_thickness": 3730.72802734375,
        "cost_beam_compression": 2.1298952102661133,
        "cost_non_linearity": 954.7177124023438,
        "cost_distance_total_intern_reflection": 13562.4765625
    },
    "weighted components": {
        "cost_dispersion": 54.547386169433594,
        "cost_distance_glasses": 701.3655148523321,
        "cost_deviation": 0.47271066904067993,
        "cost_distorsion": 24.10448455810547,
        "cost_thickness": 3730.72802734375,
        "cost_beam_compression": 2.1298952102661133,
        "cost_non_linearity": 954.7177124023438,
        "cost_distance_total_intern_reflection": 13562.4765625
    }
}{
    "components non weights": {
        "cost_dispersion": 1.0,
        "cost_distance_glasses": 1.0,
        "cost_deviation": 1,
        "cost_distorsion": 1.0,
        "cost_thickness": 1.0,
        "cost_beam_compression": 1.0,
        "cost_non_linearity": 1.0,
        "cost_distance_total_intern_reflection": 1.0
    },
    "components with weights": {
        "cost_dispersion": 54.547386169433594,
        "cost_distance_glasses": 701.3655148523321,
        "cost_deviation": 0.47271066904067993,
        "cost_distorsion": 24.10448455810547,
        "cost_thickness": 3730.72802734375,
        "cost_beam_compression": 2.1298952102661133,
        "cost_non_linearity": 954.7177124023438,
        "cost_distance_total_intern_reflection": 13562.4765625
    },
    "weighted components": {
        "cost_dispersion": 54.547386169433594,
        "cost_distance_glasses": 701.3655148523321,
        "cost_deviation": 0.47271066904067993,
        "cost_distorsion": 24.10448455810547,
        "cost_thickness": 3730.72802734375,
        "cost_beam_compression": 2.1298952102661133,
        "cost_non_linearity": 954.7177124023438,
        "cost_distance_total_intern_reflection": 13562.4765625
    }
}