{
    "components non weights": {
        "cost_dispersion": 1.0,
        "cost_distance_glasses": 1.0,
        "cost_deviation": 1,
        "cost_distorsion": 1.0,
        "cost_thickness": 1.0,
        "cost_beam_compression": 1.0,
        "cost_non_linearity": 1.0,
        "cost_distance_total_intern_reflection": 1.0
    },
    "components with weights": {
        "cost_dispersion": 36.482810974121094,
        "cost_distance_glasses": 762.5262653190755,
        "cost_deviation": 3.3565821647644043,
        "cost_distorsion": 22.01242446899414,
        "cost_thickness": 3733.586181640625,
        "cost_beam_compression": 2.133234739303589,
        "cost_non_linearity": 957.27099609375,
        "cost_distance_total_intern_reflection": 13545.337890625
    },
    "weighted components": {
        "cost_dispersion": 36.482810974121094,
        "cost_distance_glasses": 762.5262653190755,
        "cost_deviation": 3.3565821647644043,
        "cost_distorsion": 22.01242446899414,
        "cost_thickness": 3733.586181640625,
        "cost_beam_compression": 2.133234739303589,
        "cost_non_linearity": 957.27099609375,
        "cost_distance_total_intern_reflection": 13545.337890625
    }
}{
    "components non weights": {
        "cost_dispersion": 1.0,
        "cost_distance_glasses": 1.0,
        "cost_deviation": 1,
        "cost_distorsion": 1.0,
        "cost_thickness": 1.0,
        "cost_beam_compression": 1.0,
        "cost_non_linearity": 1.0,
        "cost_distance_total_intern_reflection": 1.0
    },
    "components with weights": {
        "cost_dispersion": 36.482810974121094,
        "cost_distance_glasses": 762.5262653190755,
        "cost_deviation": 3.3565821647644043,
        "cost_distorsion": 22.01242446899414,
        "cost_thickness": 3733.586181640625,
        "cost_beam_compression": 2.133234739303589,
        "cost_non_linearity": 957.27099609375,
        "cost_distance_total_intern_reflection": 13545.337890625
    },
    "weighted components": {
        "cost_dispersion": 36.482810974121094,
        "cost_distance_glasses": 762.5262653190755,
        "cost_deviation": 3.3565821647644043,
        "cost_distorsion": 22.01242446899414,
        "cost_thickness": 3733.586181640625,
        "cost_beam_compression": 2.133234739303589,
        "cost_non_linearity": 957.27099609375,
        "cost_distance_total_intern_reflection": 13545.337890625
    }
}