{
    "components non weights": {
        "cost_dispersion": 1.0,
        "cost_distance_glasses": 1.0,
        "cost_deviation": 1,
        "cost_distorsion": 1.0,
        "cost_thickness": 1.0,
        "cost_beam_compression": 1.0,
        "cost_non_linearity": 1.0,
        "cost_distance_total_intern_reflection": 1.0
    },
    "components with weights": {
        "cost_dispersion": 182.9791259765625,
        "cost_distance_glasses": 1711.5601821690316,
        "cost_deviation": 31.671253204345703,
        "cost_distorsion": 20.343353271484375,
        "cost_thickness": 4072.53564453125,
        "cost_beam_compression": 2.3347127437591553,
        "cost_non_linearity": 942.7208862304688,
        "cost_distance_total_intern_reflection": 14058.3330078125
    },
    "weighted components": {
        "cost_dispersion": 182.9791259765625,
        "cost_distance_glasses": 1711.5601821690316,
        "cost_deviation": 31.671253204345703,
        "cost_distorsion": 20.343353271484375,
        "cost_thickness": 4072.53564453125,
        "cost_beam_compression": 2.3347127437591553,
        "cost_non_linearity": 942.7208862304688,
        "cost_distance_total_intern_reflection": 14058.3330078125
    }
}{
    "components non weights": {
        "cost_dispersion": 1.0,
        "cost_distance_glasses": 1.0,
        "cost_deviation": 1,
        "cost_distorsion": 1.0,
        "cost_thickness": 1.0,
        "cost_beam_compression": 1.0,
        "cost_non_linearity": 1.0,
        "cost_distance_total_intern_reflection": 1.0
    },
    "components with weights": {
        "cost_dispersion": 182.9791259765625,
        "cost_distance_glasses": 1711.5601821690316,
        "cost_deviation": 31.671253204345703,
        "cost_distorsion": 20.343353271484375,
        "cost_thickness": 4072.53564453125,
        "cost_beam_compression": 2.3347127437591553,
        "cost_non_linearity": 942.7208862304688,
        "cost_distance_total_intern_reflection": 14058.3330078125
    },
    "weighted components": {
        "cost_dispersion": 182.9791259765625,
        "cost_distance_glasses": 1711.5601821690316,
        "cost_deviation": 31.671253204345703,
        "cost_distorsion": 20.343353271484375,
        "cost_thickness": 4072.53564453125,
        "cost_beam_compression": 2.3347127437591553,
        "cost_non_linearity": 942.7208862304688,
        "cost_distance_total_intern_reflection": 14058.3330078125
    }
}