{
    "components non weights": {
        "cost_dispersion": 1.0,
        "cost_distance_glasses": 1.0,
        "cost_deviation": 1,
        "cost_distorsion": 1.0,
        "cost_thickness": 1.0,
        "cost_beam_compression": 1.0,
        "cost_non_linearity": 1.0,
        "cost_distance_total_intern_reflection": 1.0
    },
    "components with weights": {
        "cost_dispersion": 36.32225036621094,
        "cost_distance_glasses": 751.619113447373,
        "cost_deviation": 3.455029010772705,
        "cost_distorsion": 22.14361572265625,
        "cost_thickness": 3733.591796875,
        "cost_beam_compression": 2.1332507133483887,
        "cost_non_linearity": 957.2869873046875,
        "cost_distance_total_intern_reflection": 13545.92578125
    },
    "weighted components": {
        "cost_dispersion": 36.32225036621094,
        "cost_distance_glasses": 751.619113447373,
        "cost_deviation": 3.455029010772705,
        "cost_distorsion": 22.14361572265625,
        "cost_thickness": 3733.591796875,
        "cost_beam_compression": 2.1332507133483887,
        "cost_non_linearity": 957.2869873046875,
        "cost_distance_total_intern_reflection": 13545.92578125
    }
}{
    "components non weights": {
        "cost_dispersion": 1.0,
        "cost_distance_glasses": 1.0,
        "cost_deviation": 1,
        "cost_distorsion": 1.0,
        "cost_thickness": 1.0,
        "cost_beam_compression": 1.0,
        "cost_non_linearity": 1.0,
        "cost_distance_total_intern_reflection": 1.0
    },
    "components with weights": {
        "cost_dispersion": 36.32225036621094,
        "cost_distance_glasses": 751.619113447373,
        "cost_deviation": 3.455029010772705,
        "cost_distorsion": 22.14361572265625,
        "cost_thickness": 3733.591796875,
        "cost_beam_compression": 2.1332507133483887,
        "cost_non_linearity": 957.2869873046875,
        "cost_distance_total_intern_reflection": 13545.92578125
    },
    "weighted components": {
        "cost_dispersion": 36.32225036621094,
        "cost_distance_glasses": 751.619113447373,
        "cost_deviation": 3.455029010772705,
        "cost_distorsion": 22.14361572265625,
        "cost_thickness": 3733.591796875,
        "cost_beam_compression": 2.1332507133483887,
        "cost_non_linearity": 957.2869873046875,
        "cost_distance_total_intern_reflection": 13545.92578125
    }
}